{"type":"FeatureCollection","features":[{"type":"Feature","properties":{"id":"110200000110265167","name":"Ajdovščina"},"geometry":{"type":"Polygon","coordinates":[[[14.0497,45.8374],[14.1028,45.849],[14.0999,45.8511],[14.1107,45.8621],[14.1147,45.8634],[14.1155,45.8649],[14.1223,45.8644],[14.1243,45.8679],[14.1294,45.8694],[14.1241,45.8785],[14.0853,45.8844],[14.0857,45.8858],[14.0791,45.8873],[14.0791,45.8898],[14.0767,45.89],[14.0732,45.8892],[14.071,45.8868],[14.065,45.8855],[14.0572,45.8894],[14.0515,45.8843],[14.0373,45.8956],[14.0325,45.8969],[14.036,45.9009],[14.0345,45.9032],[14.0161,45.9097],[13.9996,45.9115],[13.9987,45.9133],[14.0009,45.9154],[13.9998,45.9178],[13.9861,45.9239],[13.9871,45.9242],[13.9861,45.9257],[13.9834,45.9251],[13.9735,45.9301],[13.9669,45.9305],[13.9675,45.9355],[13.9664,45.9361],[13.9573,45.9313],[13.9551,45.9314],[13.9511,45.9371],[13.9479,45.9385],[13.9486,45.942],[13.9467,45.9407],[13.9359,45.9434],[13.9296,45.9491],[13.9254,45.9498],[13.9204,45.9553],[13.9194,45.9584],[13.9111,45.9643],[13.9119,45.9657],[13.9093,45.9683],[13.9097,45.9705],[13.904,45.971],[13.8984,45.9696],[13.8888,45.9745],[13.8796,45.976],[13.8757,45.9789],[13.8724,45.9795],[13.8692,45.9819],[13.8729,45.9867],[13.8691,45.9933],[13.8563,45.9984],[13.8552,46.0006],[13.8435,45.9975],[13.8643,45.9787],[13.8283,45.9704],[13.8008,45.9763],[13.8071,45.9526],[13.8046,45.9473],[13.7944,45.9337],[13.7713,45.9154],[13.7653,45.913],[13.754,45.9131],[13.7452,45.9055],[13.7385,45.9066],[13.7358,45.9061],[13.733,45.9036],[13.7378,45.9005],[13.7386,45.902],[13.7451,45.9029],[13.7525,45.9006],[13.7541,45.8956],[13.7567,45.8932],[13.7552,45.8909],[13.7564,45.89],[13.7561,45.8881],[13.7697,45.8859],[13.7768,45.8832],[13.7792,45.8835],[13.7829,45.88],[13.7918,45.8766],[13.793,45.8773],[13.7932,45.8759],[13.8003,45.8734],[13.8005,45.8715],[13.7959,45.8695],[13.7967,45.8666],[13.7999,45.8666],[13.8007,45.8627],[13.8054,45.8629],[13.8045,45.8613],[13.8069,45.8588],[13.8067,45.8562],[13.8104,45.856],[13.8096,45.854],[13.8151,45.8537],[13.8164,45.8519],[13.8205,45.8513],[13.8218,45.8499],[13.8285,45.8504],[13.8265,45.8471],[13.8274,45.8464],[13.8402,45.8474],[13.8414,45.8464],[13.8396,45.8443],[13.8418,45.8428],[13.8411,45.8408],[13.8443,45.8384],[13.8407,45.8371],[13.8402,45.8354],[13.8413,45.8342],[13.839,45.8338],[13.8445,45.8318],[13.8469,45.8282],[13.8501,45.8291],[13.8533,45.827],[13.8623,45.8249],[13.8668,45.8249],[13.8687,45.8261],[13.8718,45.824],[13.8734,45.8245],[13.874,45.8267],[13.8788,45.8261],[13.889,45.8297],[13.8921,45.8288],[13.8968,45.8346],[13.8946,45.836],[13.8966,45.8365],[13.8949,45.8395],[13.8934,45.8398],[13.8938,45.8409],[13.9031,45.8413],[13.9051,45.8427],[13.9046,45.8448],[13.9102,45.8456],[13.9113,45.8482],[13.921,45.8494],[13.9256,45.8533],[13.9303,45.8548],[13.9258,45.8574],[13.9243,45.8613],[13.9281,45.8601],[13.937,45.8646],[13.9407,45.863],[13.9486,45.8691],[13.9554,45.8671],[13.9575,45.8703],[13.957,45.8718],[13.9588,45.8716],[13.9607,45.8753],[13.9626,45.8759],[13.9635,45.8733],[13.9649,45.8736],[13.9671,45.8778],[13.9661,45.8792],[13.973,45.8812],[13.9737,45.8801],[13.9842,45.8806],[13.9913,45.8791],[13.9921,45.878],[13.9999,45.8782],[14.0122,45.8735],[14.0098,45.8714],[14.0229,45.8644],[14.0205,45.8615],[14.0249,45.8594],[14.0169,45.8586],[14.0153,45.8453],[14.0205,45.8461],[14.0199,45.8448],[14.023,45.845],[14.0238,45.8434],[14.0344,45.837],[14.0497,45.8374]]]}},{"type":"Feature","properties":{"id":"110200000110265241","name":"Beltinci"},"geometry":{"type":"Polygon","coordinates":[[[16.2586,46.5691],[16.2569,46.5733],[16.2547,46.5751],[16.256,46.5778],[16.2506,46.5804],[16.2558,46.5883],[16.2541,46.5897],[16.2671,46.6017],[16.2801,46.5949],[16.2834,46.5979],[16.2925,46.595],[16.2952,46.5992],[16.2934,46.5998],[16.2961,46.6037],[16.2953,46.6039],[16.3026,46.6144],[16.2704,46.6195],[16.2646,46.6238],[16.2654,46.6252],[16.2737,46.6242],[16.263,46.6303],[16.2811,46.6357],[16.2823,46.6404],[16.2911,46.6416],[16.2942,46.6473],[16.2887,46.6476],[16.2883,46.6498],[16.2852,46.6506],[16.2841,46.653],[16.279,46.6553],[16.2786,46.6586],[16.2749,46.6619],[16.2717,46.6527],[16.2665,46.6444],[16.2495,46.6502],[16.2482,46.6495],[16.2448,46.6518],[16.2374,46.6521],[16.2246,46.6446],[16.2205,46.6387],[16.2142,46.6437],[16.2112,46.6412],[16.2114,46.6393],[16.2134,46.6387],[16.2117,46.6352],[16.2061,46.6372],[16.2026,46.6334],[16.1987,46.6353],[16.1977,46.6344],[16.2025,46.6303],[16.2023,46.6283],[16.1977,46.6237],[16.1949,46.6263],[16.1844,46.6292],[16.1833,46.6263],[16.1845,46.6251],[16.1815,46.6152],[16.1795,46.6126],[16.1722,46.6126],[16.1656,46.6079],[16.1616,46.6065],[16.1542,46.5997],[16.1444,46.6016],[16.1482,46.5985],[16.158,46.5973],[16.1655,46.593],[16.1737,46.5916],[16.1791,46.5888],[16.1847,46.5876],[16.193,46.5839],[16.2009,46.5782],[16.2271,46.5601],[16.2382,46.5539],[16.2459,46.5555],[16.244,46.5574],[16.2571,46.5638],[16.2554,46.5667],[16.2575,46.5669],[16.2586,46.5691]]]}},{"type":"Feature","properties":{"id":"110200000110265324","name":"Bled"},"geometry":{"type":"Polygon","coordinates":[[[14.0938,46.3987],[14.0903,46.3981],[14.0958,46.3921],[14.0951,46.3879],[14.0913,46.3848],[14.0894,46.381],[14.081,46.3761],[14.0829,46.3745],[14.0817,46.3739],[14.0815,46.3711],[14.0744,46.3652],[14.0573,46.3595],[14.0565,46.3579],[14.0585,46.3555],[14.0577,46.3548],[14.0512,46.354],[14.0481,46.3588],[14.0426,46.3597],[14.0415,46.361],[14.039,46.3613],[14.0343,46.3589],[14.032,46.3611],[14.0247,46.3597],[14.0222,46.3609],[14.0208,46.3594],[14.0193,46.36],[14.0202,46.3619],[14.0145,46.3627],[14.0137,46.3614],[14.0107,46.3623],[14.0049,46.3615],[13.9983,46.3586],[13.9966,46.3594],[13.9933,46.3563],[13.9931,46.35],[13.9881,46.3498],[13.984,46.3476],[13.9989,46.3285],[14.0017,46.3294],[14.0029,46.3323],[14.0063,46.3339],[14.0156,46.33],[14.0169,46.3275],[14.0266,46.3233],[14.0255,46.3206],[14.028,46.3197],[14.0298,46.3161],[14.0313,46.3161],[14.0367,46.3097],[14.0553,46.3103],[14.0613,46.3062],[14.0628,46.3114],[14.0684,46.3118],[14.0714,46.3106],[14.0716,46.3139],[14.0788,46.3138],[14.0782,46.3151],[14.0821,46.3154],[14.081,46.3174],[14.0848,46.3183],[14.0843,46.3157],[14.087,46.3125],[14.0857,46.31],[14.0863,46.2997],[14.0913,46.2957],[14.0891,46.2938],[14.097,46.2913],[14.0983,46.2987],[14.1058,46.3052],[14.109,46.3036],[14.1112,46.3088],[14.1118,46.316],[14.1157,46.3181],[14.1223,46.3178],[14.1236,46.3195],[14.1278,46.3204],[14.1307,46.3233],[14.1303,46.3259],[14.1267,46.3285],[14.1305,46.3322],[14.1294,46.3358],[14.1364,46.3374],[14.1424,46.3367],[14.1466,46.342],[14.1518,46.3408],[14.1548,46.3427],[14.1552,46.3443],[14.152,46.3455],[14.1526,46.3493],[14.1512,46.351],[14.144,46.352],[14.1479,46.3554],[14.1424,46.3587],[14.1402,46.3648],[14.1341,46.3647],[14.1354,46.3689],[14.1316,46.3721],[14.1339,46.3772],[14.1286,46.379],[14.1254,46.3841],[14.1252,46.387],[14.1207,46.3862],[14.119,46.3897],[14.1173,46.3906],[14.1216,46.3942],[14.1244,46.4021],[14.1233,46.4042],[14.1174,46.4058],[14.1117,46.4032],[14.1091,46.4036],[14.1058,46.4014],[14.098,46.4005],[14.0938,46.3987]]]}},{"type":"Feature","properties":{"id":"110200000110265597","name":"Bohinj"},"geometry":{"type":"Polygon","coordinates":[[[14.109,46.3036],[14.1058,46.3052],[14.0983,46.2987],[14.097,46.2913],[14.0891,46.2938],[14.0913,46.2957],[14.0863,46.2997],[14.0857,46.31],[14.087,46.3125],[14.0843,46.3157],[14.0848,46.3183],[14.081,46.3174],[14.0821,46.3154],[14.0782,46.3151],[14.0788,46.3138],[14.0716,46.3139],[14.0714,46.3106],[14.0684,46.3118],[14.0628,46.3114],[14.0613,46.3062],[14.0553,46.3103],[14.0367,46.3097],[14.0313,46.3161],[14.0298,46.3161],[14.028,46.3197],[14.0255,46.3206],[14.0266,46.3233],[14.0169,46.3275],[14.0156,46.33],[14.0063,46.3339],[14.0029,46.3323],[14.0017,46.3294],[13.9989,46.3285],[13.984,46.3476],[13.9765,46.3492],[13.9733,46.3479],[13.9695,46.3488],[13.9554,46.347],[13.9501,46.3527],[13.9386,46.3595],[13.934,46.3612],[13.9304,46.3593],[13.9053,46.3666],[13.9027,46.3685],[13.8921,46.3631],[13.8678,46.3578],[13.8619,46.3611],[13.8433,46.3768],[13.8367,46.3783],[13.8363,46.376],[13.8267,46.3644],[13.817,46.3617],[13.8154,46.3591],[13.8073,46.3599],[13.8025,46.3555],[13.7943,46.3568],[13.7908,46.356],[13.787,46.3527],[13.785,46.3539],[13.7849,46.3524],[13.7786,46.3478],[13.77,46.3459],[13.7638,46.3423],[13.7538,46.3417],[13.7507,46.3377],[13.7447,46.3374],[13.7443,46.3343],[13.7406,46.3327],[13.7421,46.3218],[13.7436,46.3217],[13.7462,46.316],[13.7456,46.3117],[13.7392,46.3066],[13.7324,46.3039],[13.7308,46.3008],[13.7256,46.299],[13.7249,46.2966],[13.7327,46.2924],[13.7316,46.291],[13.7323,46.2892],[13.7307,46.289],[13.7301,46.2866],[13.7314,46.2839],[13.735,46.2816],[13.7355,46.2782],[13.7371,46.2762],[13.7399,46.2773],[13.7448,46.2749],[13.7485,46.2715],[13.7491,46.2688],[13.7544,46.2618],[13.7572,46.2605],[13.7688,46.2613],[13.7743,46.2589],[13.7762,46.2559],[13.7809,46.2542],[13.7823,46.2518],[13.8029,46.2445],[13.8076,46.2401],[13.8125,46.2383],[13.834,46.2386],[13.84,46.2357],[13.8437,46.2355],[13.8455,46.2329],[13.8531,46.2331],[13.8529,46.2314],[13.8597,46.2281],[13.8625,46.2295],[13.8652,46.2277],[13.8756,46.2259],[13.8854,46.2291],[13.8912,46.226],[13.8944,46.2257],[13.903,46.2304],[13.9085,46.2304],[13.9124,46.2289],[13.9165,46.2307],[13.9206,46.2297],[13.9362,46.2318],[13.9471,46.2316],[13.9538,46.2366],[13.9573,46.2372],[13.9656,46.2333],[13.9726,46.2348],[13.9792,46.2383],[13.9821,46.2371],[13.9932,46.2369],[13.9999,46.2387],[13.9957,46.2427],[14.0067,46.2442],[14.0108,46.2471],[14.0276,46.2493],[14.0298,46.252],[14.049,46.2472],[14.0567,46.2428],[14.0616,46.2434],[14.0702,46.2395],[14.0754,46.2402],[14.0801,46.2368],[14.0926,46.2376],[14.0954,46.2418],[14.092,46.2496],[14.0952,46.2582],[14.0947,46.2667],[14.0973,46.2691],[14.0984,46.2723],[14.0961,46.2759],[14.097,46.2782],[14.1012,46.2807],[14.1071,46.2812],[14.1081,46.283],[14.1149,46.281],[14.1298,46.2811],[14.1391,46.2762],[14.1499,46.2746],[14.1571,46.276],[14.1621,46.2796],[14.1638,46.2791],[14.1763,46.2817],[14.1754,46.2848],[14.1777,46.2876],[14.1782,46.2919],[14.1814,46.2961],[14.1695,46.3059],[14.1658,46.3031],[14.1663,46.3013],[14.1684,46.3004],[14.167,46.2989],[14.138,46.297],[14.1239,46.2987],[14.1244,46.3004],[14.1151,46.3034],[14.1115,46.3024],[14.109,46.3036]]]}},{"type":"Feature","properties":{"id":"110200000110265670","name":"Borovnica"},"geometry":{"type":"Polygon","coordinates":[[[14.4183,45.8718],[14.4153,45.8768],[14.4099,45.8785],[14.4114,45.8813],[14.4104,45.8903],[14.4085,45.8926],[14.4046,45.8935],[14.4059,45.8956],[14.4108,45.8979],[14.4151,45.8977],[14.4184,45.8997],[14.4181,45.9021],[14.4139,45.9067],[14.4195,45.9088],[14.4205,45.9296],[14.4177,45.9264],[14.4149,45.9284],[14.4079,45.9299],[14.4051,45.927],[14.3979,45.9296],[14.3943,45.9322],[14.3914,45.9317],[14.3807,45.9415],[14.3729,45.9457],[14.3711,45.9512],[14.3689,45.9498],[14.3637,45.9578],[14.369,45.9612],[14.3665,45.9631],[14.3687,45.9641],[14.3678,45.9654],[14.3545,45.9652],[14.3437,45.9621],[14.3441,45.9596],[14.3426,45.956],[14.3394,45.9542],[14.3422,45.9524],[14.339,45.9519],[14.3384,45.9501],[14.3402,45.9489],[14.3383,45.9491],[14.3335,45.9449],[14.339,45.9359],[14.3354,45.9341],[14.3374,45.9289],[14.3435,45.9225],[14.3442,45.9166],[14.347,45.9125],[14.3468,45.9107],[14.3503,45.9079],[14.3495,45.9067],[14.3504,45.9051],[14.3548,45.9034],[14.3541,45.902],[14.3566,45.9012],[14.3638,45.9025],[14.3615,45.8949],[14.3577,45.894],[14.3664,45.8809],[14.3698,45.8802],[14.3726,45.8773],[14.378,45.8743],[14.3795,45.8705],[14.3829,45.8695],[14.3858,45.8659],[14.3909,45.8657],[14.3923,45.8623],[14.3917,45.8593],[14.3995,45.8573],[14.4089,45.8727],[14.4183,45.8718]]]}},{"type":"Feature","properties":{"id":"110200000110265753","name":"Bovec"},"geometry":{"type":"Polygon","coordinates":[[[13.8367,46.3783],[13.8356,46.3815],[13.8318,46.3827],[13.8271,46.3809],[13.8238,46.3813],[13.8145,46.3884],[13.814,46.3899],[13.8154,46.3905],[13.8163,46.3943],[13.8126,46.3981],[13.8135,46.4004],[13.8112,46.4046],[13.8138,46.4076],[13.8118,46.4099],[13.8069,46.4108],[13.8009,46.41],[13.799,46.4136],[13.7923,46.414],[13.7928,46.4163],[13.7785,46.4229],[13.7722,46.4223],[13.7697,46.4247],[13.7617,46.4236],[13.7541,46.4256],[13.7503,46.4275],[13.7466,46.4341],[13.7406,46.4361],[13.739,46.4391],[13.7266,46.436],[13.7168,46.4292],[13.7145,46.4296],[13.7055,46.4259],[13.6973,46.4256],[13.6931,46.4233],[13.6879,46.4229],[13.6812,46.4196],[13.6763,46.4245],[13.6787,46.4254],[13.6812,46.4285],[13.68,46.4301],[13.6804,46.4319],[13.684,46.4343],[13.684,46.4375],[13.6764,46.4404],[13.6715,46.4396],[13.6651,46.4408],[13.6546,46.4395],[13.6535,46.4413],[13.6541,46.4437],[13.649,46.4467],[13.6419,46.444],[13.6369,46.4438],[13.6347,46.442],[13.6219,46.4427],[13.6163,46.4393],[13.6106,46.4417],[13.6071,46.4394],[13.6049,46.4401],[13.6003,46.4382],[13.5977,46.4394],[13.5916,46.4364],[13.5881,46.4317],[13.5849,46.4306],[13.5824,46.4311],[13.5822,46.429],[13.5794,46.4268],[13.5767,46.4142],[13.5779,46.4087],[13.5748,46.4085],[13.5733,46.4048],[13.5655,46.398],[13.5594,46.3986],[13.5536,46.3931],[13.5415,46.3915],[13.5387,46.3861],[13.5335,46.3854],[13.5275,46.3881],[13.5169,46.383],[13.518,46.3777],[13.5169,46.3768],[13.5089,46.3768],[13.4981,46.3708],[13.4889,46.3697],[13.4862,46.3705],[13.4817,46.3686],[13.476,46.3634],[13.4697,46.361],[13.4522,46.3631],[13.4387,46.36],[13.437,46.3543],[13.4424,46.3486],[13.4414,46.3465],[13.4442,46.3443],[13.4445,46.3402],[13.4494,46.3348],[13.4483,46.3311],[13.4439,46.3303],[13.4385,46.3221],[13.4255,46.3225],[13.4182,46.3182],[13.4154,46.3147],[13.4164,46.3126],[13.4157,46.3097],[13.4183,46.3058],[13.4065,46.3057],[13.4029,46.3001],[13.3994,46.2961],[13.4121,46.2925],[13.411,46.2889],[13.4138,46.2875],[13.4306,46.2854],[13.4519,46.2787],[13.4594,46.2784],[13.4707,46.2747],[13.4704,46.2737],[13.4785,46.2741],[13.4894,46.2725],[13.4913,46.2739],[13.5026,46.2698],[13.5193,46.2662],[13.5292,46.275],[13.5304,46.2799],[13.5298,46.2867],[13.5239,46.2868],[13.5221,46.2855],[13.5225,46.2831],[13.52,46.2848],[13.5207,46.2879],[13.5192,46.2898],[13.5209,46.2928],[13.5329,46.3013],[13.5353,46.3018],[13.5387,46.3004],[13.5428,46.302],[13.5564,46.2982],[13.561,46.2996],[13.571,46.295],[13.5924,46.2894],[13.6053,46.2917],[13.6174,46.2958],[13.6227,46.3008],[13.6406,46.2957],[13.6511,46.2882],[13.6629,46.2847],[13.6975,46.2968],[13.7109,46.2942],[13.7249,46.2966],[13.7256,46.299],[13.7308,46.3008],[13.7324,46.3039],[13.7392,46.3066],[13.7456,46.3117],[13.7462,46.316],[13.7436,46.3217],[13.7421,46.3218],[13.7406,46.3327],[13.7443,46.3343],[13.7447,46.3374],[13.7507,46.3377],[13.7538,46.3417],[13.7638,46.3423],[13.77,46.3459],[13.7786,46.3478],[13.7849,46.3524],[13.785,46.3539],[13.787,46.3527],[13.7908,46.356],[13.7943,46.3568],[13.8025,46.3555],[13.8073,46.3599],[13.8154,46.3591],[13.817,46.3617],[13.8267,46.3644],[13.8363,46.376],[13.8367,46.3783]]]}},{"type":"Feature","properties":{"id":"110200000110265837","name":"Brda"},"geometry":{"type":"Polygon","coordinates":[[[13.5303,46.0672],[13.5295,46.0664],[13.5254,46.0675],[13.516,46.0623],[13.5091,46.0627],[13.5068,46.0604],[13.5027,46.0625],[13.4996,46.0592],[13.4963,46.0583],[13.4979,46.0516],[13.4963,46.0483],[13.5085,46.0459],[13.5081,46.0433],[13.5101,46.0421],[13.5086,46.0349],[13.5048,46.0305],[13.5043,46.0268],[13.4993,46.0215],[13.4969,46.0165],[13.4944,46.0146],[13.489,46.0149],[13.4796,46.0115],[13.481,46.0096],[13.4762,46.0061],[13.4798,46.0026],[13.4859,45.9996],[13.4884,45.9941],[13.4941,45.9889],[13.4963,45.9852],[13.5018,45.9804],[13.5137,45.9799],[13.5177,45.9749],[13.5214,45.973],[13.5264,45.9727],[13.5283,45.9669],[13.5418,45.9648],[13.5457,45.9657],[13.5471,45.969],[13.5495,45.9704],[13.5685,45.9687],[13.571,45.9727],[13.5757,45.9766],[13.5776,45.9832],[13.5856,45.9867],[13.5846,45.9884],[13.5889,45.9887],[13.5908,45.9901],[13.6033,45.9875],[13.6085,45.9843],[13.6153,45.9854],[13.6151,45.9843],[13.6184,45.9832],[13.6208,45.9846],[13.6169,45.9872],[13.6321,45.9924],[13.6281,45.9942],[13.6202,46.003],[13.6089,46.0088],[13.6016,46.0161],[13.5994,46.0208],[13.5947,46.0222],[13.5935,46.0191],[13.5893,46.019],[13.5899,46.0215],[13.5876,46.0217],[13.5884,46.0246],[13.5865,46.0255],[13.584,46.0243],[13.5802,46.0261],[13.5824,46.0273],[13.5794,46.0323],[13.5665,46.0362],[13.567,46.0385],[13.5642,46.0459],[13.5679,46.0476],[13.567,46.0489],[13.5685,46.0492],[13.5622,46.058],[13.55,46.0599],[13.5454,46.0622],[13.5423,46.0618],[13.5303,46.0672]]]}},{"type":"Feature","properties":{"id":"110200000110265910","name":"Brezovica"},"geometry":{"type":"Polygon","coordinates":[[[14.3678,45.9654],[14.3687,45.9641],[14.3665,45.9631],[14.369,45.9612],[14.3637,45.9578],[14.3689,45.9498],[14.3711,45.9512],[14.3729,45.9457],[14.3807,45.9415],[14.3914,45.9317],[14.3943,45.9322],[14.3979,45.9296],[14.4051,45.927],[14.4079,45.9299],[14.4149,45.9284],[14.4177,45.9264],[14.4205,45.9296],[14.4195,45.9088],[14.4139,45.9067],[14.4181,45.9021],[14.4184,45.8997],[14.4151,45.8977],[14.4108,45.8979],[14.4059,45.8956],[14.4046,45.8935],[14.4085,45.8926],[14.4104,45.8903],[14.4114,45.8813],[14.4099,45.8785],[14.4153,45.8768],[14.4183,45.8718],[14.4313,45.8594],[14.4367,45.8594],[14.4455,45.862],[14.4479,45.8649],[14.4476,45.866],[14.4508,45.8671],[14.4579,45.8727],[14.4599,45.8715],[14.4631,45.8722],[14.4672,45.8688],[14.4686,45.8716],[14.4735,45.8716],[14.4789,45.8749],[14.481,45.8781],[14.4863,45.8789],[14.4877,45.8813],[14.4907,45.8822],[14.4842,45.8846],[14.473,45.8915],[14.4666,45.9011],[14.4674,45.9156],[14.4623,45.9244],[14.4622,45.9346],[14.4592,45.9376],[14.4614,45.9385],[14.4646,45.9431],[14.465,45.9445],[14.4624,45.9452],[14.4646,45.9466],[14.4626,45.9512],[14.4546,45.9608],[14.4463,45.9742],[14.4446,45.9762],[14.4418,45.974],[14.4349,45.9759],[14.4288,45.9822],[14.4309,45.9868],[14.4465,45.9937],[14.4425,45.9947],[14.4454,45.9961],[14.4536,45.9972],[14.4569,45.9986],[14.4564,45.9993],[14.462,46.0008],[14.4649,46.0064],[14.4629,46.0086],[14.4583,46.0104],[14.4515,46.0107],[14.4451,46.0123],[14.4457,46.0133],[14.438,46.0133],[14.4381,46.0174],[14.4333,46.0207],[14.4304,46.0262],[14.4315,46.0266],[14.4308,46.0277],[14.4285,46.03],[14.4254,46.0292],[14.424,46.0335],[14.4186,46.032],[14.4149,46.0355],[14.4102,46.0368],[14.4052,46.036],[14.3954,46.032],[14.3868,46.0309],[14.3865,46.0287],[14.3882,46.0291],[14.3942,46.0253],[14.4006,46.024],[14.4012,46.0181],[14.4002,46.0155],[14.4079,46.0093],[14.408,46.0073],[14.3859,46.008],[14.3818,46.0057],[14.3797,46.0065],[14.38,46.0055],[14.3761,46.0053],[14.3736,46.0016],[14.3691,45.9993],[14.3709,45.9977],[14.3702,45.9951],[14.3833,45.9738],[14.3726,45.9699],[14.3725,45.9686],[14.3704,45.9676],[14.3714,45.9655],[14.3678,45.9654]]]}},{"type":"Feature","properties":{"id":"110200000110266058","name":"Brežice"},"geometry":{"type":"Polygon","coordinates":[[[15.6515,46.0306],[15.646,46.0297],[15.6361,46.0246],[15.6329,46.0213],[15.6284,46.0202],[15.6246,46.0153],[15.6143,46.013],[15.6084,46.0095],[15.6037,46.0045],[15.5987,46.0025],[15.5927,46.0026],[15.5899,46.0004],[15.5796,45.9983],[15.5782,45.9962],[15.5708,45.9982],[15.5741,46.0029],[15.5786,46.0059],[15.5816,46.0041],[15.5833,46.0057],[15.5808,46.0068],[15.5851,46.0074],[15.5841,46.0085],[15.5911,46.0155],[15.5879,46.0163],[15.595,46.0242],[15.594,46.025],[15.595,46.0263],[15.5922,46.026],[15.5904,46.0274],[15.5882,46.0255],[15.5871,46.0262],[15.5853,46.025],[15.5767,46.0242],[15.5709,46.0263],[15.5644,46.0218],[15.5608,46.0213],[15.5585,46.0218],[15.561,46.0227],[15.557,46.0231],[15.55,46.0197],[15.5461,46.0201],[15.5459,46.0181],[15.5425,46.0174],[15.5443,46.0155],[15.5477,46.0153],[15.5485,46.0089],[15.5528,46.0089],[15.5527,46.0075],[15.5502,46.0058],[15.5465,46.0053],[15.5482,46.0034],[15.5463,46.0024],[15.5471,46.0004],[15.553,46.0023],[15.5619,46.0008],[15.5655,46.0013],[15.5705,45.9983],[15.5608,45.994],[15.5535,45.9823],[15.5594,45.9776],[15.5613,45.9729],[15.5598,45.9696],[15.5599,45.9648],[15.5572,45.9645],[15.5556,45.9615],[15.558,45.9477],[15.562,45.9472],[15.56,45.9431],[15.5614,45.9409],[15.5577,45.9376],[15.5594,45.9356],[15.5596,45.9332],[15.5536,45.9252],[15.5541,45.9242],[15.5496,45.9259],[15.5427,45.9252],[15.5366,45.9267],[15.5406,45.9227],[15.544,45.9213],[15.5431,45.918],[15.541,45.9162],[15.5431,45.9076],[15.5328,45.9108],[15.5295,45.9072],[15.5249,45.9094],[15.5198,45.9074],[15.5204,45.9058],[15.513,45.9039],[15.512,45.9053],[15.5084,45.9051],[15.505,45.9099],[15.5008,45.9084],[15.5024,45.9061],[15.5004,45.9052],[15.4974,45.9068],[15.4952,45.9057],[15.495,45.896],[15.4925,45.8961],[15.4922,45.8942],[15.4948,45.8942],[15.4919,45.8899],[15.4927,45.8869],[15.4909,45.8838],[15.4926,45.8803],[15.4914,45.8772],[15.4956,45.8747],[15.501,45.8689],[15.5038,45.8619],[15.5053,45.8609],[15.5042,45.8601],[15.5069,45.8566],[15.5063,45.8558],[15.5172,45.8539],[15.5239,45.8515],[15.5251,45.8498],[15.5299,45.849],[15.5338,45.8454],[15.5348,45.8452],[15.5349,45.8466],[15.5379,45.8422],[15.5386,45.8476],[15.5431,45.8462],[15.5495,45.8463],[15.551,45.8455],[15.5523,45.8401],[15.5578,45.8369],[15.5594,45.8343],[15.5622,45.8382],[15.5629,45.8439],[15.5703,45.8492],[15.5716,45.8537],[15.5725,45.8536],[15.5822,45.8475],[15.5916,45.8467],[15.5939,45.8449],[15.6089,45.8406],[15.6098,45.8391],[15.614,45.8374],[15.6128,45.8351],[15.6166,45.8357],[15.6179,45.8341],[15.6261,45.8316],[15.6291,45.8329],[15.6338,45.8299],[15.633,45.8288],[15.6343,45.825],[15.6374,45.8245],[15.6418,45.8204],[15.6475,45.8251],[15.6507,45.8309],[15.6615,45.8374],[15.6652,45.8413],[15.6737,45.8406],[15.6782,45.8414],[15.6802,45.843],[15.6848,45.8432],[15.69,45.8422],[15.6949,45.8443],[15.6942,45.8477],[15.6963,45.8494],[15.6991,45.8489],[15.7002,45.8463],[15.7036,45.8449],[15.7094,45.8466],[15.7064,45.8504],[15.6943,45.86],[15.685,45.8626],[15.6779,45.8686],[15.6828,45.8705],[15.6802,45.8715],[15.683,45.8737],[15.6801,45.8752],[15.6797,45.8775],[15.6817,45.8763],[15.6817,45.8778],[15.6838,45.877],[15.6846,45.8778],[15.6821,45.8793],[15.6812,45.8826],[15.6837,45.8811],[15.6867,45.8817],[15.686,45.88],[15.6876,45.8809],[15.6892,45.88],[15.6899,45.8808],[15.6885,45.8835],[15.6904,45.8831],[15.692,45.8852],[15.6881,45.8849],[15.6871,45.8876],[15.6862,45.887],[15.6872,45.8857],[15.686,45.8856],[15.6837,45.8873],[15.6838,45.8887],[15.6803,45.8904],[15.6807,45.8914],[15.6839,45.89],[15.6841,45.8921],[15.6824,45.893],[15.6831,45.8965],[15.6808,45.8963],[15.6822,45.9014],[15.6802,45.9012],[15.6795,45.9045],[15.6912,45.9109],[15.6923,45.9121],[15.6903,45.9134],[15.693,45.913],[15.6944,45.9147],[15.7006,45.9158],[15.7008,45.917],[15.699,45.9174],[15.6996,45.9195],[15.7026,45.9211],[15.7056,45.9197],[15.7077,45.9231],[15.706,45.924],[15.7073,45.9256],[15.7033,45.927],[15.7067,45.927],[15.7061,45.9284],[15.7075,45.9292],[15.706,45.9289],[15.705,45.9305],[15.7075,45.9317],[15.709,45.9309],[15.7088,45.9324],[15.7101,45.9329],[15.7075,45.9336],[15.708,45.9354],[15.7096,45.9352],[15.7083,45.9359],[15.7092,45.9367],[15.7078,45.9388],[15.7096,45.9393],[15.7104,45.9381],[15.7119,45.9394],[15.7115,45.941],[15.709,45.9418],[15.7099,45.9423],[15.7084,45.9433],[15.7095,45.9448],[15.7082,45.9471],[15.7094,45.9478],[15.7079,45.9485],[15.7104,45.9497],[15.7093,45.9514],[15.71,45.962],[15.7077,45.9682],[15.7066,45.9758],[15.7042,45.9791],[15.706,45.9802],[15.7044,45.9803],[15.704,45.9823],[15.7054,45.9852],[15.7036,45.9843],[15.7026,45.9856],[15.7043,45.9875],[15.7012,45.9877],[15.7006,45.989],[15.707,45.9895],[15.7064,45.991],[15.704,45.9907],[15.6996,45.995],[15.7024,45.9958],[15.7034,45.9944],[15.7061,45.9939],[15.7039,45.9962],[15.7001,45.9965],[15.7023,45.9979],[15.7004,45.9994],[15.7031,46.0009],[15.7054,45.999],[15.7048,46.0005],[15.7065,45.9998],[15.7059,46.0017],[15.708,46.0036],[15.7123,46.0042],[15.7132,46.0073],[15.7115,46.0093],[15.7155,46.0094],[15.7142,46.0109],[15.7101,46.0119],[15.7123,46.013],[15.7118,46.0145],[15.7091,46.0132],[15.7063,46.0137],[15.7058,46.0148],[15.7079,46.0171],[15.7133,46.0172],[15.7112,46.0177],[15.7114,46.0188],[15.7123,46.0195],[15.7143,46.0185],[15.7159,46.0202],[15.7133,46.0199],[15.7149,46.0214],[15.7126,46.0231],[15.7151,46.0272],[15.7202,46.0277],[15.7187,46.0293],[15.7169,46.0286],[15.7167,46.0319],[15.7181,46.0328],[15.7161,46.0353],[15.7186,46.0379],[15.7195,46.0371],[15.7237,46.0386],[15.7226,46.039],[15.7244,46.0423],[15.7294,46.0412],[15.7302,46.0398],[15.731,46.0435],[15.7325,46.0443],[15.729,46.0459],[15.7299,46.0471],[15.7272,46.0484],[15.7231,46.0482],[15.7248,46.0501],[15.7233,46.0503],[15.7238,46.0522],[15.7199,46.0549],[15.7217,46.0518],[15.7189,46.0527],[15.7151,46.049],[15.7103,46.0492],[15.7129,46.05],[15.7093,46.0514],[15.702,46.0514],[15.6898,46.0439],[15.6889,46.0452],[15.6865,46.0445],[15.6777,46.0476],[15.6666,46.0464],[15.664,46.045],[15.6647,46.0437],[15.6587,46.0379],[15.6582,46.0349],[15.6563,46.0335],[15.6579,46.0308],[15.6515,46.0306]]]}},{"type":"Feature","properties":{"id":"110200000110266132","name":"Tišina"},"geometry":{"type":"Polygon","coordinates":[[[16.0381,46.6561],[16.0361,46.6503],[16.042,46.6475],[16.0451,46.6476],[16.0457,46.6456],[16.0773,46.6305],[16.1005,46.6152],[16.1067,46.6229],[16.108,46.6264],[16.1259,46.6429],[16.128,46.6479],[16.1278,46.6494],[16.1208,46.6522],[16.1141,46.6494],[16.1132,46.6533],[16.1092,46.6558],[16.1066,46.6557],[16.1056,46.6572],[16.1045,46.6633],[16.1063,46.6648],[16.1032,46.669],[16.1038,46.6708],[16.0985,46.6723],[16.0981,46.6765],[16.1025,46.6768],[16.1028,46.6783],[16.1051,46.6789],[16.1045,46.684],[16.1073,46.6888],[16.1013,46.691],[16.0933,46.6907],[16.0858,46.6983],[16.0813,46.7008],[16.08,46.6997],[16.0737,46.7004],[16.0731,46.6989],[16.06,46.7009],[16.0501,46.6913],[16.044,46.6931],[16.0436,46.6913],[16.0395,46.6909],[16.0425,46.6857],[16.0395,46.6762],[16.039,46.672],[16.0408,46.6685],[16.0401,46.6615],[16.0381,46.6561]]]}},{"type":"Feature","properties":{"id":"110200000110266215","name":"Celje"},"geometry":{"type":"Polygon","coordinates":[[[15.3331,46.2289],[15.3302,46.2353],[15.3331,46.2388],[15.3304,46.2417],[15.351,46.2497],[15.353,46.2531],[15.352,46.2557],[15.3535,46.2569],[15.351,46.2584],[15.3523,46.261],[15.3492,46.2646],[15.3461,46.2639],[15.347,46.2654],[15.3443,46.2665],[15.3407,46.266],[15.3403,46.2681],[15.3357,46.2678],[15.3331,46.2704],[15.3284,46.2708],[15.3182,46.2781],[15.3148,46.2748],[15.3155,46.2727],[15.3113,46.2761],[15.3092,46.2748],[15.3089,46.2721],[15.3078,46.2727],[15.3061,46.2714],[15.3062,46.2729],[15.3031,46.2731],[15.3015,46.2728],[15.3008,46.2711],[15.2995,46.2718],[15.2989,46.2756],[15.2893,46.2764],[15.2862,46.2783],[15.2842,46.277],[15.2807,46.2773],[15.2816,46.2798],[15.2791,46.2801],[15.2775,46.282],[15.279,46.283],[15.2786,46.2845],[15.2845,46.2877],[15.2752,46.2914],[15.2758,46.2925],[15.2746,46.293],[15.2718,46.2933],[15.2744,46.3002],[15.2694,46.3043],[15.2677,46.3076],[15.2616,46.3102],[15.26,46.3094],[15.2561,46.3111],[15.2523,46.3108],[15.2513,46.3127],[15.2411,46.3148],[15.2375,46.3163],[15.2359,46.3194],[15.2308,46.321],[15.2223,46.3155],[15.2231,46.3139],[15.2221,46.3113],[15.2241,46.3101],[15.2246,46.3074],[15.2193,46.3043],[15.2213,46.3031],[15.2222,46.3005],[15.2209,46.3005],[15.222,46.2996],[15.2184,46.3],[15.2175,46.2987],[15.2153,46.2916],[15.2166,46.2871],[15.2149,46.2867],[15.2176,46.2857],[15.2192,46.2828],[15.2209,46.2834],[15.2252,46.2786],[15.22,46.2789],[15.2119,46.2739],[15.2136,46.2717],[15.211,46.2682],[15.2117,46.2655],[15.2108,46.265],[15.2122,46.2629],[15.2151,46.2634],[15.2179,46.2607],[15.2118,46.2617],[15.2104,46.2605],[15.2128,46.2576],[15.2155,46.2566],[15.2155,46.2469],[15.2212,46.2435],[15.2209,46.242],[15.2227,46.2406],[15.2223,46.2391],[15.2203,46.2396],[15.2202,46.2381],[15.218,46.2381],[15.2177,46.234],[15.2199,46.2326],[15.2139,46.2258],[15.2141,46.2236],[15.2123,46.2223],[15.2114,46.2179],[15.2119,46.2127],[15.2131,46.2112],[15.2136,46.2064],[15.2123,46.2035],[15.2133,46.2004],[15.2108,46.1977],[15.2142,46.1971],[15.2094,46.1911],[15.2154,46.1933],[15.221,46.1933],[15.22,46.1913],[15.2221,46.1889],[15.2277,46.1914],[15.2276,46.1891],[15.2303,46.1902],[15.2317,46.1916],[15.2302,46.1934],[15.231,46.1944],[15.2377,46.1953],[15.2404,46.1981],[15.2438,46.1982],[15.2479,46.2009],[15.2518,46.1995],[15.2539,46.1919],[15.2668,46.1909],[15.2795,46.1919],[15.2871,46.1907],[15.2917,46.1886],[15.2941,46.1894],[15.2984,46.1895],[15.3062,46.192],[15.3014,46.1968],[15.302,46.2009],[15.3004,46.2058],[15.2983,46.2057],[15.2973,46.2042],[15.2926,46.206],[15.2939,46.2131],[15.2963,46.2135],[15.296,46.2153],[15.2932,46.2174],[15.294,46.2205],[15.2973,46.2235],[15.3058,46.2225],[15.3165,46.2264],[15.3209,46.2261],[15.3205,46.2271],[15.3221,46.2269],[15.3202,46.2308],[15.3263,46.2307],[15.3291,46.2332],[15.3308,46.2324],[15.3307,46.2293],[15.3322,46.2278],[15.3331,46.2289]]]}},{"type":"Feature","properties":{"id":"110200000110266306","name":"Cerklje na Gorenjskem"},"geometry":{"type":"Polygon","coordinates":[[[14.4647,46.2047],[14.468,46.2044],[14.4697,46.2058],[14.4721,46.2038],[14.4776,46.2024],[14.4828,46.2038],[14.4865,46.2017],[14.497,46.2029],[14.5005,46.2005],[14.5064,46.2048],[14.5082,46.212],[14.5101,46.2118],[14.5141,46.2162],[14.5169,46.2172],[14.5193,46.2163],[14.5214,46.2192],[14.5263,46.2172],[14.5301,46.2183],[14.5289,46.2197],[14.5326,46.2208],[14.532,46.2219],[14.5407,46.2277],[14.5423,46.2296],[14.5423,46.2325],[14.5478,46.2358],[14.5506,46.2413],[14.5539,46.2425],[14.56,46.2448],[14.5636,46.2435],[14.5648,46.2439],[14.5649,46.2457],[14.5685,46.2456],[14.5682,46.2469],[14.5644,46.2474],[14.566,46.2484],[14.5641,46.2486],[14.5641,46.2508],[14.5679,46.2529],[14.5668,46.2546],[14.5676,46.2558],[14.5741,46.2563],[14.5695,46.2612],[14.5649,46.2625],[14.5635,46.2664],[14.5613,46.2675],[14.5615,46.2689],[14.5654,46.2714],[14.559,46.2738],[14.549,46.2751],[14.5496,46.2794],[14.5535,46.2806],[14.5533,46.2839],[14.5521,46.2857],[14.5486,46.2868],[14.5475,46.2908],[14.5366,46.2999],[14.5366,46.3035],[14.5425,46.3096],[14.5359,46.3101],[14.534,46.3085],[14.5339,46.3067],[14.5273,46.306],[14.5265,46.3018],[14.5208,46.303],[14.522,46.3003],[14.5208,46.299],[14.5131,46.3007],[14.515,46.2984],[14.5179,46.298],[14.5181,46.2962],[14.512,46.2959],[14.5025,46.2915],[14.498,46.2908],[14.4864,46.2944],[14.4759,46.2954],[14.4681,46.294],[14.4656,46.2889],[14.4651,46.2833],[14.4624,46.2831],[14.463,46.2842],[14.4588,46.2835],[14.4502,46.279],[14.4564,46.2786],[14.4514,46.2748],[14.448,46.2752],[14.4467,46.2731],[14.4477,46.272],[14.4471,46.2707],[14.4439,46.2712],[14.4396,46.2549],[14.4426,46.2447],[14.4429,46.2391],[14.4455,46.2392],[14.4456,46.2365],[14.4453,46.2347],[14.4444,46.2348],[14.4446,46.2325],[14.4423,46.2325],[14.4447,46.2276],[14.4426,46.2271],[14.4433,46.2252],[14.4393,46.2247],[14.4397,46.2232],[14.442,46.2238],[14.4431,46.2207],[14.4489,46.2221],[14.4513,46.218],[14.4527,46.2185],[14.4534,46.217],[14.454,46.2156],[14.4522,46.2154],[14.4531,46.2125],[14.4563,46.2111],[14.4543,46.2106],[14.4539,46.2086],[14.457,46.207],[14.4566,46.2053],[14.4647,46.2047]]]}},{"type":"Feature","properties":{"id":"110200000110266488","name":"Cerknica"},"geometry":{"type":"Polygon","coordinates":[[[14.4183,45.8718],[14.4089,45.8727],[14.3995,45.8573],[14.3917,45.8593],[14.3923,45.8623],[14.3909,45.8657],[14.3858,45.8659],[14.3829,45.8695],[14.3795,45.8705],[14.378,45.8743],[14.3726,45.8773],[14.3711,45.8774],[14.3658,45.8706],[14.3635,45.87],[14.3628,45.8709],[14.3608,45.8695],[14.3546,45.8714],[14.3564,45.8725],[14.3561,45.8769],[14.355,45.88],[14.3507,45.8844],[14.3486,45.8841],[14.3489,45.8823],[14.3415,45.8792],[14.3254,45.8927],[14.318,45.8942],[14.3156,45.8927],[14.3115,45.8932],[14.3053,45.8887],[14.3005,45.8869],[14.302,45.8825],[14.2814,45.8524],[14.2801,45.8478],[14.2786,45.847],[14.2836,45.8451],[14.2856,45.8425],[14.2807,45.8423],[14.2814,45.8395],[14.2794,45.8387],[14.2795,45.8353],[14.2785,45.835],[14.2798,45.8326],[14.2764,45.8331],[14.2747,45.8315],[14.275,45.8287],[14.273,45.8271],[14.2745,45.8247],[14.2724,45.8222],[14.273,45.8199],[14.2714,45.82],[14.2654,45.8128],[14.2673,45.8092],[14.2666,45.8053],[14.2583,45.7997],[14.2523,45.7995],[14.252,45.798],[14.2724,45.781],[14.2731,45.7799],[14.2692,45.7776],[14.2951,45.7581],[14.304,45.7569],[14.3258,45.7584],[14.3262,45.7569],[14.3306,45.7425],[14.3376,45.7384],[14.3451,45.7402],[14.3447,45.7388],[14.3711,45.719],[14.3885,45.7093],[14.3932,45.7096],[14.4008,45.7025],[14.4252,45.7194],[14.4238,45.72],[14.4268,45.7202],[14.4284,45.7217],[14.4276,45.7226],[14.4301,45.7233],[14.4252,45.729],[14.4315,45.7294],[14.4319,45.7268],[14.4341,45.7261],[14.4412,45.7312],[14.4424,45.7335],[14.4446,45.7335],[14.4432,45.7343],[14.4442,45.7369],[14.4481,45.7384],[14.4518,45.7375],[14.4513,45.7386],[14.4532,45.7388],[14.4537,45.7407],[14.4578,45.7407],[14.4582,45.7425],[14.4588,45.7419],[14.4791,45.7491],[14.4986,45.7569],[14.4946,45.7579],[14.4949,45.7607],[14.4866,45.7677],[14.4822,45.7671],[14.4799,45.7654],[14.4772,45.7691],[14.4709,45.7696],[14.4682,45.7671],[14.4636,45.7685],[14.4627,45.7697],[14.4633,45.7719],[14.4532,45.7783],[14.4479,45.7759],[14.4465,45.7759],[14.4495,45.7772],[14.4471,45.7801],[14.4515,45.7834],[14.4502,45.7895],[14.4466,45.7924],[14.4447,45.791],[14.4411,45.7928],[14.4402,45.7935],[14.4422,45.795],[14.4408,45.7955],[14.4396,45.7943],[14.4371,45.7978],[14.4401,45.7992],[14.4437,45.7982],[14.4507,45.8029],[14.4507,45.8085],[14.4475,45.8096],[14.4494,45.8133],[14.454,45.8159],[14.4566,45.8191],[14.4591,45.8184],[14.4652,45.8195],[14.4709,45.8182],[14.4693,45.8191],[14.468,45.8225],[14.4649,45.8239],[14.4728,45.8266],[14.4744,45.8285],[14.4803,45.8278],[14.4837,45.8292],[14.4849,45.8326],[14.4814,45.8364],[14.4876,45.8359],[14.4974,45.8373],[14.499,45.8381],[14.4992,45.8412],[14.5048,45.8439],[14.5057,45.8424],[14.5069,45.8417],[14.5085,45.8429],[14.5082,45.8448],[14.5051,45.8457],[14.502,45.85],[14.4976,45.851],[14.4969,45.854],[14.4985,45.8549],[14.4956,45.8576],[14.4969,45.8598],[14.4995,45.8592],[14.5017,45.8605],[14.5012,45.8629],[14.5029,45.8636],[14.5029,45.8699],[14.4985,45.871],[14.4984,45.8734],[14.501,45.8753],[14.4972,45.8762],[14.4957,45.8784],[14.4928,45.8787],[14.4907,45.8822],[14.4877,45.8813],[14.4863,45.8789],[14.481,45.8781],[14.4789,45.8749],[14.4735,45.8716],[14.4686,45.8716],[14.4672,45.8688],[14.4631,45.8722],[14.4599,45.8715],[14.4579,45.8727],[14.4508,45.8671],[14.4476,45.866],[14.4479,45.8649],[14.4455,45.862],[14.4367,45.8594],[14.4313,45.8594],[14.4183,45.8718]]]}},{"type":"Feature","properties":{"id":"110200000110266561","name":"Cerkno"},"geometry":{"type":"Polygon","coordinates":[[[13.8969,46.0658],[13.8994,46.0646],[13.9036,46.0653],[13.9068,46.0629],[13.9081,46.0599],[13.9141,46.0574],[13.9193,46.0597],[13.9281,46.0579],[13.9308,46.0559],[13.934,46.0616],[13.9321,46.0653],[13.9272,46.0684],[13.9252,46.0683],[13.9259,46.0699],[13.9341,46.0725],[13.9364,46.0647],[13.9417,46.0675],[13.9415,46.0688],[13.9442,46.0688],[13.9456,46.066],[13.9493,46.0663],[13.951,46.0688],[13.95,46.0702],[13.9508,46.0749],[13.9544,46.0744],[13.9603,46.0764],[13.9588,46.0775],[13.9595,46.0815],[13.9616,46.0832],[13.9613,46.0841],[13.9592,46.0836],[13.9604,46.0847],[13.9579,46.0873],[13.9612,46.089],[13.9664,46.0868],[13.9694,46.083],[13.9758,46.0802],[13.9851,46.072],[13.9894,46.0712],[13.9987,46.0663],[14.0004,46.0642],[14.0103,46.0611],[14.0116,46.0628],[14.0158,46.0635],[14.0159,46.0651],[14.0219,46.0659],[14.0213,46.0645],[14.0242,46.0638],[14.0226,46.0626],[14.0266,46.0619],[14.0338,46.0647],[14.0334,46.0677],[14.0307,46.0716],[14.0272,46.073],[14.0268,46.0749],[14.023,46.0772],[14.0237,46.0799],[14.0189,46.0841],[14.0186,46.092],[14.0218,46.0925],[14.0209,46.0964],[14.0248,46.1009],[14.0264,46.101],[14.0256,46.102],[14.0279,46.1018],[14.03,46.107],[14.0403,46.1126],[14.0429,46.1126],[14.044,46.1139],[14.0428,46.1166],[14.0442,46.1207],[14.0526,46.1304],[14.0583,46.1324],[14.0559,46.135],[14.0565,46.1396],[14.0618,46.1423],[14.0648,46.1468],[14.0693,46.1493],[14.0694,46.1514],[14.0734,46.1564],[14.0738,46.1655],[14.0659,46.1649],[14.066,46.1663],[14.0625,46.1665],[14.0613,46.1678],[14.0589,46.1669],[14.0525,46.1696],[14.0516,46.1684],[14.0472,46.1688],[14.0396,46.1723],[14.0324,46.1716],[14.0275,46.169],[14.0243,46.1691],[14.0158,46.1728],[14.0115,46.1707],[14.0077,46.1714],[14.0049,46.1696],[13.9971,46.1704],[13.9901,46.1734],[13.9912,46.1759],[13.9867,46.1764],[13.9859,46.18],[13.9894,46.1805],[13.9855,46.1834],[13.9891,46.1877],[13.9895,46.1916],[13.9882,46.193],[13.9792,46.1848],[13.9743,46.1772],[13.9654,46.1768],[13.9551,46.1783],[13.948,46.1774],[13.9447,46.1726],[13.9417,46.1722],[13.9405,46.1748],[13.9371,46.1752],[13.9326,46.1714],[13.9187,46.1719],[13.9167,46.1686],[13.9134,46.1676],[13.9138,46.1645],[13.9054,46.1655],[13.9039,46.1653],[13.9056,46.1637],[13.9031,46.1628],[13.9007,46.1637],[13.8989,46.1617],[13.902,46.1598],[13.9022,46.1586],[13.9007,46.1581],[13.9014,46.1567],[13.8949,46.1541],[13.8962,46.1517],[13.89,46.1498],[13.8905,46.1485],[13.8888,46.1466],[13.892,46.1457],[13.8901,46.143],[13.8929,46.1423],[13.8935,46.1386],[13.8914,46.1364],[13.8916,46.1336],[13.8838,46.1358],[13.8843,46.1296],[13.8882,46.1272],[13.888,46.124],[13.8981,46.1172],[13.8991,46.1154],[13.9055,46.1142],[13.9064,46.113],[13.9066,46.1116],[13.9035,46.1118],[13.9023,46.109],[13.9035,46.1078],[13.9016,46.1076],[13.9005,46.1045],[13.9032,46.1018],[13.9029,46.0963],[13.9009,46.0938],[13.9039,46.0903],[13.9015,46.0889],[13.9031,46.0874],[13.9033,46.085],[13.9073,46.081],[13.908,46.0786],[13.907,46.0779],[13.9111,46.0763],[13.9112,46.0735],[13.9125,46.0724],[13.9108,46.0703],[13.9099,46.0715],[13.9062,46.0702],[13.9033,46.0723],[13.8965,46.0732],[13.8984,46.0722],[13.9002,46.0689],[13.8995,46.0671],[13.8969,46.0658]]]}},{"type":"Feature","properties":{"id":"110200000110266645","name":"Črenšovci"},"geometry":{"type":"Polygon","coordinates":[[[16.2683,46.5387],[16.271,46.5373],[16.27,46.5333],[16.2725,46.5319],[16.2779,46.5346],[16.2837,46.5333],[16.2868,46.5295],[16.2943,46.5279],[16.301,46.5241],[16.313,46.5245],[16.3239,46.5291],[16.333,46.53],[16.3357,46.5272],[16.3391,46.5278],[16.3419,46.5302],[16.3411,46.5354],[16.345,46.5377],[16.3441,46.5411],[16.3379,46.5422],[16.337,46.5433],[16.3386,46.5447],[16.335,46.5459],[16.3284,46.5453],[16.3269,46.5428],[16.3247,46.5423],[16.3248,46.5442],[16.3192,46.5486],[16.3125,46.5486],[16.3154,46.5528],[16.3169,46.5532],[16.316,46.5544],[16.3169,46.5556],[16.3212,46.5555],[16.3216,46.5569],[16.3317,46.563],[16.3224,46.5701],[16.325,46.57],[16.3264,46.5731],[16.3239,46.5737],[16.3271,46.5809],[16.326,46.5815],[16.3271,46.5823],[16.3266,46.5837],[16.3245,46.5842],[16.3241,46.5856],[16.321,46.5827],[16.3134,46.5861],[16.3151,46.5878],[16.3055,46.5932],[16.2988,46.5943],[16.2996,46.5979],[16.2952,46.5992],[16.2925,46.595],[16.2985,46.593],[16.298,46.5914],[16.2951,46.5917],[16.2943,46.5898],[16.2918,46.5904],[16.2896,46.5852],[16.2822,46.5798],[16.2828,46.5782],[16.2806,46.5745],[16.2701,46.5773],[16.2647,46.5689],[16.2586,46.5691],[16.2575,46.5669],[16.2554,46.5667],[16.2571,46.5638],[16.244,46.5574],[16.2459,46.5555],[16.2382,46.5539],[16.2683,46.5387]]]}},{"type":"Feature","properties":{"id":"110200000110266728","name":"Črna na Koroškem"},"geometry":{"type":"Polygon","coordinates":[[[14.9656,46.4848],[14.9613,46.4856],[14.9406,46.484],[14.9395,46.4851],[14.943,46.4897],[14.9407,46.4909],[14.9409,46.4942],[14.9385,46.4963],[14.9383,46.4995],[14.9318,46.5],[14.9261,46.4985],[14.9256,46.4998],[14.9213,46.5],[14.919,46.5002],[14.9163,46.4986],[14.9062,46.5002],[14.903,46.4982],[14.9005,46.5004],[14.8988,46.5003],[14.8983,46.496],[14.8965,46.4949],[14.8862,46.4913],[14.8774,46.4901],[14.8713,46.4931],[14.8694,46.4979],[14.862,46.4973],[14.8623,46.4992],[14.8601,46.4983],[14.8529,46.4992],[14.8505,46.4951],[14.8414,46.4959],[14.8343,46.4993],[14.8315,46.5022],[14.8311,46.5053],[14.8349,46.5078],[14.833,46.5106],[14.8286,46.5106],[14.8282,46.512],[14.8186,46.5094],[14.806,46.5076],[14.7855,46.4995],[14.7809,46.5014],[14.7798,46.5004],[14.7768,46.5046],[14.76,46.5045],[14.7483,46.4976],[14.7451,46.5032],[14.7413,46.5052],[14.7377,46.5031],[14.7352,46.4975],[14.7284,46.4903],[14.7277,46.4928],[14.7219,46.4982],[14.7148,46.5],[14.7133,46.4949],[14.7106,46.4927],[14.7117,46.4894],[14.7092,46.4809],[14.7021,46.4804],[14.6976,46.4745],[14.7015,46.4711],[14.7022,46.4669],[14.6993,46.4636],[14.6976,46.4645],[14.693,46.4638],[14.6866,46.4654],[14.6832,46.4679],[14.6786,46.4627],[14.6757,46.4618],[14.6793,46.4578],[14.6749,46.4508],[14.6782,46.4493],[14.6857,46.4495],[14.6895,46.448],[14.7212,46.4497],[14.7236,46.445],[14.7318,46.445],[14.7392,46.4402],[14.7398,46.4358],[14.7447,46.4332],[14.7479,46.4241],[14.7528,46.4194],[14.7555,46.4188],[14.7575,46.421],[14.7633,46.4226],[14.7637,46.4288],[14.7677,46.4315],[14.7727,46.4321],[14.7789,46.4272],[14.7862,46.4294],[14.7909,46.4253],[14.8008,46.423],[14.8108,46.4218],[14.8188,46.4236],[14.8241,46.4228],[14.8274,46.4245],[14.8355,46.4239],[14.8411,46.4216],[14.842,46.4196],[14.8451,46.4181],[14.8496,46.4175],[14.8531,46.4194],[14.8569,46.4189],[14.8678,46.4209],[14.8814,46.4199],[14.8958,46.4202],[14.8977,46.4225],[14.9019,46.4239],[14.9037,46.4266],[14.9063,46.4264],[14.9117,46.4329],[14.9169,46.4338],[14.9346,46.4323],[14.9406,46.4345],[14.9439,46.434],[14.9461,46.4374],[14.9456,46.441],[14.9548,46.4415],[14.9623,46.4443],[14.9578,46.4484],[14.9582,46.4522],[14.9544,46.4556],[14.9532,46.457],[14.954,46.4599],[14.9571,46.4625],[14.9583,46.4678],[14.9633,46.4696],[14.9661,46.4741],[14.9641,46.4747],[14.9631,46.4768],[14.9659,46.4808],[14.9656,46.4848]]]}},{"type":"Feature","properties":{"id":"110200000110266991","name":"Črnomelj"},"geometry":{"type":"Polygon","coordinates":[[[15.2974,45.5857],[15.2914,45.5838],[15.2927,45.5802],[15.2815,45.573],[15.2768,45.5734],[15.2685,45.5836],[15.2624,45.5831],[15.2592,45.5807],[15.2562,45.5804],[15.2499,45.5843],[15.2424,45.5864],[15.2376,45.5932],[15.2401,45.5963],[15.2395,45.597],[15.2374,45.5977],[15.235,45.596],[15.231,45.5977],[15.2335,45.6009],[15.2403,45.6034],[15.2394,45.606],[15.2333,45.6064],[15.23,45.6026],[15.2245,45.5992],[15.2123,45.6035],[15.2055,45.6045],[15.2075,45.6107],[15.2103,45.6142],[15.2066,45.6167],[15.204,45.6137],[15.201,45.6153],[15.2,45.6184],[15.1718,45.6238],[15.1645,45.6292],[15.1619,45.6276],[15.154,45.6273],[15.153,45.6259],[15.1472,45.6254],[15.139,45.6203],[15.1355,45.6159],[15.1338,45.6113],[15.1354,45.6101],[15.1357,45.6073],[15.1328,45.6052],[15.1334,45.6039],[15.1294,45.6032],[15.1274,45.6016],[15.1015,45.5996],[15.1014,45.5975],[15.0955,45.5974],[15.0925,45.5994],[15.0872,45.5992],[15.0771,45.6038],[15.0632,45.6068],[15.0608,45.6038],[15.07,45.6009],[15.0699,45.5949],[15.0644,45.591],[15.0691,45.5887],[15.0752,45.5828],[15.0718,45.5807],[15.0686,45.5763],[15.0705,45.5728],[15.0687,45.5711],[15.0698,45.5708],[15.0687,45.5685],[15.0701,45.5668],[15.0689,45.5631],[15.0737,45.561],[15.0794,45.5624],[15.0883,45.5603],[15.0941,45.5574],[15.0943,45.556],[15.0897,45.5473],[15.0828,45.5471],[15.0838,45.5483],[15.0813,45.5506],[15.0818,45.5523],[15.0775,45.5531],[15.0763,45.5481],[15.0715,45.5477],[15.0697,45.5461],[15.0687,45.5469],[15.0666,45.5431],[15.0628,45.5431],[15.0615,45.5454],[15.0576,45.5433],[15.0588,45.5405],[15.0605,45.5411],[15.057,45.5381],[15.0566,45.5348],[15.0538,45.5326],[15.0556,45.5302],[15.0553,45.5253],[15.053,45.5234],[15.0583,45.5189],[15.0667,45.5181],[15.084,45.5245],[15.0887,45.5283],[15.1012,45.5304],[15.1091,45.524],[15.1121,45.5235],[15.1134,45.5211],[15.1119,45.5214],[15.1105,45.5169],[15.1049,45.5131],[15.0937,45.5145],[15.0849,45.5117],[15.0787,45.5081],[15.0778,45.5096],[15.0702,45.5033],[15.0632,45.5016],[15.0611,45.4982],[15.0626,45.4945],[15.0576,45.4917],[15.0599,45.4882],[15.071,45.4877],[15.0779,45.4823],[15.0862,45.4828],[15.0866,45.4814],[15.084,45.4766],[15.0843,45.4693],[15.0857,45.4673],[15.0936,45.4638],[15.1045,45.4622],[15.1238,45.4469],[15.1386,45.4443],[15.1414,45.4393],[15.1452,45.4363],[15.1478,45.4305],[15.1541,45.4262],[15.1667,45.4222],[15.1726,45.4232],[15.1778,45.4214],[15.1813,45.423],[15.1889,45.428],[15.1899,45.4295],[15.1886,45.4336],[15.194,45.4367],[15.2031,45.4261],[15.219,45.4253],[15.2256,45.4264],[15.2282,45.4298],[15.2286,45.4366],[15.2431,45.4527],[15.2738,45.466],[15.2782,45.4656],[15.2974,45.4592],[15.3191,45.4561],[15.3273,45.4526],[15.3372,45.4567],[15.3458,45.4564],[15.349,45.4638],[15.3555,45.4694],[15.3563,45.4731],[15.3599,45.4771],[15.3769,45.4846],[15.3849,45.4861],[15.3857,45.4884],[15.3733,45.4937],[15.3706,45.4977],[15.3655,45.495],[15.3622,45.495],[15.3526,45.502],[15.3317,45.5108],[15.3279,45.5139],[15.3252,45.5204],[15.315,45.5229],[15.3133,45.5257],[15.314,45.5318],[15.3061,45.5322],[15.3021,45.5356],[15.3009,45.5377],[15.3014,45.5425],[15.2991,45.547],[15.2997,45.5567],[15.2982,45.5647],[15.3001,45.5767],[15.2989,45.5837],[15.2974,45.5857]]]}},{"type":"Feature","properties":{"id":"110200000110267023","name":"Destrnik"},"geometry":{"type":"Polygon","coordinates":[[[15.847,46.5071],[15.8476,46.5057],[15.8466,46.5054],[15.842,46.507],[15.8383,46.5052],[15.8369,46.5024],[15.8334,46.5038],[15.8288,46.4991],[15.8224,46.4984],[15.817,46.4948],[15.8203,46.4948],[15.8178,46.4935],[15.8177,46.4912],[15.8224,46.4876],[15.8292,46.4868],[15.8336,46.4832],[15.836,46.4843],[15.8414,46.4832],[15.843,46.4795],[15.8494,46.4747],[15.8488,46.4703],[15.8458,46.4692],[15.8488,46.4695],[15.8499,46.4666],[15.8562,46.464],[15.8569,46.4621],[15.8545,46.4616],[15.8604,46.4575],[15.8646,46.4578],[15.8715,46.4524],[15.8743,46.4536],[15.8759,46.4518],[15.8849,46.449],[15.8833,46.4514],[15.8847,46.4531],[15.8929,46.4538],[15.8964,46.4549],[15.8965,46.4566],[15.8997,46.4573],[15.8987,46.4625],[15.9038,46.4634],[15.9058,46.4662],[15.9115,46.4686],[15.9106,46.4694],[15.9115,46.4722],[15.9242,46.4744],[15.9254,46.4755],[15.9235,46.4756],[15.9261,46.4778],[15.9358,46.4832],[15.9377,46.4805],[15.9404,46.4803],[15.942,46.4832],[15.9399,46.4862],[15.9393,46.49],[15.935,46.4905],[15.9311,46.4928],[15.9306,46.4957],[15.9268,46.4951],[15.9209,46.5066],[15.9163,46.5064],[15.9166,46.5046],[15.9108,46.5047],[15.9118,46.5038],[15.9042,46.5022],[15.8983,46.5029],[15.8984,46.504],[15.8947,46.5032],[15.8952,46.5044],[15.8925,46.5051],[15.8892,46.5032],[15.8897,46.5057],[15.8887,46.5065],[15.8818,46.5052],[15.8863,46.5072],[15.8862,46.5082],[15.8814,46.5085],[15.877,46.507],[15.8776,46.5053],[15.8767,46.5053],[15.8781,46.5048],[15.8768,46.5042],[15.876,46.5004],[15.8738,46.5003],[15.8732,46.502],[15.868,46.5018],[15.8643,46.4995],[15.8576,46.5005],[15.8566,46.5035],[15.8538,46.5057],[15.847,46.5071]]]}},{"type":"Feature","properties":{"id":"110200000110267296","name":"Divača"},"geometry":{"type":"Polygon","coordinates":[[[13.9961,45.7666],[13.9969,45.7638],[13.9951,45.762],[13.9969,45.7576],[13.9963,45.7556],[13.99,45.7528],[13.9858,45.7496],[13.9856,45.7477],[13.9818,45.7473],[13.967,45.7412],[13.9611,45.7419],[13.9589,45.744],[13.9568,45.7418],[13.959,45.7408],[13.96,45.7384],[13.9743,45.7308],[13.9702,45.7234],[13.965,45.7187],[13.9753,45.7136],[13.978,45.7096],[13.983,45.7069],[13.9719,45.7031],[13.9651,45.6958],[13.9586,45.691],[13.9574,45.683],[13.9506,45.6787],[13.9333,45.6761],[13.9592,45.6705],[13.9581,45.6658],[13.9596,45.6631],[13.9584,45.6599],[13.9535,45.6543],[13.9532,45.6496],[13.9496,45.645],[13.9471,45.6438],[13.9481,45.6399],[13.947,45.6366],[13.9727,45.6384],[13.978,45.6366],[13.982,45.6369],[13.985,45.6349],[13.985,45.6359],[13.9897,45.6313],[13.9951,45.6298],[13.9951,45.6253],[14.0035,45.6242],[14.006,45.6227],[14.0077,45.6192],[14.0107,45.6167],[14.0143,45.6167],[14.0224,45.6139],[14.0249,45.6134],[14.0318,45.6165],[14.0363,45.6149],[14.0397,45.6156],[14.0424,45.6142],[14.049,45.6152],[14.0521,45.6145],[14.0545,45.6162],[14.0591,45.6172],[14.062,45.6164],[14.0699,45.6172],[14.0687,45.6148],[14.0617,45.611],[14.0595,45.6085],[14.058,45.6053],[14.0588,45.6017],[14.0678,45.6002],[14.0789,45.6032],[14.081,45.6047],[14.0805,45.6089],[14.0821,45.6119],[14.0922,45.6133],[14.0971,45.6159],[14.0958,45.6193],[14.0971,45.625],[14.085,45.6296],[14.0833,45.6314],[14.0881,45.633],[14.0924,45.6358],[14.0926,45.6371],[14.0872,45.6404],[14.0877,45.6431],[14.0867,45.6442],[14.0878,45.645],[14.0865,45.6464],[14.0874,45.6475],[14.0779,45.6548],[14.0737,45.655],[14.0735,45.6582],[14.0776,45.6597],[14.0769,45.6612],[14.0819,45.6668],[14.0771,45.6683],[14.08,45.6712],[14.0774,45.671],[14.08,45.6746],[14.0791,45.6748],[14.0798,45.677],[14.078,45.6822],[14.0709,45.6823],[14.0666,45.6845],[14.0694,45.6924],[14.0666,45.6927],[14.0734,45.699],[14.073,45.7077],[14.0753,45.7075],[14.0756,45.7055],[14.0795,45.7087],[14.0778,45.7095],[14.0809,45.71],[14.0801,45.7114],[14.0817,45.7124],[14.083,45.7119],[14.0822,45.7104],[14.0856,45.7096],[14.0864,45.7113],[14.0956,45.7089],[14.0993,45.7164],[14.0953,45.7257],[14.0974,45.7255],[14.0985,45.7272],[14.0957,45.7267],[14.0961,45.726],[14.0947,45.7273],[14.0869,45.7275],[14.0879,45.7291],[14.0919,45.7295],[14.093,45.7287],[14.0924,45.7281],[14.0936,45.7285],[14.0936,45.7294],[14.0962,45.728],[14.097,45.7289],[14.095,45.7304],[14.0965,45.7313],[14.0944,45.7325],[14.0971,45.7329],[14.0921,45.7341],[14.0907,45.7322],[14.0859,45.7323],[14.085,45.7329],[14.0873,45.7358],[14.086,45.7366],[14.0826,45.7333],[14.0826,45.7354],[14.0846,45.7377],[14.0811,45.7383],[14.0872,45.7409],[14.0762,45.7489],[14.0555,45.7523],[14.0518,45.7511],[14.0511,45.7525],[14.0501,45.752],[14.0477,45.7536],[14.0476,45.755],[14.0458,45.7558],[14.0472,45.7565],[14.0431,45.7595],[14.0427,45.7615],[14.0311,45.7656],[14.0268,45.7702],[14.0183,45.773],[14.0149,45.7713],[14.0102,45.7733],[14.0094,45.7715],[14.0106,45.7707],[14.0091,45.7705],[14.0067,45.7661],[14.0053,45.766],[14.0048,45.7678],[14.0063,45.7689],[14.005,45.77],[14.0045,45.7684],[13.9987,45.7647],[13.9961,45.7666]]]}},{"type":"Feature","properties":{"id":"110200000110267379","name":"Dobrepolje"},"geometry":{"type":"Polygon","coordinates":[[[14.8048,45.7985],[14.8012,45.8029],[14.7808,45.8074],[14.7812,45.813],[14.7845,45.8164],[14.7834,45.8191],[14.7793,45.8201],[14.7752,45.8243],[14.7726,45.8235],[14.7724,45.8253],[14.769,45.8252],[14.7682,45.8317],[14.7621,45.8349],[14.7543,45.8309],[14.7548,45.843],[14.7525,45.8463],[14.7527,45.8545],[14.7549,45.8562],[14.7595,45.8568],[14.7615,45.8587],[14.7615,45.8609],[14.7632,45.8607],[14.7624,45.8625],[14.7634,45.8633],[14.7695,45.8638],[14.7701,45.8628],[14.7719,45.8642],[14.7685,45.8676],[14.7693,45.8714],[14.7606,45.881],[14.7514,45.8844],[14.7457,45.8823],[14.7465,45.8808],[14.7399,45.8784],[14.7358,45.8787],[14.7319,45.8748],[14.7237,45.8733],[14.7188,45.8767],[14.7154,45.8756],[14.7151,45.8766],[14.7067,45.8782],[14.7093,45.8799],[14.7016,45.8836],[14.6968,45.8833],[14.6964,45.8803],[14.6928,45.8828],[14.6892,45.8825],[14.6898,45.8831],[14.6883,45.8841],[14.6823,45.885],[14.6793,45.8868],[14.6791,45.8898],[14.6762,45.8897],[14.6731,45.8931],[14.6685,45.8913],[14.6655,45.8935],[14.6616,45.8913],[14.6627,45.8885],[14.6557,45.8875],[14.6594,45.8861],[14.6622,45.8832],[14.6533,45.8755],[14.6453,45.8765],[14.6403,45.8754],[14.6423,45.8701],[14.6424,45.8621],[14.6416,45.8601],[14.6391,45.86],[14.6346,45.8561],[14.634,45.8542],[14.6357,45.8479],[14.6418,45.8439],[14.6436,45.8443],[14.6463,45.8504],[14.6568,45.8461],[14.6619,45.8416],[14.6663,45.8397],[14.6705,45.8394],[14.6802,45.8299],[14.6821,45.8306],[14.6892,45.8229],[14.6884,45.8191],[14.694,45.8179],[14.6952,45.8154],[14.6978,45.814],[14.697,45.8128],[14.7039,45.8103],[14.7061,45.8046],[14.7077,45.8046],[14.7071,45.803],[14.7151,45.7978],[14.7425,45.7848],[14.7476,45.7756],[14.7651,45.7631],[14.7665,45.7598],[14.8195,45.7293],[14.8238,45.7266],[14.8351,45.7382],[14.8387,45.7403],[14.8379,45.741],[14.842,45.7424],[14.8369,45.7471],[14.831,45.7482],[14.8322,45.7528],[14.8264,45.7563],[14.809,45.7609],[14.8014,45.7764],[14.7995,45.7768],[14.8022,45.7786],[14.8001,45.7807],[14.7992,45.7845],[14.8015,45.7868],[14.7994,45.7868],[14.7995,45.7883],[14.8026,45.7894],[14.8044,45.7927],[14.8065,45.7926],[14.8029,45.796],[14.8048,45.7985]]]}},{"type":"Feature","properties":{"id":"110200000110267452","name":"Dobrova-Polhov Gradec"},"geometry":{"type":"Polygon","coordinates":[[[14.4308,46.0277],[14.4427,46.0339],[14.4408,46.0384],[14.4367,46.0381],[14.4368,46.0396],[14.4339,46.0412],[14.4346,46.0425],[14.433,46.0425],[14.4356,46.0447],[14.4342,46.047],[14.4368,46.0483],[14.4408,46.0471],[14.4422,46.0487],[14.4393,46.0503],[14.4409,46.0531],[14.4386,46.0569],[14.4369,46.0574],[14.4376,46.0588],[14.4363,46.0603],[14.4346,46.0606],[14.4339,46.0595],[14.4338,46.0633],[14.4312,46.0628],[14.4294,46.0606],[14.4264,46.0636],[14.4311,46.0644],[14.4302,46.0659],[14.4255,46.0662],[14.4278,46.068],[14.4293,46.0674],[14.429,46.0687],[14.4224,46.0712],[14.4219,46.0738],[14.4244,46.0774],[14.4234,46.0793],[14.4243,46.0802],[14.4215,46.0815],[14.4211,46.0799],[14.4187,46.0793],[14.415,46.082],[14.4086,46.0814],[14.3981,46.0793],[14.3905,46.0855],[14.3833,46.0871],[14.3825,46.0908],[14.3805,46.0922],[14.3704,46.0919],[14.3583,46.0872],[14.3637,46.0833],[14.3739,46.0808],[14.3724,46.0783],[14.3569,46.0775],[14.3529,46.0798],[14.3538,46.081],[14.3524,46.0821],[14.3501,46.0814],[14.3477,46.0832],[14.3474,46.0843],[14.3509,46.0858],[14.3503,46.0864],[14.3333,46.084],[14.332,46.0868],[14.3321,46.0909],[14.3264,46.0964],[14.3177,46.0975],[14.3115,46.1021],[14.3088,46.1027],[14.298,46.1013],[14.2913,46.1032],[14.2864,46.1026],[14.2782,46.1051],[14.276,46.1071],[14.2734,46.1061],[14.2629,46.1081],[14.2529,46.1053],[14.2528,46.103],[14.25,46.102],[14.25,46.0987],[14.2479,46.0971],[14.244,46.098],[14.2293,46.0978],[14.2255,46.0966],[14.2235,46.0916],[14.2146,46.0885],[14.2103,46.0834],[14.2074,46.0772],[14.2079,46.0737],[14.2091,46.0729],[14.2071,46.0681],[14.2111,46.0621],[14.209,46.0569],[14.2011,46.0532],[14.2022,46.0521],[14.1994,46.0432],[14.1901,46.039],[14.1893,46.0381],[14.19,46.0377],[14.1941,46.0337],[14.1919,46.0326],[14.1884,46.0261],[14.1893,46.0242],[14.2019,46.0256],[14.2064,46.0237],[14.2088,46.0242],[14.215,46.0211],[14.2237,46.022],[14.2289,46.0201],[14.234,46.0225],[14.2387,46.0211],[14.2426,46.0228],[14.2438,46.0246],[14.2427,46.0276],[14.2366,46.0296],[14.241,46.0344],[14.2451,46.0339],[14.2471,46.0351],[14.251,46.0387],[14.2498,46.0414],[14.2531,46.0434],[14.2624,46.0421],[14.2653,46.0443],[14.278,46.0477],[14.2847,46.0468],[14.2858,46.045],[14.2907,46.0452],[14.2928,46.0435],[14.2971,46.0461],[14.3001,46.0423],[14.3087,46.0406],[14.3192,46.0408],[14.3245,46.0443],[14.3262,46.0419],[14.3302,46.0414],[14.3305,46.0396],[14.3359,46.0378],[14.3372,46.0365],[14.3375,46.0328],[14.3393,46.0324],[14.3404,46.0269],[14.3397,46.0249],[14.3425,46.0212],[14.3378,46.0197],[14.3385,46.0125],[14.3368,46.0113],[14.3477,46.0135],[14.3502,46.0152],[14.3591,46.0155],[14.3607,46.0188],[14.3588,46.0194],[14.3574,46.0238],[14.3683,46.0301],[14.3701,46.0308],[14.376,46.0294],[14.3868,46.0309],[14.3954,46.032],[14.4052,46.036],[14.4102,46.0368],[14.4149,46.0355],[14.4186,46.032],[14.424,46.0335],[14.4254,46.0292],[14.4285,46.03],[14.4308,46.0277]]]}},{"type":"Feature","properties":{"id":"110200000110267536","name":"Dol pri Ljubljani"},"geometry":{"type":"Polygon","coordinates":[[[14.5932,46.0958],[14.5923,46.0894],[14.5906,46.089],[14.5923,46.0856],[14.6016,46.0841],[14.6235,46.0753],[14.6369,46.0753],[14.6504,46.0792],[14.6633,46.0785],[14.6758,46.0865],[14.6775,46.0853],[14.6777,46.0792],[14.6818,46.0769],[14.6869,46.0775],[14.6914,46.073],[14.6966,46.0769],[14.699,46.0759],[14.7037,46.0784],[14.7118,46.0781],[14.7148,46.0809],[14.7162,46.0849],[14.7206,46.0838],[14.7482,46.0891],[14.7536,46.0933],[14.7518,46.0978],[14.7494,46.0985],[14.7485,46.0974],[14.7455,46.0987],[14.7436,46.0965],[14.7416,46.0978],[14.7351,46.0964],[14.7334,46.0994],[14.7281,46.1012],[14.7261,46.0989],[14.7239,46.0989],[14.7233,46.0966],[14.7217,46.0979],[14.72,46.0958],[14.7171,46.0949],[14.7145,46.0973],[14.7215,46.1039],[14.723,46.1059],[14.7215,46.1076],[14.7242,46.1104],[14.713,46.1125],[14.6973,46.1096],[14.692,46.1121],[14.692,46.114],[14.6907,46.1148],[14.6889,46.1131],[14.687,46.1166],[14.6843,46.1181],[14.6753,46.1186],[14.6714,46.1202],[14.6643,46.1184],[14.663,46.117],[14.6572,46.117],[14.6564,46.1156],[14.6574,46.1145],[14.6562,46.1139],[14.6528,46.1046],[14.6384,46.1021],[14.6384,46.1003],[14.6352,46.0999],[14.6324,46.0974],[14.6292,46.0993],[14.6259,46.0989],[14.6251,46.096],[14.6219,46.0965],[14.6211,46.0944],[14.6176,46.0952],[14.6148,46.094],[14.6087,46.0942],[14.6044,46.0953],[14.6001,46.094],[14.5993,46.0954],[14.5932,46.0958]]]}},{"type":"Feature","properties":{"id":"110200000110267619","name":"Domžale"},"geometry":{"type":"Polygon","coordinates":[[[14.5932,46.0958],[14.5993,46.0954],[14.6001,46.094],[14.6044,46.0953],[14.6087,46.0942],[14.6148,46.094],[14.6176,46.0952],[14.6211,46.0944],[14.6219,46.0965],[14.6251,46.096],[14.6259,46.0989],[14.6292,46.0993],[14.6324,46.0974],[14.6352,46.0999],[14.6384,46.1003],[14.6384,46.1021],[14.6528,46.1046],[14.6562,46.1139],[14.6574,46.1145],[14.6564,46.1156],[14.6572,46.117],[14.663,46.117],[14.6643,46.1184],[14.6714,46.1202],[14.6753,46.1186],[14.6843,46.1181],[14.687,46.1166],[14.6887,46.1216],[14.6921,46.1237],[14.6911,46.1258],[14.6922,46.1288],[14.6904,46.1284],[14.6898,46.1254],[14.6874,46.1284],[14.6881,46.1305],[14.6912,46.1329],[14.687,46.1353],[14.6824,46.1351],[14.6824,46.1369],[14.6787,46.138],[14.6803,46.1381],[14.6839,46.1417],[14.6836,46.1428],[14.6863,46.1429],[14.6815,46.1433],[14.6826,46.1438],[14.6796,46.1459],[14.6797,46.1475],[14.6758,46.1474],[14.6781,46.1499],[14.6721,46.1511],[14.6726,46.1522],[14.6709,46.1527],[14.668,46.1494],[14.6645,46.1495],[14.6614,46.155],[14.659,46.1561],[14.6592,46.1592],[14.6507,46.1608],[14.6426,46.1583],[14.6465,46.1649],[14.6515,46.1684],[14.658,46.1711],[14.6584,46.1729],[14.6606,46.1727],[14.6616,46.1767],[14.6643,46.1779],[14.6646,46.181],[14.668,46.1843],[14.6664,46.1869],[14.6694,46.1868],[14.6701,46.188],[14.6688,46.1891],[14.6694,46.1899],[14.6655,46.1913],[14.6678,46.1923],[14.672,46.1917],[14.676,46.1951],[14.6802,46.1932],[14.6862,46.1947],[14.6829,46.1974],[14.678,46.1986],[14.6769,46.2007],[14.6682,46.2047],[14.6629,46.2048],[14.6582,46.2021],[14.6555,46.2023],[14.6534,46.2043],[14.6551,46.206],[14.6542,46.2075],[14.6476,46.2048],[14.6464,46.2017],[14.6415,46.2006],[14.6371,46.2016],[14.6375,46.2003],[14.6324,46.1943],[14.631,46.1949],[14.6241,46.1895],[14.6181,46.1889],[14.6158,46.1867],[14.6147,46.1877],[14.6146,46.1857],[14.6122,46.1847],[14.6093,46.1847],[14.6043,46.1824],[14.6018,46.1844],[14.6022,46.1859],[14.6007,46.1875],[14.5896,46.1874],[14.5846,46.1804],[14.5831,46.1746],[14.589,46.1738],[14.5884,46.1645],[14.5865,46.1642],[14.5862,46.1619],[14.5928,46.1605],[14.5924,46.1581],[14.589,46.1583],[14.5923,46.158],[14.5924,46.1542],[14.5883,46.1517],[14.5896,46.1515],[14.5875,46.1494],[14.5881,46.1459],[14.583,46.1455],[14.5829,46.1445],[14.5776,46.1432],[14.5782,46.1405],[14.575,46.1401],[14.576,46.1384],[14.5699,46.1374],[14.5704,46.1326],[14.5694,46.1325],[14.5689,46.1287],[14.5679,46.1292],[14.5682,46.1236],[14.5667,46.1231],[14.571,46.1175],[14.5711,46.1152],[14.5744,46.1119],[14.5714,46.1114],[14.5697,46.1096],[14.5681,46.1081],[14.5725,46.103],[14.5765,46.1056],[14.5796,46.1031],[14.5795,46.1063],[14.5807,46.1077],[14.5823,46.1063],[14.583,46.1082],[14.5855,46.1053],[14.5917,46.1042],[14.5943,46.0988],[14.5924,46.0973],[14.5932,46.0958]]]}},{"type":"Feature","properties":{"id":"110200000110267700","name":"Dornava"},"geometry":{"type":"Polygon","coordinates":[[[15.9735,46.4176],[15.9767,46.4175],[15.9826,46.4267],[15.9819,46.4276],[15.9832,46.4299],[15.9899,46.429],[15.9916,46.4322],[15.992,46.4313],[15.9947,46.4319],[15.9938,46.4332],[15.998,46.4348],[15.9997,46.434],[16.0037,46.4394],[16.0046,46.4396],[16.004,46.438],[16.0113,46.4349],[16.0155,46.4346],[16.0168,46.4329],[16.0169,46.4357],[16.0205,46.4375],[16.02,46.4385],[16.0179,46.4384],[16.0208,46.4394],[16.0194,46.4411],[16.0224,46.4407],[16.0217,46.4432],[16.0276,46.4451],[16.0285,46.4456],[16.0301,46.446],[16.0315,46.4487],[16.033,46.4584],[16.0342,46.4603],[16.0341,46.4645],[16.0297,46.4643],[16.0324,46.4648],[16.0362,46.4692],[16.0349,46.4695],[16.034,46.4744],[16.0296,46.4784],[16.0255,46.4804],[16.0242,46.4835],[16.0174,46.4892],[16.0134,46.4911],[16.0098,46.4891],[16.0103,46.4878],[16.0062,46.4816],[15.9999,46.4823],[15.9979,46.4838],[15.9952,46.4824],[15.9994,46.4754],[15.9986,46.4737],[15.9997,46.472],[15.9981,46.4674],[15.9922,46.4617],[15.9831,46.4583],[15.9729,46.4486],[15.972,46.4495],[15.9686,46.4444],[15.9682,46.4411],[15.9628,46.4404],[15.9602,46.4418],[15.9559,46.4493],[15.9534,46.4514],[15.9484,46.4531],[15.9441,46.4521],[15.9462,46.4511],[15.9451,46.4475],[15.94,46.4438],[15.9413,46.4428],[15.9365,46.4386],[15.9402,46.4375],[15.9356,46.4284],[15.9351,46.4226],[15.9357,46.4213],[15.9403,46.4209],[15.9556,46.4194],[15.9555,46.4177],[15.9615,46.4186],[15.9735,46.4176]]]}},{"type":"Feature","properties":{"id":"110200000110267882","name":"Dravograd"},"geometry":{"type":"Polygon","coordinates":[[[15.0484,46.5468],[15.0562,46.5413],[15.0601,46.5402],[15.0562,46.5385],[15.0584,46.5348],[15.0603,46.5353],[15.0607,46.5338],[15.0651,46.5362],[15.0681,46.5337],[15.0681,46.5377],[15.0658,46.5373],[15.0641,46.5386],[15.0632,46.5433],[15.0499,46.5509],[15.0688,46.5594],[15.0749,46.558],[15.085,46.5615],[15.0907,46.5609],[15.0951,46.5646],[15.1035,46.5661],[15.104,46.5647],[15.1081,46.5664],[15.1089,46.5677],[15.1066,46.5703],[15.1086,46.5696],[15.1092,46.5715],[15.1061,46.5727],[15.1061,46.5746],[15.1038,46.5772],[15.1045,46.579],[15.1002,46.5828],[15.1116,46.5846],[15.1085,46.5879],[15.109,46.5899],[15.1112,46.591],[15.1105,46.5938],[15.1125,46.5961],[15.1168,46.5957],[15.1168,46.594],[15.1186,46.5945],[15.1231,46.5916],[15.1277,46.5944],[15.1224,46.5971],[15.1174,46.6039],[15.1085,46.6064],[15.1039,46.6056],[15.1017,46.61],[15.1021,46.613],[15.0969,46.618],[15.0951,46.6238],[15.089,46.6323],[15.0894,46.6335],[15.0924,46.633],[15.0931,46.6341],[15.0913,46.6378],[15.0918,46.6411],[15.0824,46.6451],[15.0748,46.6498],[15.0706,46.6499],[15.0651,46.6521],[15.0436,46.6521],[15.034,46.6489],[15.0296,46.6449],[15.0162,46.6408],[15.0117,46.6347],[15.0079,46.6334],[15.0043,46.6288],[14.9947,46.6213],[14.9944,46.6178],[14.9962,46.6159],[14.995,46.6139],[14.9867,46.6085],[14.987,46.6063],[14.9846,46.6036],[14.9794,46.6014],[14.9747,46.6086],[14.9738,46.6173],[14.9708,46.6243],[14.9671,46.6278],[14.9557,46.6327],[14.9434,46.6232],[14.9418,46.6208],[14.9399,46.6196],[14.937,46.6202],[14.9313,46.6153],[14.9283,46.6192],[14.9229,46.6209],[14.9204,46.6162],[14.9226,46.611],[14.9221,46.6079],[14.9248,46.6083],[14.9266,46.6072],[14.9275,46.6027],[14.9315,46.601],[14.9333,46.5985],[14.9365,46.5972],[14.9392,46.5978],[14.9397,46.5966],[14.9373,46.5961],[14.9377,46.595],[14.9438,46.5915],[14.9487,46.5947],[14.9511,46.5943],[14.9524,46.5921],[14.9602,46.5925],[14.9603,46.5949],[14.9626,46.5961],[14.9662,46.5945],[14.9689,46.5928],[14.9649,46.5903],[14.9633,46.5909],[14.9631,46.5866],[14.9687,46.5789],[14.9733,46.5772],[14.9776,46.5779],[14.9763,46.5746],[14.9818,46.5733],[14.985,46.5741],[14.9865,46.5723],[14.9905,46.5724],[14.9915,46.5712],[14.997,46.5717],[14.9991,46.5683],[14.9974,46.5662],[15.0011,46.5658],[15.0042,46.5629],[15.0109,46.5664],[15.012,46.5553],[15.0149,46.5522],[15.0118,46.5493],[15.0126,46.5469],[15.0107,46.5465],[15.0095,46.5446],[15.0147,46.5429],[15.0185,46.5395],[15.0194,46.5358],[15.0261,46.5315],[15.0321,46.5307],[15.0331,46.5321],[15.0304,46.5354],[15.0313,46.5386],[15.0336,46.5381],[15.0358,46.5347],[15.0385,46.5345],[15.0388,46.5362],[15.037,46.5373],[15.0426,46.5387],[15.0436,46.5421],[15.0471,46.543],[15.046,46.5456],[15.0481,46.5469],[15.0484,46.5468]]]}},{"type":"Feature","properties":{"id":"110200000110267965","name":"Duplek"},"geometry":{"type":"Polygon","coordinates":[[[15.8112,46.4968],[15.8106,46.5011],[15.8025,46.5019],[15.8031,46.5047],[15.8053,46.5058],[15.8038,46.5084],[15.8073,46.5092],[15.8092,46.5118],[15.8176,46.5115],[15.8167,46.5154],[15.8136,46.5177],[15.8138,46.5199],[15.8104,46.5213],[15.8043,46.5268],[15.7969,46.5276],[15.7933,46.53],[15.7945,46.5312],[15.7851,46.5331],[15.7832,46.5356],[15.7845,46.5372],[15.7839,46.5396],[15.7864,46.5408],[15.786,46.5418],[15.7803,46.5447],[15.7798,46.5472],[15.7748,46.5471],[15.7739,46.5499],[15.7709,46.5493],[15.7644,46.5443],[15.7619,46.5447],[15.7534,46.5425],[15.7506,46.5468],[15.7466,46.5452],[15.7432,46.5409],[15.7435,46.5391],[15.7377,46.5364],[15.7374,46.533],[15.7337,46.5292],[15.7291,46.5288],[15.7255,46.5303],[15.7237,46.53],[15.7241,46.5277],[15.7224,46.5269],[15.7129,46.5276],[15.7124,46.5231],[15.7168,46.5107],[15.7217,46.5055],[15.7272,46.5029],[15.7313,46.5033],[15.7354,46.4999],[15.7369,46.4893],[15.7457,46.4896],[15.75,46.4878],[15.754,46.4828],[15.7592,46.4826],[15.765,46.4807],[15.7691,46.4769],[15.7712,46.4713],[15.7751,46.4689],[15.7779,46.475],[15.7818,46.478],[15.7846,46.4774],[15.7907,46.4823],[15.7927,46.4813],[15.7959,46.4822],[15.8003,46.4874],[15.8104,46.488],[15.8095,46.4896],[15.8117,46.491],[15.8106,46.4925],[15.8045,46.4944],[15.8034,46.4958],[15.8062,46.4955],[15.8076,46.4975],[15.8112,46.4968]]]}},{"type":"Feature","properties":{"id":"110200000110268005","name":"Gorenja vas-Poljane"},"geometry":{"type":"Polygon","coordinates":[[[14.0546,46.0617],[14.0556,46.0671],[14.0574,46.0691],[14.0565,46.0713],[14.052,46.0709],[14.0465,46.0752],[14.0408,46.073],[14.0358,46.0741],[14.0303,46.0721],[14.0282,46.0734],[14.0292,46.0754],[14.0281,46.0763],[14.0304,46.0809],[14.0333,46.0809],[14.0346,46.0829],[14.0384,46.0815],[14.042,46.0843],[14.0485,46.085],[14.0509,46.0842],[14.0518,46.0824],[14.0548,46.0818],[14.0565,46.0829],[14.0588,46.0818],[14.0626,46.0829],[14.0663,46.082],[14.0698,46.0806],[14.0695,46.0793],[14.0727,46.0774],[14.0806,46.079],[14.0856,46.0782],[14.0872,46.0766],[14.0858,46.0741],[14.0869,46.0732],[14.0889,46.0753],[14.091,46.0752],[14.0922,46.0736],[14.0916,46.0722],[14.0975,46.0747],[14.1024,46.0752],[14.1065,46.0725],[14.1098,46.0723],[14.1205,46.0768],[14.1208,46.0746],[14.127,46.075],[14.1271,46.0737],[14.1294,46.0737],[14.1316,46.0716],[14.1349,46.0731],[14.1378,46.07],[14.1467,46.0662],[14.1452,46.0651],[14.1481,46.0629],[14.1486,46.0592],[14.1547,46.0591],[14.1535,46.0578],[14.1543,46.0544],[14.1654,46.0494],[14.1637,46.0474],[14.1695,46.0424],[14.1729,46.0403],[14.1764,46.04],[14.1757,46.0384],[14.1773,46.0376],[14.1814,46.0392],[14.1861,46.037],[14.19,46.0377],[14.1893,46.0381],[14.1901,46.039],[14.1994,46.0432],[14.2022,46.0521],[14.2011,46.0532],[14.209,46.0569],[14.2111,46.0621],[14.2071,46.0681],[14.2091,46.0729],[14.2079,46.0737],[14.2074,46.0772],[14.2103,46.0834],[14.2146,46.0885],[14.2235,46.0916],[14.2255,46.0966],[14.2225,46.101],[14.2223,46.1025],[14.2239,46.103],[14.2198,46.1068],[14.2215,46.1109],[14.2128,46.1097],[14.2083,46.1133],[14.2018,46.1138],[14.2011,46.1167],[14.1972,46.1175],[14.1973,46.1228],[14.1993,46.1216],[14.2033,46.1268],[14.2082,46.1284],[14.2076,46.1311],[14.2047,46.133],[14.2046,46.1342],[14.2068,46.1354],[14.2058,46.1374],[14.2039,46.1368],[14.1993,46.1385],[14.1969,46.1378],[14.1947,46.1399],[14.1989,46.1403],[14.1994,46.145],[14.2021,46.1464],[14.2017,46.1473],[14.2068,46.1477],[14.2088,46.15],[14.2037,46.1533],[14.2071,46.1556],[14.2042,46.1557],[14.2107,46.1568],[14.2104,46.1553],[14.2139,46.1546],[14.2138,46.1575],[14.2172,46.1618],[14.2203,46.1631],[14.2241,46.1665],[14.2237,46.1683],[14.228,46.1699],[14.2278,46.1707],[14.2242,46.1727],[14.2199,46.1728],[14.2202,46.1739],[14.2174,46.173],[14.2173,46.175],[14.2155,46.1752],[14.2117,46.1785],[14.2124,46.1804],[14.2067,46.1798],[14.203,46.1809],[14.1981,46.1798],[14.1969,46.1779],[14.1926,46.1762],[14.1908,46.178],[14.1885,46.1772],[14.1842,46.178],[14.1837,46.1791],[14.1797,46.1775],[14.1757,46.1778],[14.173,46.1748],[14.1705,46.1785],[14.1695,46.1754],[14.1681,46.1755],[14.168,46.1773],[14.1647,46.1754],[14.1617,46.1759],[14.1616,46.177],[14.1595,46.1784],[14.1559,46.1752],[14.1513,46.1746],[14.1488,46.1751],[14.1475,46.1772],[14.1424,46.1756],[14.1415,46.1781],[14.1397,46.1782],[14.1304,46.1736],[14.1275,46.1743],[14.123,46.1721],[14.1172,46.172],[14.1157,46.173],[14.1118,46.1722],[14.1083,46.1699],[14.115,46.1652],[14.1135,46.165],[14.106,46.1669],[14.1043,46.1686],[14.1054,46.1712],[14.0998,46.1701],[14.0996,46.1686],[14.0951,46.1684],[14.0886,46.1693],[14.0875,46.1705],[14.083,46.1686],[14.0901,46.1661],[14.0846,46.1561],[14.08,46.1552],[14.0782,46.1536],[14.0752,46.1536],[14.0755,46.1561],[14.0734,46.1564],[14.0694,46.1514],[14.0693,46.1493],[14.0648,46.1468],[14.0618,46.1423],[14.0565,46.1396],[14.0559,46.135],[14.0583,46.1324],[14.0526,46.1304],[14.0442,46.1207],[14.0428,46.1166],[14.044,46.1139],[14.0429,46.1126],[14.0403,46.1126],[14.03,46.107],[14.0279,46.1018],[14.0256,46.102],[14.0264,46.101],[14.0248,46.1009],[14.0209,46.0964],[14.0218,46.0925],[14.0186,46.092],[14.0189,46.0841],[14.0237,46.0799],[14.023,46.0772],[14.0268,46.0749],[14.0272,46.073],[14.0307,46.0716],[14.0384,46.0688],[14.0394,46.0667],[14.0417,46.0656],[14.0467,46.0655],[14.0466,46.0642],[14.0546,46.0617]]]}},{"type":"Feature","properties":{"id":"110200000110268187","name":"Gorišnica"},"geometry":{"type":"Polygon","coordinates":[[[16.022,46.381],[16.0406,46.3897],[16.0396,46.391],[16.042,46.3922],[16.0508,46.3922],[16.0559,46.39],[16.0581,46.3936],[16.0554,46.3983],[16.0586,46.4001],[16.0516,46.4011],[16.0376,46.411],[16.0409,46.414],[16.0432,46.414],[16.0436,46.4286],[16.0426,46.4298],[16.0378,46.4306],[16.0328,46.4286],[16.0277,46.4294],[16.0222,46.4285],[16.0183,46.4297],[16.0182,46.432],[16.0168,46.4329],[16.0155,46.4346],[16.0113,46.4349],[16.004,46.438],[16.0046,46.4396],[16.0037,46.4394],[15.9997,46.434],[15.998,46.4348],[15.9938,46.4332],[15.9947,46.4319],[15.992,46.4313],[15.9916,46.4322],[15.9899,46.429],[15.9832,46.4299],[15.9819,46.4276],[15.9826,46.4267],[15.9767,46.4175],[15.9735,46.4176],[15.9716,46.4123],[15.9754,46.4121],[15.9752,46.4096],[15.9769,46.4064],[15.9719,46.3963],[15.983,46.3972],[15.9837,46.3941],[15.9814,46.3939],[15.9817,46.3895],[15.9835,46.389],[15.9856,46.3843],[15.9856,46.3843],[15.9856,46.3843],[15.9876,46.3788],[15.9897,46.3778],[15.9906,46.3723],[15.9926,46.3698],[16.0046,46.3781],[16.021,46.3828],[16.022,46.381]]]}},{"type":"Feature","properties":{"id":"110200000110268260","name":"Gornja Radgona"},"geometry":{"type":"Polygon","coordinates":[[[16.0335,46.6579],[16.0225,46.6623],[16.015,46.6632],[16.0104,46.6651],[16.0069,46.6686],[16.0036,46.6765],[15.9975,46.6809],[15.9836,46.6846],[15.9599,46.687],[15.9596,46.6838],[15.9497,46.6815],[15.9507,46.6792],[15.944,46.6777],[15.9396,46.6785],[15.9387,46.675],[15.937,46.6746],[15.9352,46.6664],[15.9259,46.6658],[15.923,46.6647],[15.9216,46.6623],[15.9009,46.6631],[15.9002,46.6615],[15.8964,46.6597],[15.8956,46.6622],[15.891,46.6644],[15.8899,46.6619],[15.8925,46.6571],[15.8921,46.6551],[15.8891,46.6526],[15.8857,46.6452],[15.8911,46.6447],[15.8919,46.6422],[15.8936,46.6415],[15.899,46.6409],[15.9017,46.642],[15.9045,46.6408],[15.906,46.6381],[15.9106,46.6371],[15.9159,46.6382],[15.9174,46.6409],[15.9191,46.6411],[15.9267,46.6384],[15.9339,46.64],[15.9348,46.6389],[15.9342,46.6357],[15.9288,46.6329],[15.9286,46.6306],[15.9218,46.6301],[15.9211,46.6294],[15.9225,46.6272],[15.9213,46.626],[15.9161,46.624],[15.9085,46.6248],[15.9057,46.6217],[15.9081,46.6202],[15.9092,46.6169],[15.9121,46.6155],[15.9105,46.6116],[15.9124,46.6062],[15.9203,46.5982],[15.924,46.5972],[15.9233,46.5961],[15.9303,46.5956],[15.936,46.593],[15.9388,46.593],[15.9402,46.5909],[15.9444,46.5888],[15.9535,46.5867],[15.9597,46.5885],[15.966,46.5881],[15.974,46.5855],[15.9824,46.5887],[15.9915,46.5875],[15.9972,46.5882],[16.0026,46.5921],[16.0093,46.5936],[16.0101,46.5954],[16.0061,46.5946],[16.0057,46.596],[16.0076,46.5981],[16.0091,46.598],[16.0125,46.6027],[16.0161,46.6046],[16.0152,46.6095],[16.0165,46.6113],[16.0122,46.614],[16.0064,46.6139],[16.0061,46.615],[15.9957,46.6166],[15.9958,46.6197],[15.9972,46.6209],[15.995,46.6246],[15.9971,46.6304],[15.9967,46.6326],[15.9993,46.6339],[15.999,46.6363],[16.0043,46.6367],[16.0105,46.639],[16.0131,46.6432],[16.0162,46.6452],[16.0141,46.6475],[16.0172,46.6505],[16.0229,46.6542],[16.0275,46.6538],[16.0335,46.6579]]]}},{"type":"Feature","properties":{"id":"110200000110268344","name":"Gornji Grad"},"geometry":{"type":"Polygon","coordinates":[[[14.866,46.3121],[14.8566,46.3125],[14.8487,46.3092],[14.845,46.3108],[14.839,46.3109],[14.8358,46.3129],[14.837,46.3142],[14.8354,46.3184],[14.8299,46.32],[14.8277,46.3244],[14.8241,46.3264],[14.8171,46.3266],[14.8104,46.3242],[14.806,46.3285],[14.8,46.3285],[14.7989,46.3305],[14.8026,46.3346],[14.8023,46.3358],[14.8009,46.3371],[14.7959,46.3376],[14.7958,46.3397],[14.7987,46.3421],[14.787,46.3396],[14.7799,46.3356],[14.7704,46.3315],[14.7633,46.324],[14.7568,46.3251],[14.7568,46.3222],[14.7557,46.3218],[14.7569,46.3209],[14.7552,46.3196],[14.7579,46.3176],[14.7544,46.3158],[14.7512,46.317],[14.7452,46.3145],[14.7423,46.3155],[14.7404,46.3149],[14.7401,46.3119],[14.725,46.3085],[14.7236,46.3007],[14.7195,46.2983],[14.7122,46.2989],[14.7122,46.2955],[14.7094,46.2955],[14.7123,46.292],[14.7086,46.2873],[14.7045,46.2865],[14.7042,46.2848],[14.7054,46.2824],[14.7051,46.2781],[14.7019,46.2753],[14.6996,46.2705],[14.6955,46.267],[14.7046,46.2579],[14.7291,46.2578],[14.7391,46.2553],[14.745,46.2554],[14.7564,46.2506],[14.7602,46.2532],[14.7646,46.2536],[14.7705,46.2505],[14.7761,46.2499],[14.8046,46.2554],[14.8145,46.2534],[14.8258,46.2537],[14.8392,46.2507],[14.8542,46.2503],[14.8531,46.2621],[14.8559,46.2654],[14.8592,46.2744],[14.8568,46.2762],[14.8633,46.2793],[14.8625,46.2807],[14.8649,46.2825],[14.8645,46.2842],[14.8676,46.2831],[14.8722,46.2849],[14.874,46.2877],[14.8757,46.2881],[14.874,46.2893],[14.8743,46.2915],[14.8727,46.2933],[14.8785,46.2942],[14.8783,46.2964],[14.8763,46.2973],[14.875,46.2973],[14.876,46.2996],[14.8749,46.3016],[14.8669,46.3059],[14.8661,46.309],[14.8678,46.3102],[14.866,46.3121]]]}},{"type":"Feature","properties":{"id":"110200000110268427","name":"Gornji Petrovci"},"geometry":{"type":"Polygon","coordinates":[[[16.2102,46.7431],[16.2142,46.7405],[16.2209,46.74],[16.222,46.7384],[16.2273,46.7474],[16.2323,46.7509],[16.2298,46.7569],[16.2373,46.7597],[16.2414,46.759],[16.2442,46.7686],[16.2537,46.7751],[16.2577,46.7764],[16.2615,46.7791],[16.2589,46.783],[16.2615,46.7828],[16.2635,46.7851],[16.2685,46.7965],[16.2714,46.7995],[16.2689,46.8015],[16.2712,46.802],[16.2696,46.8064],[16.2634,46.8134],[16.2623,46.8144],[16.2563,46.8131],[16.2574,46.8192],[16.2567,46.8229],[16.2479,46.8256],[16.2438,46.825],[16.2332,46.8275],[16.2256,46.8344],[16.2207,46.8354],[16.2201,46.8369],[16.2131,46.8387],[16.206,46.8427],[16.1973,46.8506],[16.1926,46.8499],[16.1753,46.8571],[16.1653,46.8601],[16.1623,46.8592],[16.1561,46.8537],[16.1505,46.856],[16.1476,46.8546],[16.1348,46.8561],[16.133,46.8537],[16.1361,46.8514],[16.1353,46.8506],[16.1374,46.846],[16.1357,46.8411],[16.1337,46.8403],[16.1285,46.8425],[16.1249,46.8399],[16.1299,46.8363],[16.1249,46.832],[16.1275,46.8315],[16.1304,46.8285],[16.1395,46.826],[16.1517,46.8254],[16.1527,46.8231],[16.1569,46.8202],[16.1658,46.8162],[16.1681,46.8128],[16.1656,46.8094],[16.1624,46.8086],[16.1611,46.807],[16.1651,46.8035],[16.1705,46.8036],[16.1736,46.8024],[16.1766,46.797],[16.1843,46.7916],[16.188,46.7896],[16.1926,46.7923],[16.2035,46.7905],[16.2053,46.7847],[16.2112,46.7801],[16.2133,46.7746],[16.1984,46.7684],[16.1915,46.7628],[16.1852,46.7549],[16.1955,46.7521],[16.1986,46.7546],[16.2004,46.7541],[16.1976,46.7498],[16.2016,46.7481],[16.2074,46.7487],[16.2118,46.7445],[16.2102,46.7431]]]}},{"type":"Feature","properties":{"id":"110200000110268690","name":"Grosuplje"},"geometry":{"type":"Polygon","coordinates":[[[14.6403,45.8754],[14.6453,45.8765],[14.6533,45.8755],[14.6622,45.8832],[14.6594,45.8861],[14.6557,45.8875],[14.6627,45.8885],[14.6616,45.8913],[14.6655,45.8935],[14.6685,45.8913],[14.6731,45.8931],[14.6762,45.8897],[14.6791,45.8898],[14.6793,45.8868],[14.6823,45.885],[14.6883,45.8841],[14.6898,45.8831],[14.6892,45.8825],[14.6928,45.8828],[14.6964,45.8803],[14.6968,45.8833],[14.7016,45.8836],[14.7093,45.8799],[14.7067,45.8782],[14.7151,45.8766],[14.7154,45.8756],[14.7188,45.8767],[14.7237,45.8733],[14.7319,45.8748],[14.7358,45.8787],[14.7399,45.8784],[14.7465,45.8808],[14.7457,45.8823],[14.7514,45.8844],[14.7461,45.889],[14.7475,45.8899],[14.746,45.8901],[14.7447,45.8935],[14.7456,45.8945],[14.7435,45.8965],[14.745,45.8986],[14.7445,45.9005],[14.7463,45.9014],[14.7449,45.9063],[14.7467,45.9068],[14.7478,45.9053],[14.7514,45.9048],[14.7541,45.9075],[14.7425,45.9159],[14.7435,45.9165],[14.7422,45.9191],[14.7365,45.9253],[14.7372,45.928],[14.7345,45.9319],[14.7343,45.9332],[14.7353,45.9334],[14.7342,45.937],[14.732,45.9387],[14.7325,45.9401],[14.7301,45.9405],[14.7307,45.9419],[14.7289,45.9434],[14.735,45.9446],[14.7361,45.9466],[14.7341,45.9466],[14.7343,45.9478],[14.7328,45.9484],[14.7291,45.9483],[14.729,45.9507],[14.7274,45.95],[14.7245,45.9511],[14.723,45.9489],[14.7209,45.9524],[14.7193,45.9517],[14.7185,45.9534],[14.7113,45.9532],[14.7145,45.9515],[14.7125,45.9501],[14.7047,45.9576],[14.7107,45.9626],[14.7122,45.9682],[14.7137,45.9691],[14.7155,45.9676],[14.7188,45.9689],[14.7174,45.9724],[14.7205,45.9748],[14.7261,45.9765],[14.7241,45.9815],[14.7272,45.9861],[14.7361,45.9923],[14.7412,45.9906],[14.7434,45.9926],[14.74,45.9935],[14.7411,45.9975],[14.7316,45.9978],[14.7314,45.9996],[14.7254,46.0003],[14.7236,46.0037],[14.7226,46.001],[14.7204,46.0007],[14.7186,46.0064],[14.7146,46.0075],[14.715,46.0091],[14.7135,46.0099],[14.7145,46.0119],[14.7116,46.0117],[14.7045,46.0153],[14.6989,46.0104],[14.6961,46.0125],[14.6942,46.0082],[14.6843,46.0107],[14.6745,46.0046],[14.6755,46.0028],[14.6832,45.9989],[14.6792,45.9959],[14.6726,45.9956],[14.6688,45.9936],[14.6677,45.9912],[14.6692,45.9885],[14.6667,45.9877],[14.6626,45.9874],[14.657,45.989],[14.6574,45.9879],[14.6551,45.9877],[14.6501,45.9898],[14.6451,45.9884],[14.6414,45.9902],[14.6405,45.9876],[14.6389,45.9895],[14.6394,45.9907],[14.6379,45.9906],[14.6333,45.9956],[14.6301,45.9943],[14.6326,45.9893],[14.6366,45.9874],[14.6241,45.9874],[14.6238,45.9888],[14.6209,45.9884],[14.6191,45.9897],[14.6144,45.9964],[14.6143,45.9905],[14.6056,45.9899],[14.6053,45.9922],[14.6041,45.9921],[14.6007,45.9895],[14.6022,45.9884],[14.6013,45.9875],[14.5847,45.984],[14.5852,45.9808],[14.5909,45.974],[14.5892,45.9724],[14.5895,45.9699],[14.5913,45.9691],[14.5896,45.9661],[14.5909,45.9652],[14.5966,45.9666],[14.5979,45.9654],[14.5932,45.963],[14.5954,45.9614],[14.5966,45.9582],[14.5963,45.9561],[14.5932,45.9534],[14.5965,45.9519],[14.5941,45.9469],[14.595,45.9437],[14.593,45.9415],[14.5949,45.9371],[14.5933,45.9369],[14.5902,45.9337],[14.5891,45.9306],[14.5894,45.928],[14.5957,45.9178],[14.5966,45.9131],[14.5996,45.9121],[14.599,45.9106],[14.6006,45.9109],[14.6026,45.9095],[14.6024,45.9085],[14.6041,45.9087],[14.6185,45.8988],[14.6213,45.8977],[14.6217,45.8994],[14.6221,45.8979],[14.6253,45.8965],[14.6256,45.8943],[14.6278,45.8929],[14.6276,45.8907],[14.6256,45.8907],[14.6249,45.8887],[14.6271,45.885],[14.6301,45.8853],[14.6286,45.8821],[14.631,45.8806],[14.6326,45.8767],[14.6346,45.8755],[14.6393,45.8775],[14.6403,45.8754]]]}},{"type":"Feature","properties":{"id":"110200000110268773","name":"Šalovci"},"geometry":{"type":"Polygon","coordinates":[[[16.3122,46.778],[16.3111,46.7864],[16.313,46.7977],[16.3067,46.797],[16.3058,46.7984],[16.2967,46.8001],[16.2973,46.802],[16.2958,46.8045],[16.2966,46.8065],[16.3021,46.8098],[16.3032,46.8119],[16.3058,46.812],[16.3059,46.8155],[16.3089,46.8154],[16.3113,46.8248],[16.3096,46.8268],[16.3089,46.8328],[16.3019,46.8334],[16.2966,46.8406],[16.3037,46.8433],[16.2997,46.8513],[16.2906,46.8584],[16.2974,46.8665],[16.2947,46.871],[16.2914,46.8728],[16.2653,46.8718],[16.2462,46.8745],[16.2421,46.8763],[16.2332,46.8767],[16.2277,46.8734],[16.2267,46.871],[16.2252,46.8719],[16.2158,46.8685],[16.2037,46.8693],[16.1977,46.8669],[16.1856,46.8657],[16.1784,46.8584],[16.1753,46.8571],[16.1926,46.8499],[16.1973,46.8506],[16.206,46.8427],[16.2131,46.8387],[16.2201,46.8369],[16.2207,46.8354],[16.2256,46.8344],[16.2332,46.8275],[16.2438,46.825],[16.2479,46.8256],[16.2567,46.8229],[16.2574,46.8192],[16.2563,46.8131],[16.2623,46.8144],[16.2634,46.8134],[16.2696,46.8064],[16.2712,46.802],[16.2689,46.8015],[16.2714,46.7995],[16.2685,46.7965],[16.2635,46.7851],[16.2615,46.7828],[16.2589,46.783],[16.2615,46.7791],[16.2577,46.7764],[16.2633,46.7763],[16.272,46.7716],[16.2808,46.7709],[16.2959,46.7727],[16.3077,46.7776],[16.3122,46.778]]]}},{"type":"Feature","properties":{"id":"110200000110268856","name":"Hrastnik"},"geometry":{"type":"Polygon","coordinates":[[[15.102,46.0936],[15.1074,46.0909],[15.1146,46.0896],[15.1199,46.0903],[15.1231,46.0862],[15.1404,46.0862],[15.1478,46.0886],[15.1456,46.0909],[15.1522,46.0906],[15.155,46.0931],[15.151,46.0966],[15.1338,46.1046],[15.1351,46.1061],[15.1389,46.1058],[15.1399,46.1074],[15.1376,46.1112],[15.1431,46.1125],[15.1456,46.1085],[15.1516,46.1076],[15.1539,46.1043],[15.1598,46.1047],[15.1703,46.1],[15.1697,46.1026],[15.1732,46.1071],[15.1778,46.1088],[15.1802,46.1075],[15.1814,46.1093],[15.1889,46.1099],[15.1883,46.1111],[15.181,46.1156],[15.1823,46.1193],[15.1794,46.1199],[15.18,46.126],[15.174,46.1271],[15.1753,46.1318],[15.174,46.1335],[15.1706,46.1334],[15.1689,46.1379],[15.1574,46.1408],[15.1561,46.1451],[15.1577,46.1507],[15.15,46.1526],[15.1494,46.1541],[15.1507,46.1563],[15.1459,46.1595],[15.1363,46.1564],[15.1311,46.1562],[15.1261,46.1584],[15.1305,46.1662],[15.1233,46.1667],[15.1237,46.1702],[15.125,46.1704],[15.1221,46.172],[15.1227,46.1743],[15.1205,46.1742],[15.1188,46.1772],[15.1156,46.1784],[15.1159,46.1802],[15.1113,46.1817],[15.1087,46.1839],[15.1066,46.1836],[15.1076,46.1811],[15.1064,46.1801],[15.1093,46.1775],[15.0954,46.1766],[15.0918,46.175],[15.0895,46.1758],[15.0849,46.172],[15.0821,46.1738],[15.081,46.1726],[15.0829,46.172],[15.0812,46.1706],[15.083,46.17],[15.0785,46.1687],[15.0762,46.1694],[15.0782,46.1671],[15.0764,46.1674],[15.0783,46.1663],[15.078,46.1648],[15.0801,46.1643],[15.0798,46.1621],[15.0826,46.1586],[15.0818,46.1584],[15.0828,46.1577],[15.0826,46.1558],[15.0777,46.1546],[15.0754,46.1553],[15.0735,46.1532],[15.0701,46.1537],[15.0675,46.1482],[15.0614,46.1468],[15.0578,46.1415],[15.0608,46.1375],[15.0679,46.1361],[15.0644,46.1343],[15.0653,46.1328],[15.0623,46.1295],[15.0621,46.1269],[15.0688,46.1248],[15.0692,46.1227],[15.072,46.1205],[15.0712,46.1194],[15.0724,46.1161],[15.0757,46.1134],[15.0857,46.1138],[15.0864,46.1106],[15.094,46.109],[15.0933,46.1032],[15.0954,46.0994],[15.0986,46.0978],[15.0989,46.0961],[15.102,46.0936]]]}},{"type":"Feature","properties":{"id":"110200000110268930","name":"Idrija"},"geometry":{"type":"Polygon","coordinates":[[[14.0307,46.0716],[14.0334,46.0677],[14.0338,46.0647],[14.0266,46.0619],[14.0226,46.0626],[14.0242,46.0638],[14.0213,46.0645],[14.0219,46.0659],[14.0159,46.0651],[14.0158,46.0635],[14.0116,46.0628],[14.0103,46.0611],[14.0004,46.0642],[13.9987,46.0663],[13.9894,46.0712],[13.9851,46.072],[13.9758,46.0802],[13.9694,46.083],[13.9664,46.0868],[13.9612,46.089],[13.9579,46.0873],[13.9604,46.0847],[13.9592,46.0836],[13.9613,46.0841],[13.9616,46.0832],[13.9595,46.0815],[13.9588,46.0775],[13.9603,46.0764],[13.9544,46.0744],[13.9508,46.0749],[13.95,46.0702],[13.951,46.0688],[13.9493,46.0663],[13.9456,46.066],[13.9442,46.0688],[13.9415,46.0688],[13.9417,46.0675],[13.9364,46.0647],[13.9341,46.0725],[13.9259,46.0699],[13.9252,46.0683],[13.9272,46.0684],[13.9321,46.0653],[13.934,46.0616],[13.9308,46.0559],[13.9281,46.0579],[13.9193,46.0597],[13.9141,46.0574],[13.9081,46.0599],[13.9068,46.0629],[13.9036,46.0653],[13.8994,46.0646],[13.8969,46.0658],[13.8948,46.0655],[13.8927,46.0685],[13.8863,46.0689],[13.888,46.0668],[13.8875,46.0643],[13.885,46.0627],[13.8869,46.0601],[13.8852,46.0571],[13.8727,46.0615],[13.8699,46.0652],[13.8665,46.0649],[13.8631,46.0669],[13.8641,46.0648],[13.8633,46.0626],[13.866,46.0583],[13.8649,46.056],[13.8622,46.0562],[13.861,46.0536],[13.8638,46.0522],[13.8645,46.0502],[13.8746,46.0496],[13.8762,46.0484],[13.8738,46.0455],[13.876,46.0449],[13.8757,46.0417],[13.878,46.0401],[13.8769,46.0381],[13.8664,46.0423],[13.8675,46.0348],[13.8716,46.0317],[13.8688,46.0248],[13.8704,46.0231],[13.8685,46.0147],[13.8703,46.009],[13.8686,46.0047],[13.8552,46.0006],[13.8563,45.9984],[13.8691,45.9933],[13.8729,45.9867],[13.8692,45.9819],[13.8724,45.9795],[13.8757,45.9789],[13.8796,45.976],[13.8888,45.9745],[13.8984,45.9696],[13.904,45.971],[13.9097,45.9705],[13.9093,45.9683],[13.9119,45.9657],[13.9111,45.9643],[13.9194,45.9584],[13.9204,45.9553],[13.9254,45.9498],[13.9296,45.9491],[13.9359,45.9434],[13.9467,45.9407],[13.9486,45.942],[13.9479,45.9385],[13.9511,45.9371],[13.9551,45.9314],[13.9573,45.9313],[13.9664,45.9361],[13.9675,45.9355],[13.9669,45.9305],[13.9735,45.9301],[13.9834,45.9251],[13.9861,45.9257],[13.9871,45.9242],[13.9861,45.9239],[13.9998,45.9178],[14.0009,45.9154],[13.9987,45.9133],[13.9996,45.9115],[14.0161,45.9097],[14.0345,45.9032],[14.036,45.9009],[14.0325,45.8969],[14.0373,45.8956],[14.0515,45.8843],[14.0572,45.8894],[14.065,45.8855],[14.071,45.8868],[14.0732,45.8892],[14.0767,45.89],[14.0791,45.8898],[14.0791,45.8873],[14.0857,45.8858],[14.0853,45.8844],[14.1241,45.8785],[14.1209,45.8962],[14.1119,45.9046],[14.1041,45.907],[14.1011,45.9101],[14.1023,45.9213],[14.0979,45.9304],[14.1005,45.9323],[14.103,45.932],[14.1025,45.9336],[14.1051,45.935],[14.1113,45.9361],[14.1104,45.938],[14.1119,45.9478],[14.1202,45.9517],[14.1197,45.9589],[14.1172,45.9624],[14.119,45.9676],[14.1155,45.968],[14.1097,45.9654],[14.1074,45.9668],[14.1083,45.9679],[14.1073,45.9725],[14.1118,45.9761],[14.1132,45.976],[14.1111,45.9802],[14.1243,45.9787],[14.1306,45.9807],[14.1308,45.9842],[14.1353,45.9887],[14.134,45.9908],[14.1345,45.9924],[14.1376,45.9938],[14.1415,45.9925],[14.1451,45.9942],[14.1393,45.996],[14.1409,45.9972],[14.1395,45.9975],[14.1401,45.9994],[14.1434,46.0],[14.142,46.0013],[14.1428,46.0022],[14.1461,46.0028],[14.1453,46.004],[14.1431,46.0032],[14.1402,46.0046],[14.1339,46.0045],[14.1335,46.0034],[14.1233,46.0053],[14.1218,46.0039],[14.1215,46.0084],[14.1149,46.0069],[14.1143,46.0082],[14.1159,46.0089],[14.114,46.0091],[14.1119,46.012],[14.1047,46.0114],[14.1058,46.0122],[14.1046,46.0127],[14.1056,46.0149],[14.1089,46.0173],[14.1026,46.0216],[14.1021,46.0248],[14.1045,46.027],[14.0989,46.0313],[14.1023,46.0336],[14.1021,46.0348],[14.0994,46.036],[14.093,46.0344],[14.0895,46.0327],[14.0884,46.0307],[14.0855,46.0328],[14.0832,46.0276],[14.0763,46.0267],[14.0792,46.0282],[14.0803,46.0307],[14.082,46.0308],[14.0862,46.0376],[14.0784,46.038],[14.0786,46.0395],[14.0812,46.0392],[14.0806,46.0418],[14.0788,46.042],[14.0794,46.0447],[14.0756,46.047],[14.0773,46.0489],[14.0769,46.0503],[14.066,46.0532],[14.0621,46.0576],[14.0592,46.058],[14.0601,46.0591],[14.0563,46.0591],[14.0546,46.0617],[14.0466,46.0642],[14.0467,46.0655],[14.0417,46.0656],[14.0394,46.0667],[14.0384,46.0688],[14.0307,46.0716]]]}},{"type":"Feature","properties":{"id":"110200000110269078","name":"Ig"},"geometry":{"type":"Polygon","coordinates":[[[14.5336,45.9906],[14.5289,45.9905],[14.5249,45.992],[14.5197,45.9975],[14.5195,45.9966],[14.5124,45.9966],[14.5094,46.0031],[14.472,45.9949],[14.4781,45.9799],[14.4782,45.9783],[14.4764,45.9774],[14.4729,45.978],[14.4676,45.9762],[14.4673,45.9785],[14.459,45.9794],[14.4575,45.9764],[14.4485,45.9756],[14.4463,45.9742],[14.4546,45.9608],[14.4626,45.9512],[14.4646,45.9466],[14.4624,45.9452],[14.465,45.9445],[14.4646,45.9431],[14.4614,45.9385],[14.4592,45.9376],[14.4622,45.9346],[14.4623,45.9244],[14.4674,45.9156],[14.4666,45.9011],[14.473,45.8915],[14.4842,45.8846],[14.4907,45.8822],[14.5015,45.8863],[14.5034,45.8885],[14.5105,45.8877],[14.521,45.8843],[14.527,45.8809],[14.5361,45.8797],[14.5362,45.877],[14.5409,45.8734],[14.5527,45.8716],[14.556,45.8679],[14.5604,45.868],[14.5612,45.8666],[14.5693,45.8637],[14.5741,45.868],[14.5861,45.8721],[14.5865,45.8734],[14.5848,45.875],[14.589,45.8809],[14.5899,45.8846],[14.592,45.8851],[14.5908,45.8859],[14.5909,45.8894],[14.5858,45.8973],[14.5862,45.8958],[14.5841,45.8944],[14.5824,45.8991],[14.5796,45.902],[14.5746,45.9001],[14.5658,45.9037],[14.5635,45.9076],[14.5669,45.9117],[14.5669,45.9147],[14.5653,45.9152],[14.5666,45.9184],[14.5595,45.9186],[14.5558,45.9144],[14.5518,45.9171],[14.55,45.9271],[14.5546,45.9278],[14.56,45.932],[14.5611,45.9358],[14.5602,45.938],[14.5636,45.938],[14.5616,45.9442],[14.5596,45.9465],[14.5622,45.9475],[14.5567,45.9543],[14.5616,45.9562],[14.5518,45.9657],[14.548,45.9669],[14.5574,45.9719],[14.5547,45.9722],[14.5491,45.9837],[14.5349,45.9873],[14.5336,45.9906]]]}},{"type":"Feature","properties":{"id":"110200000110269151","name":"Ivančna Gorica"},"geometry":{"type":"Polygon","coordinates":[[[14.8048,45.7985],[14.8119,45.7997],[14.8133,45.798],[14.8186,45.8012],[14.8265,45.7996],[14.8349,45.7956],[14.852,45.7958],[14.8578,45.8011],[14.8588,45.8034],[14.8565,45.8071],[14.8565,45.8102],[14.8587,45.8176],[14.8584,45.8347],[14.8538,45.8338],[14.8507,45.8359],[14.8502,45.8396],[14.8487,45.8395],[14.8533,45.8445],[14.8461,45.8449],[14.8435,45.8504],[14.8436,45.8561],[14.8483,45.8577],[14.85,45.8562],[14.8556,45.8572],[14.8579,45.8568],[14.8611,45.8556],[14.8671,45.8566],[14.8801,45.855],[14.8797,45.8584],[14.8813,45.8591],[14.8775,45.8598],[14.8789,45.861],[14.8825,45.8607],[14.8824,45.8655],[14.8781,45.8667],[14.8758,45.8687],[14.8761,45.8701],[14.8758,45.8717],[14.871,45.8736],[14.8728,45.8775],[14.8701,45.8784],[14.8675,45.8815],[14.8604,45.8858],[14.8661,45.8885],[14.8694,45.8943],[14.8754,45.8969],[14.8768,45.9033],[14.8798,45.9049],[14.8822,45.9046],[14.8828,45.9081],[14.8777,45.9173],[14.8804,45.9238],[14.8771,45.9266],[14.8782,45.929],[14.8846,45.9321],[14.8834,45.9345],[14.8863,45.9364],[14.8825,45.9394],[14.8835,45.9461],[14.8915,45.9453],[14.8986,45.9482],[14.9035,45.947],[14.9008,45.9452],[14.9039,45.9449],[14.9056,45.9473],[14.9069,45.9453],[14.9088,45.9458],[14.9103,45.9469],[14.9094,45.9506],[14.9107,45.9507],[14.9109,45.9534],[14.918,45.9559],[14.917,45.9571],[14.9187,45.9597],[14.925,45.9631],[14.9115,45.9644],[14.9102,45.9674],[14.9038,45.9703],[14.9042,45.9719],[14.9,45.9755],[14.8997,45.9774],[14.8952,45.98],[14.8914,45.9852],[14.8942,45.9915],[14.8842,45.9926],[14.8842,45.9972],[14.8797,46.0013],[14.88,46.0045],[14.8771,46.0071],[14.8713,46.0091],[14.869,46.0051],[14.8618,46.0064],[14.8604,46.0046],[14.8621,45.9991],[14.864,45.9983],[14.8589,45.9968],[14.8581,45.9941],[14.8544,45.9955],[14.8469,45.9957],[14.8452,45.998],[14.8373,45.9994],[14.831,45.9974],[14.8265,45.9989],[14.8253,46.0006],[14.8197,45.9998],[14.8187,46.0006],[14.8192,46.0026],[14.8176,46.0029],[14.8169,46.0047],[14.8123,46.0046],[14.8118,46.0019],[14.8104,46.0015],[14.8085,46.0041],[14.8058,46.0047],[14.807,46.0068],[14.8059,46.0075],[14.804,46.0051],[14.799,46.0069],[14.8002,46.0091],[14.7964,46.0131],[14.7874,46.0074],[14.7785,46.0075],[14.7765,46.009],[14.7746,46.005],[14.776,46.0029],[14.7698,45.9994],[14.7662,46.0001],[14.7634,45.9982],[14.7587,45.9979],[14.7507,46.001],[14.7504,46.0026],[14.7483,46.0021],[14.7432,45.9979],[14.7411,45.9975],[14.74,45.9935],[14.7434,45.9926],[14.7412,45.9906],[14.7361,45.9923],[14.7272,45.9861],[14.7241,45.9815],[14.7261,45.9765],[14.7205,45.9748],[14.7174,45.9724],[14.7188,45.9689],[14.7155,45.9676],[14.7137,45.9691],[14.7122,45.9682],[14.7107,45.9626],[14.7047,45.9576],[14.7125,45.9501],[14.7145,45.9515],[14.7113,45.9532],[14.7185,45.9534],[14.7193,45.9517],[14.7209,45.9524],[14.723,45.9489],[14.7245,45.9511],[14.7274,45.95],[14.729,45.9507],[14.7291,45.9483],[14.7328,45.9484],[14.7343,45.9478],[14.7341,45.9466],[14.7361,45.9466],[14.735,45.9446],[14.7289,45.9434],[14.7307,45.9419],[14.7301,45.9405],[14.7325,45.9401],[14.732,45.9387],[14.7342,45.937],[14.7353,45.9334],[14.7343,45.9332],[14.7345,45.9319],[14.7372,45.928],[14.7365,45.9253],[14.7422,45.9191],[14.7435,45.9165],[14.7425,45.9159],[14.7541,45.9075],[14.7514,45.9048],[14.7478,45.9053],[14.7467,45.9068],[14.7449,45.9063],[14.7463,45.9014],[14.7445,45.9005],[14.745,45.8986],[14.7435,45.8965],[14.7456,45.8945],[14.7447,45.8935],[14.746,45.8901],[14.7475,45.8899],[14.7461,45.889],[14.7514,45.8844],[14.7606,45.881],[14.7693,45.8714],[14.7685,45.8676],[14.7719,45.8642],[14.7701,45.8628],[14.7695,45.8638],[14.7634,45.8633],[14.7624,45.8625],[14.7632,45.8607],[14.7615,45.8609],[14.7615,45.8587],[14.7595,45.8568],[14.7549,45.8562],[14.7527,45.8545],[14.7525,45.8463],[14.7548,45.843],[14.7543,45.8309],[14.7621,45.8349],[14.7682,45.8317],[14.769,45.8252],[14.7724,45.8253],[14.7726,45.8235],[14.7752,45.8243],[14.7793,45.8201],[14.7834,45.8191],[14.7845,45.8164],[14.7812,45.813],[14.7808,45.8074],[14.8012,45.8029],[14.8048,45.7985]]]}},{"type":"Feature","properties":{"id":"110200000110269235","name":"Izola"},"geometry":{"type":"Polygon","coordinates":[[[13.6157,45.5399],[13.6149,45.536],[13.6163,45.5354],[13.6149,45.5342],[13.621,45.5317],[13.6197,45.5224],[13.6263,45.5148],[13.6294,45.5135],[13.6297,45.5106],[13.6311,45.5103],[13.6295,45.5093],[13.6293,45.5062],[13.628,45.5059],[13.6279,45.5031],[13.6319,45.4987],[13.628,45.4959],[13.6371,45.4933],[13.6376,45.4944],[13.6405,45.4947],[13.6392,45.4926],[13.6437,45.4933],[13.6398,45.4913],[13.6413,45.4895],[13.6404,45.4887],[13.6416,45.4876],[13.6468,45.488],[13.6476,45.4837],[13.6541,45.4792],[13.6502,45.4761],[13.6512,45.4749],[13.6538,45.4735],[13.656,45.4745],[13.657,45.4727],[13.6662,45.4755],[13.6699,45.4747],[13.6719,45.4758],[13.6713,45.4815],[13.6751,45.4893],[13.673,45.4926],[13.676,45.4944],[13.6813,45.5028],[13.6816,45.5053],[13.6924,45.516],[13.693,45.5196],[13.6898,45.5219],[13.6894,45.5241],[13.6911,45.5245],[13.6908,45.5321],[13.6941,45.5333],[13.692,45.538],[13.6897,45.5386],[13.692,45.5402],[13.6898,45.5433],[13.6935,45.5479],[13.6781,45.5451],[13.675,45.542],[13.6688,45.5388],[13.6645,45.5398],[13.6645,45.5415],[13.663,45.5422],[13.656,45.5417],[13.6564,45.5394],[13.6552,45.5392],[13.6562,45.5387],[13.6542,45.5374],[13.657,45.5389],[13.6588,45.5368],[13.6579,45.5358],[13.6541,45.5341],[13.6555,45.5351],[13.6553,45.5353],[13.654,45.5346],[13.6546,45.5361],[13.6521,45.5355],[13.6521,45.5353],[13.6538,45.5354],[13.6522,45.5349],[13.6522,45.5346],[13.6538,45.5348],[13.6522,45.5343],[13.6522,45.5341],[13.6538,45.5342],[13.6535,45.5334],[13.65,45.5342],[13.6518,45.5346],[13.6518,45.5348],[13.65,45.5347],[13.6518,45.5351],[13.6518,45.5354],[13.6499,45.5352],[13.6499,45.5358],[13.6539,45.5365],[13.6498,45.536],[13.6497,45.534],[13.6466,45.5339],[13.6445,45.5318],[13.6392,45.5333],[13.6298,45.5335],[13.6157,45.5399]]]}},{"type":"Feature","properties":{"id":"110200000110269318","name":"Juršinci"},"geometry":{"type":"Polygon","coordinates":[[[16.002,46.5238],[15.9972,46.5255],[15.9935,46.5237],[15.9783,46.5218],[15.9749,46.5172],[15.9687,46.5137],[15.9609,46.511],[15.9558,46.5116],[15.9515,46.5094],[15.9489,46.5095],[15.9466,46.5073],[15.944,46.5075],[15.9416,46.5037],[15.9423,46.5031],[15.9397,46.5021],[15.9393,46.49],[15.9399,46.4862],[15.942,46.4832],[15.9404,46.4803],[15.9377,46.4805],[15.9379,46.4769],[15.9348,46.471],[15.9378,46.4654],[15.9381,46.4617],[15.9347,46.462],[15.9351,46.4603],[15.939,46.455],[15.94,46.4552],[15.9393,46.4533],[15.9441,46.4521],[15.9484,46.4531],[15.9534,46.4514],[15.9559,46.4493],[15.9602,46.4418],[15.9628,46.4404],[15.9682,46.4411],[15.9686,46.4444],[15.972,46.4495],[15.9729,46.4486],[15.9831,46.4583],[15.9922,46.4617],[15.9981,46.4674],[15.9997,46.472],[15.9986,46.4737],[15.9994,46.4754],[15.9952,46.4824],[15.9979,46.4838],[15.9999,46.4823],[16.0062,46.4816],[16.0103,46.4878],[16.0098,46.4891],[16.0134,46.4911],[16.011,46.4925],[16.0157,46.4972],[16.0137,46.5008],[16.0136,46.5039],[16.0065,46.5077],[16.0118,46.5103],[16.0144,46.5129],[16.0116,46.5128],[16.0028,46.5175],[16.002,46.5238]]]}},{"type":"Feature","properties":{"id":"110200000110269409","name":"Kanal"},"geometry":{"type":"Polygon","coordinates":[[[13.6089,46.0088],[13.6126,46.0114],[13.6146,46.0097],[13.6183,46.0096],[13.6303,46.0028],[13.6328,45.9991],[13.6374,45.9969],[13.6544,46.0004],[13.644,46.0074],[13.6356,46.0149],[13.6229,46.0229],[13.6232,46.0247],[13.6294,46.0228],[13.6383,46.0231],[13.6434,46.0354],[13.6497,46.0443],[13.6537,46.0477],[13.6531,46.0483],[13.6622,46.0561],[13.6667,46.0588],[13.6741,46.0607],[13.6768,46.0673],[13.6829,46.0714],[13.6857,46.0755],[13.6904,46.0719],[13.6907,46.0732],[13.6952,46.0726],[13.6942,46.0749],[13.6993,46.0743],[13.7004,46.074],[13.6981,46.0728],[13.6999,46.0715],[13.7036,46.0725],[13.7063,46.0761],[13.7096,46.0702],[13.716,46.0641],[13.7228,46.0589],[13.7278,46.0578],[13.7297,46.0557],[13.737,46.0529],[13.738,46.05],[13.7547,46.0594],[13.7554,46.0615],[13.7532,46.0639],[13.7538,46.0658],[13.7576,46.0653],[13.7654,46.0752],[13.7707,46.0779],[13.7707,46.082],[13.7722,46.0844],[13.77,46.0951],[13.7708,46.0985],[13.7687,46.0998],[13.76,46.1004],[13.7623,46.1034],[13.7598,46.1038],[13.7594,46.1084],[13.7539,46.1067],[13.7531,46.109],[13.7465,46.1113],[13.7418,46.1094],[13.7308,46.1163],[13.7341,46.1166],[13.7281,46.1191],[13.7251,46.1204],[13.7172,46.1197],[13.7124,46.1262],[13.7086,46.1268],[13.702,46.1254],[13.7007,46.1284],[13.7104,46.131],[13.6984,46.1322],[13.6973,46.1305],[13.6952,46.1306],[13.6962,46.1325],[13.6923,46.137],[13.6872,46.1383],[13.6886,46.1448],[13.6877,46.1492],[13.6855,46.1541],[13.6798,46.1591],[13.6804,46.161],[13.6782,46.1628],[13.6795,46.1652],[13.6784,46.1668],[13.6738,46.1712],[13.6641,46.1705],[13.6622,46.1677],[13.6537,46.1613],[13.6535,46.1587],[13.6559,46.1548],[13.6546,46.154],[13.6548,46.1515],[13.6493,46.143],[13.6439,46.1372],[13.6391,46.1343],[13.6346,46.1348],[13.63,46.1318],[13.6286,46.1291],[13.6265,46.1288],[13.6238,46.1241],[13.619,46.1209],[13.6123,46.1187],[13.6117,46.1165],[13.6074,46.1162],[13.6013,46.1127],[13.602,46.1111],[13.5998,46.1101],[13.6002,46.1082],[13.5965,46.1069],[13.5964,46.1045],[13.5906,46.1028],[13.5876,46.1003],[13.5831,46.1005],[13.5827,46.0988],[13.58,46.0981],[13.5766,46.0945],[13.5728,46.0885],[13.5695,46.0892],[13.5665,46.0873],[13.562,46.0875],[13.5603,46.0855],[13.5542,46.0838],[13.5515,46.0845],[13.5503,46.0818],[13.5464,46.0833],[13.5435,46.0826],[13.5425,46.0771],[13.5387,46.0765],[13.5378,46.0745],[13.5342,46.0728],[13.5334,46.0694],[13.5298,46.0703],[13.5303,46.0672],[13.5423,46.0618],[13.5454,46.0622],[13.55,46.0599],[13.5622,46.058],[13.5685,46.0492],[13.567,46.0489],[13.5679,46.0476],[13.5642,46.0459],[13.567,46.0385],[13.5665,46.0362],[13.5794,46.0323],[13.5824,46.0273],[13.5802,46.0261],[13.584,46.0243],[13.5865,46.0255],[13.5884,46.0246],[13.5876,46.0217],[13.5899,46.0215],[13.5893,46.019],[13.5935,46.0191],[13.5947,46.0222],[13.5994,46.0208],[13.6016,46.0161],[13.6089,46.0088]]]}},{"type":"Feature","properties":{"id":"110200000110269581","name":"Kobarid"},"geometry":{"type":"Polygon","coordinates":[[[13.6336,46.1918],[13.6284,46.1944],[13.6257,46.194],[13.6188,46.1964],[13.6234,46.2019],[13.6204,46.2022],[13.6217,46.2035],[13.6204,46.2039],[13.6254,46.2088],[13.623,46.2091],[13.6256,46.2116],[13.621,46.2134],[13.6197,46.2152],[13.6287,46.2217],[13.6291,46.2209],[13.6342,46.227],[13.6383,46.2202],[13.6428,46.219],[13.6507,46.2232],[13.6496,46.2259],[13.6566,46.2262],[13.6572,46.2293],[13.6602,46.2299],[13.667,46.228],[13.6671,46.2304],[13.6703,46.2304],[13.6701,46.2319],[13.6726,46.2304],[13.672,46.2294],[13.6737,46.2305],[13.6867,46.2268],[13.695,46.2264],[13.6936,46.2272],[13.695,46.2296],[13.6895,46.2415],[13.6824,46.2462],[13.6853,46.249],[13.6869,46.2595],[13.6904,46.2607],[13.6997,46.2722],[13.7034,46.2731],[13.7172,46.2823],[13.7282,46.283],[13.735,46.2816],[13.7314,46.2839],[13.7301,46.2866],[13.7307,46.289],[13.7323,46.2892],[13.7316,46.291],[13.7327,46.2924],[13.7249,46.2966],[13.7109,46.2942],[13.6975,46.2968],[13.6629,46.2847],[13.6511,46.2882],[13.6406,46.2957],[13.6227,46.3008],[13.6174,46.2958],[13.6053,46.2917],[13.5924,46.2894],[13.571,46.295],[13.561,46.2996],[13.5564,46.2982],[13.5428,46.302],[13.5387,46.3004],[13.5353,46.3018],[13.5329,46.3013],[13.5209,46.2928],[13.5192,46.2898],[13.5207,46.2879],[13.52,46.2848],[13.5225,46.2831],[13.5221,46.2855],[13.5239,46.2868],[13.5298,46.2867],[13.5304,46.2799],[13.5292,46.275],[13.5193,46.2662],[13.5026,46.2698],[13.4913,46.2739],[13.4894,46.2725],[13.4785,46.2741],[13.4704,46.2737],[13.4707,46.2747],[13.4594,46.2784],[13.4519,46.2787],[13.4306,46.2854],[13.4138,46.2875],[13.411,46.2889],[13.4121,46.2925],[13.3994,46.2961],[13.4029,46.3001],[13.3755,46.2977],[13.3776,46.2914],[13.38,46.2889],[13.3865,46.2907],[13.3883,46.2856],[13.3924,46.2824],[13.3925,46.2699],[13.3947,46.2687],[13.3949,46.2673],[13.3936,46.266],[13.3965,46.2619],[13.3958,46.2602],[13.3976,46.2594],[13.3965,46.2587],[13.3982,46.2571],[13.3973,46.2563],[13.3984,46.2535],[13.4019,46.2523],[13.4056,46.2438],[13.41,46.24],[13.4229,46.2345],[13.4213,46.2332],[13.4223,46.2311],[13.4179,46.2284],[13.4145,46.2287],[13.4113,46.2274],[13.4166,46.2227],[13.4151,46.2187],[13.4106,46.2173],[13.4091,46.2151],[13.4119,46.2127],[13.4107,46.2124],[13.4114,46.2118],[13.422,46.2089],[13.4233,46.2061],[13.4359,46.2114],[13.4462,46.2127],[13.4482,46.2162],[13.444,46.2254],[13.4568,46.2261],[13.4654,46.2236],[13.4782,46.2251],[13.4969,46.2218],[13.4994,46.2192],[13.4973,46.2174],[13.5029,46.2157],[13.5155,46.2149],[13.5219,46.2178],[13.5291,46.2189],[13.5295,46.2122],[13.5389,46.2136],[13.5455,46.2122],[13.5619,46.2042],[13.5614,46.1991],[13.5661,46.195],[13.5654,46.1866],[13.567,46.1858],[13.5713,46.1871],[13.5711,46.1856],[13.573,46.1842],[13.5756,46.186],[13.5779,46.1854],[13.5862,46.1906],[13.5872,46.189],[13.5921,46.1931],[13.5936,46.192],[13.5898,46.1883],[13.6127,46.1893],[13.6138,46.1871],[13.6115,46.1855],[13.6146,46.1843],[13.6336,46.1918]]]}},{"type":"Feature","properties":{"id":"110200000110269664","name":"Kočevje"},"geometry":{"type":"Polygon","coordinates":[[[15.0632,45.6068],[15.046,45.612],[15.0443,45.615],[15.0399,45.6173],[15.0412,45.6202],[15.0327,45.6318],[15.0265,45.6357],[15.0176,45.6412],[15.0112,45.6581],[15.0123,45.6784],[15.0029,45.6806],[15.0007,45.6829],[14.9949,45.6848],[14.9807,45.6951],[14.9804,45.6988],[14.9765,45.6986],[14.9763,45.7015],[14.9628,45.7053],[14.9607,45.7077],[14.9653,45.7081],[14.9634,45.7236],[14.9663,45.7226],[14.9667,45.7251],[14.9649,45.7315],[14.968,45.7366],[14.9694,45.7353],[14.9758,45.7349],[14.9777,45.7389],[14.9731,45.7405],[14.9768,45.7454],[14.9789,45.7447],[14.983,45.7492],[14.9829,45.7512],[14.9769,45.7523],[14.9805,45.7575],[14.9778,45.7621],[14.9799,45.765],[14.979,45.7666],[14.9526,45.7686],[14.9316,45.776],[14.9257,45.7763],[14.9255,45.773],[14.923,45.7709],[14.9145,45.7716],[14.9121,45.7699],[14.9124,45.7681],[14.9101,45.7654],[14.9072,45.7654],[14.9036,45.7624],[14.9032,45.7613],[14.9057,45.7601],[14.9072,45.7568],[14.9069,45.7529],[14.9021,45.7515],[14.8938,45.7432],[14.8871,45.7446],[14.8873,45.7459],[14.8852,45.747],[14.8808,45.7464],[14.8773,45.7443],[14.8727,45.7453],[14.8716,45.7467],[14.8716,45.7504],[14.8731,45.7523],[14.867,45.757],[14.86,45.7591],[14.8522,45.757],[14.8467,45.7586],[14.8429,45.756],[14.8397,45.7566],[14.837,45.7585],[14.8384,45.7627],[14.8396,45.763],[14.8357,45.7654],[14.8322,45.7621],[14.8316,45.7591],[14.8301,45.7598],[14.829,45.7585],[14.8302,45.758],[14.8264,45.7563],[14.8322,45.7528],[14.831,45.7482],[14.8369,45.7471],[14.842,45.7424],[14.8379,45.741],[14.8387,45.7403],[14.8351,45.7382],[14.8238,45.7266],[14.8195,45.7293],[14.8071,45.7182],[14.8124,45.7155],[14.7822,45.6928],[14.7804,45.6934],[14.7785,45.692],[14.7725,45.6852],[14.7757,45.6806],[14.7794,45.6693],[14.7867,45.663],[14.7837,45.661],[14.7833,45.6583],[14.7823,45.6584],[14.7809,45.6551],[14.779,45.6551],[14.7776,45.6504],[14.7757,45.6493],[14.7777,45.6452],[14.7775,45.6416],[14.7786,45.6413],[14.778,45.6396],[14.7743,45.6392],[14.7708,45.6363],[14.7565,45.6376],[14.7525,45.6391],[14.7478,45.6388],[14.7387,45.6446],[14.7353,45.6488],[14.7302,45.6495],[14.7284,45.6472],[14.7292,45.644],[14.728,45.6426],[14.7295,45.6395],[14.7266,45.6375],[14.6965,45.6356],[14.713,45.6233],[14.7223,45.6008],[14.7275,45.5756],[14.732,45.5749],[14.7356,45.5725],[14.7329,45.5691],[14.7295,45.5693],[14.7298,45.5664],[14.7253,45.5598],[14.7561,45.5484],[14.7727,45.5365],[14.7882,45.5281],[14.7954,45.5214],[14.8024,45.5147],[14.8067,45.5142],[14.8086,45.5107],[14.8084,45.5057],[14.812,45.5025],[14.8169,45.5036],[14.8241,45.5031],[14.8279,45.5054],[14.8325,45.5058],[14.8397,45.5169],[14.8424,45.5247],[14.836,45.5312],[14.8413,45.5325],[14.8394,45.5346],[14.8578,45.5399],[14.8627,45.5391],[14.8731,45.5339],[14.8738,45.5315],[14.8786,45.5285],[14.8976,45.5248],[14.9041,45.5222],[14.9051,45.5259],[14.9132,45.5262],[14.9144,45.5299],[14.9177,45.5317],[14.9293,45.534],[14.9364,45.5338],[14.9618,45.5174],[14.9622,45.5113],[14.9685,45.5096],[14.9771,45.5009],[14.9869,45.4967],[15.0139,45.4969],[15.0165,45.4931],[15.0232,45.4904],[15.0248,45.4867],[15.027,45.4856],[15.0428,45.4879],[15.0488,45.4938],[15.0554,45.494],[15.0576,45.4917],[15.0626,45.4945],[15.0611,45.4982],[15.0632,45.5016],[15.0702,45.5033],[15.0778,45.5096],[15.0787,45.5081],[15.0849,45.5117],[15.0937,45.5145],[15.1049,45.5131],[15.1105,45.5169],[15.1119,45.5214],[15.1134,45.5211],[15.1121,45.5235],[15.1091,45.524],[15.1012,45.5304],[15.0887,45.5283],[15.084,45.5245],[15.0667,45.5181],[15.0583,45.5189],[15.053,45.5234],[15.0553,45.5253],[15.0556,45.5302],[15.0538,45.5326],[15.0566,45.5348],[15.057,45.5381],[15.0605,45.5411],[15.0588,45.5405],[15.0576,45.5433],[15.0615,45.5454],[15.0628,45.5431],[15.0666,45.5431],[15.0687,45.5469],[15.0697,45.5461],[15.0715,45.5477],[15.0763,45.5481],[15.0775,45.5531],[15.0818,45.5523],[15.0813,45.5506],[15.0838,45.5483],[15.0828,45.5471],[15.0897,45.5473],[15.0943,45.556],[15.0941,45.5574],[15.0883,45.5603],[15.0794,45.5624],[15.0737,45.561],[15.0689,45.5631],[15.0701,45.5668],[15.0687,45.5685],[15.0698,45.5708],[15.0687,45.5711],[15.0705,45.5728],[15.0686,45.5763],[15.0718,45.5807],[15.0752,45.5828],[15.0691,45.5887],[15.0644,45.591],[15.0699,45.5949],[15.07,45.6009],[15.0608,45.6038],[15.0632,45.6068]]]}},{"type":"Feature","properties":{"id":"110200000110269748","name":"Kozje"},"geometry":{"type":"Polygon","coordinates":[[[15.5255,46.1336],[15.5098,46.1313],[15.5105,46.1294],[15.5075,46.1282],[15.5113,46.1229],[15.5035,46.1217],[15.5031,46.1197],[15.4997,46.1161],[15.5018,46.1108],[15.4944,46.11],[15.4878,46.1072],[15.4838,46.1091],[15.4838,46.1101],[15.4814,46.1103],[15.4811,46.1125],[15.4786,46.113],[15.4796,46.1154],[15.473,46.1172],[15.4684,46.1139],[15.4663,46.1101],[15.455,46.1141],[15.4543,46.1116],[15.4578,46.1109],[15.4572,46.1089],[15.4601,46.1066],[15.4635,46.1067],[15.462,46.1055],[15.4625,46.1042],[15.4595,46.0978],[15.4641,46.0895],[15.4708,46.0851],[15.4778,46.0839],[15.4807,46.0848],[15.4833,46.0808],[15.482,46.0724],[15.4791,46.0701],[15.4928,46.0652],[15.4933,46.0634],[15.4992,46.0605],[15.4982,46.0578],[15.506,46.0597],[15.5083,46.0632],[15.5114,46.0651],[15.5234,46.0617],[15.5234,46.058],[15.526,46.0557],[15.5289,46.0551],[15.5306,46.0487],[15.5407,46.0481],[15.5436,46.0396],[15.5435,46.0372],[15.5416,46.0345],[15.5441,46.0326],[15.5468,46.0256],[15.5474,46.0226],[15.5461,46.0201],[15.55,46.0197],[15.557,46.0231],[15.561,46.0227],[15.5585,46.0218],[15.5608,46.0213],[15.5644,46.0218],[15.5709,46.0263],[15.5767,46.0242],[15.5853,46.025],[15.5871,46.0262],[15.5882,46.0255],[15.5904,46.0274],[15.5922,46.026],[15.595,46.0263],[15.594,46.025],[15.595,46.0242],[15.5879,46.0163],[15.5911,46.0155],[15.5841,46.0085],[15.5851,46.0074],[15.5808,46.0068],[15.5833,46.0057],[15.5816,46.0041],[15.5786,46.0059],[15.5741,46.0029],[15.5708,45.9982],[15.5782,45.9962],[15.5796,45.9983],[15.5899,46.0004],[15.5927,46.0026],[15.5987,46.0025],[15.6037,46.0045],[15.6084,46.0095],[15.6143,46.013],[15.6246,46.0153],[15.6284,46.0202],[15.6329,46.0213],[15.6361,46.0246],[15.646,46.0297],[15.6515,46.0306],[15.6535,46.0313],[15.6468,46.0315],[15.6466,46.0325],[15.6559,46.0365],[15.6504,46.038],[15.6464,46.0412],[15.6388,46.0385],[15.6387,46.0368],[15.6362,46.0352],[15.6225,46.0346],[15.6215,46.036],[15.6221,46.0377],[15.6184,46.0373],[15.6147,46.0393],[15.6086,46.0382],[15.6055,46.04],[15.6044,46.0452],[15.6004,46.0482],[15.6017,46.0502],[15.5993,46.0545],[15.6008,46.0561],[15.6008,46.0616],[15.5977,46.0689],[15.5953,46.0694],[15.5917,46.0677],[15.591,46.0658],[15.5871,46.0657],[15.5869,46.0699],[15.5835,46.0727],[15.5822,46.0779],[15.5781,46.0805],[15.5765,46.0834],[15.5778,46.0853],[15.5765,46.0866],[15.5774,46.0873],[15.5805,46.0861],[15.5839,46.0868],[15.5892,46.0928],[15.5987,46.0956],[15.5964,46.1001],[15.5975,46.1011],[15.5906,46.1059],[15.5894,46.1095],[15.5756,46.1129],[15.5682,46.1113],[15.5619,46.1124],[15.5589,46.1157],[15.5554,46.1166],[15.5562,46.1186],[15.552,46.1227],[15.5533,46.1246],[15.5399,46.1291],[15.5408,46.1264],[15.5395,46.1244],[15.5333,46.124],[15.5293,46.1251],[15.5255,46.1336]]]}},{"type":"Feature","properties":{"id":"110200000110269821","name":"Krško"},"geometry":{"type":"Polygon","coordinates":[[[15.5379,45.8422],[15.5349,45.8466],[15.5348,45.8452],[15.5338,45.8454],[15.5299,45.849],[15.5251,45.8498],[15.5239,45.8515],[15.5172,45.8539],[15.5063,45.8558],[15.5069,45.8566],[15.5042,45.8601],[15.5053,45.8609],[15.5038,45.8619],[15.501,45.8689],[15.4956,45.8747],[15.4914,45.8772],[15.4926,45.8803],[15.4909,45.8838],[15.4927,45.8869],[15.4919,45.8899],[15.4948,45.8942],[15.4922,45.8942],[15.4925,45.8961],[15.495,45.896],[15.4952,45.9057],[15.4974,45.9068],[15.5004,45.9052],[15.5024,45.9061],[15.5008,45.9084],[15.505,45.9099],[15.5084,45.9051],[15.512,45.9053],[15.513,45.9039],[15.5204,45.9058],[15.5198,45.9074],[15.5249,45.9094],[15.5295,45.9072],[15.5328,45.9108],[15.5431,45.9076],[15.541,45.9162],[15.5431,45.918],[15.544,45.9213],[15.5406,45.9227],[15.5366,45.9267],[15.5427,45.9252],[15.5496,45.9259],[15.5541,45.9242],[15.5536,45.9252],[15.5596,45.9332],[15.5594,45.9356],[15.5577,45.9376],[15.5614,45.9409],[15.56,45.9431],[15.562,45.9472],[15.558,45.9477],[15.5556,45.9615],[15.5572,45.9645],[15.5599,45.9648],[15.5598,45.9696],[15.5613,45.9729],[15.5594,45.9776],[15.5535,45.9823],[15.5608,45.994],[15.5705,45.9983],[15.5655,46.0013],[15.5619,46.0008],[15.553,46.0023],[15.5471,46.0004],[15.5463,46.0024],[15.5482,46.0034],[15.5465,46.0053],[15.5502,46.0058],[15.5527,46.0075],[15.5528,46.0089],[15.5485,46.0089],[15.5477,46.0153],[15.5443,46.0155],[15.5425,46.0174],[15.5459,46.0181],[15.5461,46.0201],[15.5474,46.0226],[15.5468,46.0256],[15.5441,46.0326],[15.5416,46.0345],[15.5435,46.0372],[15.5436,46.0396],[15.5407,46.0481],[15.5306,46.0487],[15.5289,46.0551],[15.526,46.0557],[15.5234,46.058],[15.5234,46.0617],[15.5114,46.0651],[15.5083,46.0632],[15.506,46.0597],[15.4982,46.0578],[15.4992,46.0605],[15.4933,46.0634],[15.4928,46.0652],[15.4791,46.0701],[15.4726,46.0715],[15.4674,46.0693],[15.4521,46.0671],[15.4465,46.0701],[15.442,46.0703],[15.4332,46.0694],[15.4266,46.0656],[15.4214,46.0675],[15.4083,46.0664],[15.4078,46.0649],[15.4026,46.0627],[15.4051,46.0546],[15.4106,46.0509],[15.4117,46.0478],[15.4027,46.0491],[15.4045,46.0382],[15.4034,46.0353],[15.4055,46.0347],[15.4062,46.0326],[15.4027,46.0308],[15.407,46.0301],[15.4077,46.0288],[15.4065,46.0266],[15.4092,46.0203],[15.4143,46.0179],[15.4138,46.0169],[15.4181,46.0158],[15.4151,46.0127],[15.4155,46.0111],[15.4192,46.0088],[15.4212,46.0028],[15.4243,46.001],[15.417,46.0002],[15.4158,45.9964],[15.417,45.9933],[15.4131,45.9932],[15.4141,45.9904],[15.3934,45.9823],[15.381,45.9814],[15.3754,45.9777],[15.3739,45.9738],[15.3754,45.9669],[15.3725,45.9618],[15.3681,45.9567],[15.3604,45.9579],[15.3607,45.9502],[15.3644,45.9489],[15.3611,45.948],[15.3595,45.9459],[15.3503,45.946],[15.3504,45.9441],[15.3537,45.9414],[15.3513,45.9376],[15.35,45.9346],[15.3416,45.928],[15.3431,45.9251],[15.3418,45.9235],[15.3433,45.919],[15.3424,45.9185],[15.344,45.9165],[15.3431,45.9146],[15.3448,45.9059],[15.3446,45.9006],[15.3385,45.8953],[15.3398,45.8941],[15.3342,45.8925],[15.338,45.8887],[15.3466,45.8884],[15.3488,45.887],[15.3485,45.8888],[15.351,45.8881],[15.3534,45.8894],[15.3649,45.8901],[15.3689,45.8896],[15.3681,45.8872],[15.3753,45.8863],[15.3754,45.8853],[15.3792,45.8844],[15.3788,45.8879],[15.4002,45.8877],[15.4004,45.8914],[15.4302,45.8916],[15.4283,45.8657],[15.4409,45.8625],[15.4387,45.8606],[15.4414,45.8594],[15.4396,45.8569],[15.4403,45.856],[15.4456,45.855],[15.4479,45.8528],[15.4548,45.8518],[15.454,45.85],[15.4563,45.8489],[15.4562,45.8441],[15.4584,45.8406],[15.4606,45.8397],[15.461,45.8376],[15.4682,45.8311],[15.4751,45.8305],[15.4789,45.8275],[15.4927,45.832],[15.4961,45.8293],[15.5029,45.8286],[15.5013,45.822],[15.5074,45.8221],[15.5106,45.8208],[15.5143,45.823],[15.5205,45.8211],[15.5223,45.823],[15.5284,45.8239],[15.5325,45.8279],[15.5361,45.8293],[15.5354,45.832],[15.5393,45.8362],[15.5379,45.8422]]]}},{"type":"Feature","properties":{"id":"110200000110270084","name":"Kungota"},"geometry":{"type":"Polygon","coordinates":[[[15.5424,46.6299],[15.5533,46.6278],[15.5574,46.6306],[15.5608,46.6269],[15.5651,46.6277],[15.5664,46.6254],[15.5737,46.627],[15.5756,46.6257],[15.5814,46.6261],[15.5863,46.6307],[15.5871,46.6293],[15.5907,46.6299],[15.5925,46.628],[15.5949,46.628],[15.5965,46.6296],[15.6013,46.6256],[15.6008,46.6242],[15.6033,46.6232],[15.6012,46.6209],[15.6024,46.6179],[15.6106,46.6205],[15.6139,46.6159],[15.6168,46.6155],[15.6224,46.6118],[15.626,46.6116],[15.6291,46.6089],[15.6317,46.6089],[15.6291,46.6065],[15.6296,46.6047],[15.6272,46.598],[15.6339,46.5975],[15.6463,46.5924],[15.6443,46.5996],[15.6473,46.6013],[15.6586,46.6016],[15.6624,46.6029],[15.6612,46.6055],[15.6573,46.6085],[15.6565,46.6121],[15.6535,46.6157],[15.6529,46.6208],[15.6505,46.6223],[15.6499,46.6284],[15.6476,46.6327],[15.6478,46.6385],[15.6449,46.6414],[15.6415,46.6438],[15.6408,46.646],[15.6323,46.655],[15.6336,46.6571],[15.6309,46.6631],[15.6217,46.664],[15.623,46.6661],[15.6207,46.6693],[15.621,46.6711],[15.6256,46.6753],[15.622,46.6792],[15.623,46.6796],[15.6137,46.6822],[15.6132,46.6834],[15.6054,46.6811],[15.6039,46.6839],[15.6056,46.6854],[15.605,46.6866],[15.6086,46.6877],[15.5966,46.6903],[15.5899,46.6861],[15.59,46.6833],[15.5863,46.6843],[15.5823,46.682],[15.5776,46.6832],[15.5781,46.6809],[15.5681,46.6803],[15.5674,46.6753],[15.5629,46.6751],[15.5599,46.6735],[15.5592,46.6711],[15.5532,46.6726],[15.553,46.6712],[15.551,46.6726],[15.5472,46.6693],[15.5463,46.6702],[15.5437,46.6693],[15.5468,46.6669],[15.546,46.6647],[15.548,46.6649],[15.5485,46.6589],[15.5535,46.6514],[15.5515,46.6477],[15.5468,46.6487],[15.5439,46.6461],[15.5456,46.6424],[15.547,46.6428],[15.5511,46.6403],[15.5498,46.6385],[15.546,46.637],[15.5456,46.6332],[15.5435,46.6322],[15.5424,46.6299]]]}},{"type":"Feature","properties":{"id":"110200000110270167","name":"Lenart"},"geometry":{"type":"Polygon","coordinates":[[[15.817,46.4948],[15.8224,46.4984],[15.8288,46.4991],[15.8334,46.5038],[15.8369,46.5024],[15.8383,46.5052],[15.842,46.507],[15.8466,46.5054],[15.8476,46.5057],[15.847,46.5071],[15.8484,46.5145],[15.851,46.5153],[15.8513,46.518],[15.8543,46.5185],[15.8552,46.5198],[15.854,46.5216],[15.8563,46.5251],[15.855,46.5265],[15.8577,46.5275],[15.8569,46.5286],[15.8599,46.5289],[15.8597,46.5307],[15.8586,46.5306],[15.8576,46.5324],[15.8584,46.5343],[15.8617,46.5349],[15.8625,46.5367],[15.8599,46.5374],[15.8518,46.5438],[15.8426,46.5454],[15.8419,46.5485],[15.8437,46.5477],[15.8478,46.5498],[15.8473,46.551],[15.8634,46.558],[15.8593,46.5658],[15.8633,46.5727],[15.8606,46.5739],[15.8572,46.5716],[15.8544,46.5715],[15.8564,46.5757],[15.852,46.5777],[15.8511,46.5802],[15.8532,46.5811],[15.8515,46.582],[15.8523,46.5852],[15.8591,46.5885],[15.858,46.5892],[15.8578,46.5919],[15.8559,46.5917],[15.8567,46.5937],[15.8548,46.5952],[15.8591,46.5977],[15.8639,46.5971],[15.8694,46.6007],[15.8654,46.6112],[15.8568,46.6122],[15.8528,46.61],[15.8527,46.6119],[15.85,46.608],[15.844,46.607],[15.8383,46.6085],[15.8394,46.6109],[15.8416,46.6112],[15.8404,46.6134],[15.8377,46.6138],[15.8362,46.6125],[15.8316,46.6127],[15.826,46.6108],[15.8217,46.6068],[15.8166,46.6057],[15.8224,46.601],[15.8216,46.5966],[15.8152,46.5963],[15.8063,46.5917],[15.7964,46.5884],[15.7958,46.5849],[15.787,46.585],[15.7866,46.5837],[15.7806,46.5815],[15.779,46.5796],[15.7773,46.5806],[15.7745,46.58],[15.7761,46.5783],[15.7714,46.5773],[15.7634,46.5797],[15.7627,46.5789],[15.7606,46.581],[15.7521,46.5766],[15.7514,46.5743],[15.7545,46.5731],[15.7523,46.5724],[15.7529,46.5709],[15.756,46.5691],[15.7565,46.5679],[15.7553,46.5675],[15.7566,46.5662],[15.7598,46.565],[15.7601,46.5619],[15.7658,46.5606],[15.7722,46.5613],[15.7701,46.558],[15.7717,46.5577],[15.7697,46.5567],[15.7693,46.5548],[15.7608,46.5533],[15.7576,46.5494],[15.7516,46.5495],[15.7506,46.5468],[15.7534,46.5425],[15.7619,46.5447],[15.7644,46.5443],[15.7709,46.5493],[15.7739,46.5499],[15.7748,46.5471],[15.7798,46.5472],[15.7803,46.5447],[15.786,46.5418],[15.7864,46.5408],[15.7839,46.5396],[15.7845,46.5372],[15.7832,46.5356],[15.7851,46.5331],[15.7945,46.5312],[15.7933,46.53],[15.7969,46.5276],[15.8043,46.5268],[15.8104,46.5213],[15.8138,46.5199],[15.8136,46.5177],[15.8167,46.5154],[15.8176,46.5115],[15.8092,46.5118],[15.8073,46.5092],[15.8038,46.5084],[15.8053,46.5058],[15.8031,46.5047],[15.8025,46.5019],[15.8106,46.5011],[15.8112,46.4968],[15.817,46.4948]]]}},{"type":"Feature","properties":{"id":"110200000110270241","name":"Litija"},"geometry":{"type":"Polygon","coordinates":[[[14.746,46.068],[14.7556,46.0656],[14.7602,46.0606],[14.7639,46.0609],[14.7632,46.0598],[14.768,46.0574],[14.7641,46.0567],[14.7667,46.0541],[14.7748,46.051],[14.7818,46.0516],[14.7858,46.0494],[14.7875,46.0506],[14.7878,46.0478],[14.7899,46.0452],[14.7943,46.0452],[14.7964,46.044],[14.7987,46.0458],[14.798,46.0477],[14.8086,46.0481],[14.8072,46.0499],[14.8047,46.0497],[14.8043,46.0519],[14.8054,46.0533],[14.8071,46.0524],[14.8092,46.0549],[14.8118,46.0548],[14.8129,46.0541],[14.8121,46.0531],[14.814,46.0526],[14.8191,46.0535],[14.8267,46.0477],[14.8311,46.0488],[14.8324,46.0478],[14.8325,46.0491],[14.8414,46.0524],[14.8413,46.0536],[14.8557,46.0528],[14.8639,46.0566],[14.8691,46.0562],[14.8728,46.061],[14.8653,46.0687],[14.8649,46.0711],[14.8866,46.0622],[14.8935,46.063],[14.8967,46.0597],[14.8959,46.0553],[14.9028,46.0568],[14.9042,46.0547],[14.9086,46.0527],[14.9084,46.0516],[14.9111,46.0504],[14.9105,46.0491],[14.9146,46.0463],[14.9204,46.0456],[14.9255,46.0431],[14.919,46.0342],[14.9231,46.0333],[14.9243,46.0258],[14.9273,46.0206],[14.9261,46.0146],[14.9236,46.0123],[14.9214,46.0071],[14.9216,46.0062],[14.9258,46.0064],[14.9289,46.0032],[14.9294,45.9966],[14.9263,45.9944],[14.9237,45.9941],[14.9254,45.9851],[14.9327,45.9844],[14.9449,45.9855],[14.9492,45.9838],[14.9477,45.9802],[14.9486,45.9786],[14.9649,45.9754],[14.9694,45.9694],[14.979,45.9689],[14.9863,45.97],[14.9889,45.9676],[14.9983,45.9632],[15.0034,45.9631],[15.0039,45.9641],[15.0023,45.9651],[15.0043,45.9658],[15.0101,45.9638],[15.0132,45.964],[15.0186,45.9677],[15.0147,45.9715],[15.0144,45.9733],[15.0225,45.9762],[15.0239,45.9774],[15.023,45.9787],[15.0248,45.9793],[15.0255,45.978],[15.0296,45.9795],[15.0314,45.9789],[15.0307,45.9843],[15.034,45.9863],[15.0306,45.9883],[15.0316,45.9893],[15.0303,45.9903],[15.0303,45.9924],[15.026,45.9979],[15.0217,45.9985],[15.0226,46.0019],[15.0261,46.0047],[15.0547,46.0044],[15.0573,46.0075],[15.0573,46.0136],[15.062,46.0154],[15.0703,46.0164],[15.0721,46.0161],[15.0714,46.0137],[15.0724,46.0149],[15.0727,46.0139],[15.0825,46.0125],[15.0807,46.02],[15.0828,46.0219],[15.0865,46.0222],[15.0895,46.0205],[15.0912,46.0216],[15.0954,46.0193],[15.0993,46.019],[15.0971,46.0211],[15.0985,46.0222],[15.0963,46.023],[15.0909,46.0286],[15.0922,46.0293],[15.0914,46.0303],[15.0878,46.0328],[15.0894,46.0357],[15.0884,46.0408],[15.0781,46.0418],[15.0716,46.0466],[15.0725,46.0514],[15.067,46.0563],[15.067,46.0595],[15.0682,46.0598],[15.0661,46.061],[15.0675,46.0655],[15.0638,46.0656],[15.0596,46.0634],[15.0509,46.0624],[15.0433,46.0595],[15.0386,46.0604],[15.0341,46.0576],[15.0329,46.0584],[15.0249,46.0556],[15.0237,46.0535],[15.0162,46.0498],[15.0049,46.0508],[15.0002,46.0526],[14.9946,46.0524],[14.988,46.0548],[14.9864,46.0577],[14.9924,46.0587],[14.9926,46.0602],[15.0014,46.0604],[15.0011,46.0624],[14.9991,46.0641],[14.9926,46.0661],[14.9936,46.0724],[14.993,46.075],[14.9915,46.0753],[14.9938,46.0757],[14.9899,46.078],[14.9909,46.0821],[14.9861,46.0855],[14.9883,46.0874],[14.9926,46.0866],[14.9939,46.0879],[15.0007,46.0896],[15.004,46.0979],[15.0028,46.0999],[15.0002,46.101],[15.0016,46.1018],[14.9969,46.1074],[14.9981,46.1117],[14.9925,46.1168],[14.9893,46.1169],[14.9818,46.1122],[14.9822,46.1135],[14.9726,46.1106],[14.9617,46.1044],[14.9552,46.0958],[14.9471,46.0927],[14.9377,46.0913],[14.9098,46.0933],[14.9012,46.0911],[14.8934,46.0956],[14.8947,46.0996],[14.893,46.1017],[14.8931,46.1044],[14.8898,46.1052],[14.8879,46.1077],[14.8883,46.1104],[14.8933,46.1139],[14.8923,46.119],[14.8941,46.121],[14.8927,46.1205],[14.8916,46.122],[14.8941,46.1243],[14.8938,46.1266],[14.8912,46.1273],[14.8928,46.1281],[14.8897,46.1294],[14.8862,46.1283],[14.8621,46.1287],[14.8603,46.1309],[14.8587,46.1302],[14.8585,46.1284],[14.8541,46.1274],[14.8514,46.129],[14.8434,46.1263],[14.8408,46.1277],[14.8352,46.1265],[14.8349,46.1288],[14.8366,46.1304],[14.8339,46.1359],[14.8289,46.1351],[14.8265,46.1335],[14.8266,46.1321],[14.8216,46.1298],[14.8185,46.1267],[14.8138,46.1287],[14.8084,46.1277],[14.8068,46.1257],[14.8026,46.1254],[14.7973,46.1228],[14.8022,46.1189],[14.804,46.1132],[14.7951,46.1156],[14.7939,46.1136],[14.7908,46.1125],[14.7935,46.1105],[14.7941,46.1074],[14.7931,46.1064],[14.7891,46.1079],[14.7888,46.1093],[14.7832,46.1078],[14.7835,46.1092],[14.7815,46.108],[14.7766,46.1096],[14.7755,46.1091],[14.7774,46.108],[14.7771,46.1067],[14.7723,46.1082],[14.774,46.1059],[14.771,46.1044],[14.771,46.1063],[14.7682,46.1076],[14.7671,46.1072],[14.7683,46.1046],[14.767,46.1044],[14.7647,46.1073],[14.7637,46.1069],[14.7641,46.1058],[14.7596,46.1047],[14.7634,46.1026],[14.7589,46.1016],[14.7604,46.0999],[14.7518,46.0978],[14.7536,46.0933],[14.7482,46.0891],[14.7206,46.0838],[14.7162,46.0849],[14.7148,46.0809],[14.7118,46.0781],[14.7117,46.0766],[14.7173,46.0758],[14.7231,46.0724],[14.7229,46.0696],[14.7188,46.0682],[14.7238,46.0656],[14.746,46.068]]]}},{"type":"Feature","properties":{"id":"110200000110270324","name":"Ljubno"},"geometry":{"type":"Polygon","coordinates":[[[14.8008,46.423],[14.8069,46.4207],[14.8053,46.4108],[14.8013,46.4081],[14.8059,46.4025],[14.8087,46.4012],[14.8096,46.396],[14.8129,46.3938],[14.8074,46.3834],[14.7982,46.3789],[14.7981,46.3734],[14.7959,46.3705],[14.7916,46.37],[14.7905,46.3685],[14.7935,46.3636],[14.7935,46.3611],[14.7903,46.3593],[14.7898,46.3569],[14.7864,46.3556],[14.7794,46.3491],[14.7814,46.3476],[14.7804,46.3459],[14.7808,46.3396],[14.776,46.3375],[14.7772,46.3356],[14.7799,46.3356],[14.787,46.3396],[14.7987,46.3421],[14.7958,46.3397],[14.7959,46.3376],[14.8009,46.3371],[14.8023,46.3358],[14.8026,46.3346],[14.7989,46.3305],[14.8,46.3285],[14.806,46.3285],[14.8104,46.3242],[14.8171,46.3266],[14.8241,46.3264],[14.8277,46.3244],[14.8299,46.32],[14.8354,46.3184],[14.837,46.3142],[14.8358,46.3129],[14.839,46.3109],[14.845,46.3108],[14.8487,46.3092],[14.8566,46.3125],[14.866,46.3121],[14.8703,46.3115],[14.8729,46.3148],[14.8749,46.3145],[14.8741,46.3186],[14.8764,46.3192],[14.8739,46.3225],[14.8795,46.3259],[14.8812,46.3253],[14.8801,46.328],[14.8769,46.3289],[14.8741,46.3335],[14.8752,46.3354],[14.8739,46.338],[14.8759,46.3396],[14.8763,46.3451],[14.8784,46.349],[14.8777,46.3513],[14.8861,46.354],[14.8862,46.36],[14.8885,46.3693],[14.889,46.3715],[14.8968,46.3794],[14.8977,46.3843],[14.901,46.3883],[14.9014,46.3911],[14.8957,46.4001],[14.8997,46.4135],[14.8907,46.4197],[14.8814,46.4199],[14.8678,46.4209],[14.8569,46.4189],[14.8531,46.4194],[14.8496,46.4175],[14.8451,46.4181],[14.842,46.4196],[14.8411,46.4216],[14.8355,46.4239],[14.8274,46.4245],[14.8241,46.4228],[14.8188,46.4236],[14.8108,46.4218],[14.8008,46.423]]]}},{"type":"Feature","properties":{"id":"110200000110270597","name":"Logatec"},"geometry":{"type":"Polygon","coordinates":[[[14.1294,45.8694],[14.1331,45.8733],[14.1386,45.8725],[14.1475,45.8766],[14.1497,45.8769],[14.1573,45.8723],[14.1615,45.8723],[14.1745,45.8742],[14.1909,45.8791],[14.193,45.8748],[14.1979,45.8754],[14.2007,45.8742],[14.2038,45.8706],[14.2091,45.8679],[14.2128,45.8696],[14.2157,45.8695],[14.22,45.8673],[14.2252,45.8627],[14.2209,45.8605],[14.2226,45.8583],[14.2277,45.8597],[14.2314,45.8584],[14.2344,45.86],[14.2363,45.8587],[14.2379,45.8598],[14.2402,45.8589],[14.2442,45.86],[14.2453,45.8575],[14.2408,45.8571],[14.2398,45.8558],[14.2446,45.8546],[14.2441,45.8529],[14.2455,45.8514],[14.2492,45.8531],[14.25,45.8519],[14.2491,45.8509],[14.2511,45.8491],[14.2568,45.8548],[14.2616,45.8565],[14.2634,45.8556],[14.2592,45.8536],[14.2593,45.8518],[14.264,45.8531],[14.2681,45.8514],[14.2706,45.8533],[14.2721,45.853],[14.2773,45.8497],[14.2786,45.847],[14.2801,45.8478],[14.2814,45.8524],[14.302,45.8825],[14.3005,45.8869],[14.2935,45.8983],[14.2936,45.9047],[14.259,45.9316],[14.2528,45.9335],[14.2524,45.935],[14.2551,45.9395],[14.2518,45.9408],[14.2476,45.9402],[14.2491,45.9443],[14.2431,45.9448],[14.2399,45.9473],[14.229,45.9498],[14.2283,45.9522],[14.2265,45.9513],[14.2237,45.9531],[14.2217,45.9491],[14.2157,45.9496],[14.2168,45.9503],[14.215,45.9515],[14.2163,45.9546],[14.2123,45.9547],[14.2059,45.9578],[14.2124,45.9623],[14.2231,45.966],[14.221,45.9691],[14.2223,45.969],[14.221,45.9703],[14.2224,45.9708],[14.2221,45.9719],[14.2201,45.9743],[14.2135,45.9735],[14.2131,45.9749],[14.2145,45.9791],[14.2131,45.9833],[14.2185,45.985],[14.2188,45.9924],[14.2242,45.9912],[14.2294,45.9937],[14.2354,45.9937],[14.2369,45.9948],[14.2251,46.0007],[14.2205,46.0045],[14.2149,46.0052],[14.2137,46.0076],[14.2148,46.0084],[14.2116,46.0078],[14.2036,46.0099],[14.2009,46.0085],[14.1985,46.01],[14.1941,46.0083],[14.1906,46.0051],[14.1888,46.0074],[14.1918,46.0136],[14.1898,46.0154],[14.1903,46.0212],[14.1893,46.0242],[14.1884,46.0261],[14.1919,46.0326],[14.1941,46.0337],[14.19,46.0377],[14.1861,46.037],[14.1863,46.0323],[14.176,46.0291],[14.1735,46.0267],[14.1755,46.023],[14.1735,46.0203],[14.1676,46.0189],[14.1575,46.0212],[14.1564,46.0178],[14.1574,46.0164],[14.1505,46.0166],[14.1484,46.0142],[14.1478,46.0121],[14.1497,46.0079],[14.1441,46.0084],[14.142,46.0076],[14.1402,46.0046],[14.1431,46.0032],[14.1453,46.004],[14.1461,46.0028],[14.1428,46.0022],[14.142,46.0013],[14.1434,46.0],[14.1401,45.9994],[14.1395,45.9975],[14.1409,45.9972],[14.1393,45.996],[14.1451,45.9942],[14.1415,45.9925],[14.1376,45.9938],[14.1345,45.9924],[14.134,45.9908],[14.1353,45.9887],[14.1308,45.9842],[14.1306,45.9807],[14.1243,45.9787],[14.1111,45.9802],[14.1132,45.976],[14.1118,45.9761],[14.1073,45.9725],[14.1083,45.9679],[14.1074,45.9668],[14.1097,45.9654],[14.1155,45.968],[14.119,45.9676],[14.1172,45.9624],[14.1197,45.9589],[14.1202,45.9517],[14.1119,45.9478],[14.1104,45.938],[14.1113,45.9361],[14.1051,45.935],[14.1025,45.9336],[14.103,45.932],[14.1005,45.9323],[14.0979,45.9304],[14.1023,45.9213],[14.1011,45.9101],[14.1041,45.907],[14.1119,45.9046],[14.1209,45.8962],[14.1241,45.8785],[14.1294,45.8694]]]}},{"type":"Feature","properties":{"id":"110200000110270670","name":"Loški Potok"},"geometry":{"type":"Polygon","coordinates":[[[14.7223,45.6008],[14.713,45.6233],[14.6965,45.6356],[14.7266,45.6375],[14.7295,45.6395],[14.728,45.6426],[14.7292,45.644],[14.7284,45.6472],[14.7302,45.6495],[14.7348,45.654],[14.7321,45.6581],[14.7352,45.6604],[14.7313,45.6686],[14.7325,45.6709],[14.723,45.6689],[14.7215,45.6779],[14.7064,45.679],[14.7039,45.6811],[14.6597,45.6848],[14.6646,45.6915],[14.6533,45.699],[14.6433,45.7148],[14.6397,45.7179],[14.6401,45.7188],[14.6379,45.7189],[14.6379,45.7208],[14.6346,45.7228],[14.6341,45.7271],[14.6326,45.7267],[14.6323,45.7286],[14.6243,45.729],[14.621,45.7337],[14.62,45.7334],[14.6203,45.7345],[14.6157,45.734],[14.6165,45.7328],[14.6112,45.733],[14.6082,45.73],[14.6047,45.7303],[14.6024,45.732],[14.5983,45.7304],[14.5953,45.7334],[14.5909,45.735],[14.5904,45.7369],[14.5887,45.736],[14.5852,45.7387],[14.5789,45.7376],[14.5766,45.7358],[14.5752,45.7373],[14.5683,45.7365],[14.5656,45.7356],[14.5641,45.7335],[14.5573,45.7342],[14.5479,45.7439],[14.5376,45.7394],[14.5422,45.725],[14.5516,45.7113],[14.5549,45.7006],[14.5596,45.6929],[14.561,45.6747],[14.57,45.6729],[14.5751,45.6721],[14.5768,45.6682],[14.578,45.6703],[14.5787,45.6698],[14.5783,45.6672],[14.5799,45.6661],[14.5785,45.6653],[14.5834,45.6647],[14.5861,45.6665],[14.5884,45.666],[14.5923,45.6679],[14.5944,45.6675],[14.597,45.6695],[14.5989,45.6663],[14.6006,45.6662],[14.601,45.6673],[14.6042,45.6662],[14.6048,45.6645],[14.606,45.6642],[14.606,45.6659],[14.6079,45.6642],[14.6059,45.6627],[14.6073,45.6613],[14.6067,45.6595],[14.6081,45.6601],[14.6097,45.6587],[14.6079,45.6576],[14.6049,45.6465],[14.6013,45.6437],[14.6017,45.6341],[14.5957,45.6271],[14.605,45.6219],[14.6083,45.6214],[14.6094,45.6191],[14.613,45.6168],[14.6189,45.6165],[14.623,45.6133],[14.6273,45.6142],[14.6273,45.6111],[14.6301,45.6081],[14.6308,45.6047],[14.6337,45.6029],[14.6379,45.6044],[14.6395,45.604],[14.6395,45.6027],[14.6414,45.6029],[14.6405,45.601],[14.6433,45.6007],[14.6516,45.5916],[14.657,45.5916],[14.6645,45.5895],[14.6673,45.5902],[14.6691,45.5891],[14.6724,45.59],[14.6786,45.589],[14.681,45.5877],[14.6817,45.5857],[14.684,45.5854],[14.6837,45.583],[14.6889,45.5813],[14.695,45.5876],[14.6922,45.5892],[14.7223,45.6008]]]}},{"type":"Feature","properties":{"id":"110200000110270753","name":"Luče"},"geometry":{"type":"Polygon","coordinates":[[[14.7799,46.3356],[14.7772,46.3356],[14.776,46.3375],[14.7808,46.3396],[14.7804,46.3459],[14.7814,46.3476],[14.7794,46.3491],[14.7864,46.3556],[14.7898,46.3569],[14.7903,46.3593],[14.7935,46.3611],[14.7935,46.3636],[14.7905,46.3685],[14.7916,46.37],[14.7959,46.3705],[14.7981,46.3734],[14.7982,46.3789],[14.8074,46.3834],[14.8129,46.3938],[14.8096,46.396],[14.8087,46.4012],[14.8059,46.4025],[14.8013,46.4081],[14.8053,46.4108],[14.8069,46.4207],[14.8008,46.423],[14.7909,46.4253],[14.7862,46.4294],[14.7789,46.4272],[14.7727,46.4321],[14.7677,46.4315],[14.7637,46.4288],[14.7633,46.4226],[14.7575,46.421],[14.7555,46.4188],[14.7528,46.4194],[14.7495,46.4163],[14.736,46.4088],[14.7316,46.4048],[14.741,46.3906],[14.74,46.3875],[14.733,46.3838],[14.7245,46.3839],[14.7203,46.3856],[14.7157,46.3823],[14.7001,46.3755],[14.6927,46.3799],[14.668,46.3614],[14.6375,46.3641],[14.6378,46.3444],[14.6389,46.3364],[14.6405,46.3346],[14.6376,46.3309],[14.6424,46.3257],[14.6465,46.3242],[14.6483,46.3214],[14.6536,46.3186],[14.6581,46.3143],[14.6698,46.3137],[14.674,46.31],[14.6772,46.3002],[14.6773,46.2933],[14.6737,46.2838],[14.6821,46.2815],[14.7042,46.2848],[14.7045,46.2865],[14.7086,46.2873],[14.7123,46.292],[14.7094,46.2955],[14.7122,46.2955],[14.7122,46.2989],[14.7195,46.2983],[14.7236,46.3007],[14.725,46.3085],[14.7401,46.3119],[14.7404,46.3149],[14.7423,46.3155],[14.7452,46.3145],[14.7512,46.317],[14.7544,46.3158],[14.7579,46.3176],[14.7552,46.3196],[14.7569,46.3209],[14.7557,46.3218],[14.7568,46.3222],[14.7568,46.3251],[14.7633,46.324],[14.7704,46.3315],[14.7799,46.3356]]]}},{"type":"Feature","properties":{"id":"110200000110270837","name":"Majšperk"},"geometry":{"type":"Polygon","coordinates":[[[15.8121,46.3577],[15.7931,46.3572],[15.7938,46.3595],[15.7931,46.3613],[15.7914,46.361],[15.7917,46.3629],[15.7853,46.3621],[15.7715,46.3642],[15.7718,46.3672],[15.7675,46.3664],[15.757,46.3674],[15.7447,46.365],[15.727,46.3661],[15.721,46.368],[15.7094,46.366],[15.691,46.3681],[15.6802,46.3672],[15.6731,46.3694],[15.671,46.3675],[15.6681,46.3676],[15.6664,46.3605],[15.6677,46.3607],[15.6677,46.3525],[15.6695,46.3474],[15.6828,46.3438],[15.6842,46.3453],[15.688,46.3453],[15.6896,46.3472],[15.6916,46.3468],[15.6925,46.3479],[15.6964,46.3472],[15.7017,46.3497],[15.7083,46.3495],[15.7128,46.3429],[15.7164,46.3414],[15.7164,46.3372],[15.7133,46.3363],[15.7114,46.3373],[15.7078,46.3348],[15.7116,46.333],[15.7096,46.3277],[15.7112,46.3216],[15.7094,46.3192],[15.7109,46.3138],[15.7071,46.3121],[15.7065,46.3078],[15.7076,46.3043],[15.7059,46.303],[15.706,46.2999],[15.7039,46.299],[15.7028,46.2962],[15.6984,46.2939],[15.6949,46.2885],[15.6946,46.2858],[15.6883,46.28],[15.6852,46.2802],[15.6807,46.2771],[15.6736,46.2749],[15.6794,46.2744],[15.6815,46.2729],[15.6948,46.2745],[15.6942,46.2726],[15.6917,46.2718],[15.6919,46.27],[15.6899,46.2689],[15.6928,46.2654],[15.7004,46.2685],[15.7132,46.2676],[15.7212,46.27],[15.7217,46.2712],[15.732,46.2679],[15.7363,46.2677],[15.7368,46.2648],[15.7398,46.2618],[15.7478,46.2635],[15.753,46.2661],[15.7523,46.2688],[15.7494,46.272],[15.7515,46.2759],[15.7527,46.2755],[15.754,46.2774],[15.7538,46.2789],[15.7513,46.2799],[15.7522,46.2809],[15.7495,46.2808],[15.751,46.2828],[15.7494,46.2836],[15.7498,46.2866],[15.7542,46.2904],[15.7538,46.293],[15.7563,46.2948],[15.7679,46.2967],[15.7696,46.2988],[15.7733,46.2969],[15.7763,46.2983],[15.7776,46.301],[15.7816,46.304],[15.7812,46.3092],[15.7823,46.3123],[15.7854,46.314],[15.7842,46.3186],[15.7908,46.322],[15.7923,46.3246],[15.7963,46.326],[15.7992,46.3291],[15.7967,46.3338],[15.8007,46.3371],[15.8006,46.3404],[15.8031,46.3418],[15.8044,46.341],[15.8075,46.3419],[15.8088,46.3446],[15.8119,46.3468],[15.811,46.3478],[15.813,46.3486],[15.812,46.35],[15.8143,46.3516],[15.8137,46.3562],[15.8121,46.3577]]]}},{"type":"Feature","properties":{"id":"110200000110270910","name":"Mengeš"},"geometry":{"type":"Polygon","coordinates":[[[14.5202,46.1311],[14.5226,46.1331],[14.5293,46.1344],[14.5364,46.134],[14.54,46.1354],[14.5505,46.1348],[14.5503,46.1365],[14.5551,46.137],[14.5569,46.138],[14.5564,46.139],[14.558,46.1385],[14.5594,46.1396],[14.5582,46.1413],[14.5612,46.1444],[14.583,46.1455],[14.5881,46.1459],[14.5875,46.1494],[14.5896,46.1515],[14.5883,46.1517],[14.5924,46.1542],[14.5923,46.158],[14.589,46.1583],[14.5924,46.1581],[14.5928,46.1605],[14.5862,46.1619],[14.5865,46.1642],[14.5884,46.1645],[14.589,46.1738],[14.5831,46.1746],[14.5846,46.1804],[14.5896,46.1874],[14.5781,46.1906],[14.5792,46.1928],[14.5739,46.1939],[14.5725,46.1904],[14.5687,46.1873],[14.5535,46.1818],[14.5487,46.1771],[14.542,46.1756],[14.5377,46.1722],[14.5387,46.1683],[14.5359,46.1665],[14.5411,46.1628],[14.5415,46.1607],[14.5342,46.159],[14.5286,46.156],[14.525,46.1564],[14.5209,46.1499],[14.5223,46.1461],[14.5138,46.1443],[14.5153,46.1413],[14.5131,46.139],[14.5204,46.1343],[14.5202,46.1311]]]}},{"type":"Feature","properties":{"id":"110200000110271058","name":"Mežica"},"geometry":{"type":"Polygon","coordinates":[[[14.8988,46.5003],[14.8995,46.5036],[14.901,46.504],[14.8976,46.5052],[14.8989,46.5069],[14.8983,46.5093],[14.9029,46.5092],[14.903,46.5144],[14.9019,46.5156],[14.8926,46.5151],[14.8906,46.5166],[14.886,46.5171],[14.8822,46.5197],[14.8802,46.5263],[14.8751,46.5256],[14.8733,46.5266],[14.8754,46.5316],[14.8752,46.5351],[14.88,46.5355],[14.8797,46.5399],[14.8779,46.5368],[14.8725,46.5398],[14.8702,46.5393],[14.8698,46.5372],[14.8675,46.5418],[14.8659,46.5418],[14.8658,46.5395],[14.8637,46.5399],[14.8682,46.5472],[14.8638,46.5505],[14.8536,46.5463],[14.8519,46.5479],[14.8481,46.5479],[14.848,46.5458],[14.8444,46.5451],[14.8424,46.5477],[14.8305,46.5457],[14.8275,46.5478],[14.8261,46.5481],[14.8255,46.5458],[14.8231,46.5459],[14.823,46.5432],[14.8277,46.5423],[14.8319,46.5393],[14.8229,46.5356],[14.8227,46.5323],[14.8252,46.5299],[14.8225,46.5273],[14.822,46.5246],[14.8176,46.522],[14.8193,46.5195],[14.8181,46.5173],[14.8186,46.5094],[14.8282,46.512],[14.8286,46.5106],[14.833,46.5106],[14.8349,46.5078],[14.8311,46.5053],[14.8315,46.5022],[14.8343,46.4993],[14.8414,46.4959],[14.8505,46.4951],[14.8529,46.4992],[14.8601,46.4983],[14.8623,46.4992],[14.862,46.4973],[14.8694,46.4979],[14.8713,46.4931],[14.8774,46.4901],[14.8862,46.4913],[14.8965,46.4949],[14.8983,46.496],[14.8988,46.5003]]]}},{"type":"Feature","properties":{"id":"110200000110271132","name":"Mislinja"},"geometry":{"type":"Polygon","coordinates":[[[15.1227,46.4188],[15.1239,46.4139],[15.1313,46.4101],[15.142,46.4069],[15.1461,46.4087],[15.1477,46.4064],[15.1468,46.4043],[15.1476,46.4026],[15.1545,46.4031],[15.1568,46.4021],[15.1567,46.4075],[15.1617,46.408],[15.1659,46.4107],[15.1701,46.4084],[15.1783,46.4107],[15.1804,46.4085],[15.1788,46.4049],[15.1801,46.4032],[15.177,46.4007],[15.1775,46.3994],[15.1761,46.398],[15.1719,46.3957],[15.1708,46.3963],[15.1715,46.3923],[15.1724,46.3905],[15.1876,46.3867],[15.2276,46.3901],[15.234,46.3904],[15.2332,46.3935],[15.2313,46.3938],[15.2315,46.3972],[15.2363,46.397],[15.2372,46.399],[15.2455,46.4047],[15.2477,46.4078],[15.248,46.4108],[15.25,46.4104],[15.254,46.4124],[15.2549,46.4144],[15.2527,46.418],[15.2568,46.4215],[15.2555,46.4271],[15.2591,46.4305],[15.2593,46.4335],[15.2668,46.4393],[15.2663,46.4425],[15.2678,46.4422],[15.2716,46.445],[15.2763,46.4441],[15.2822,46.4447],[15.2916,46.4472],[15.2941,46.449],[15.319,46.4483],[15.3207,46.4493],[15.3249,46.4515],[15.3283,46.4554],[15.3267,46.458],[15.3174,46.4626],[15.3123,46.4689],[15.3105,46.4736],[15.3101,46.4797],[15.314,46.4795],[15.3159,46.4834],[15.3112,46.4902],[15.2985,46.4899],[15.2935,46.4945],[15.2836,46.491],[15.2755,46.4903],[15.2709,46.4936],[15.2676,46.4938],[15.2668,46.4928],[15.2554,46.4961],[15.2477,46.4909],[15.2411,46.4881],[15.2337,46.4867],[15.2262,46.4907],[15.2223,46.4912],[15.2113,46.5031],[15.1953,46.5075],[15.193,46.5049],[15.1937,46.4956],[15.1766,46.4783],[15.1757,46.4746],[15.1678,46.467],[15.1663,46.4676],[15.1616,46.4635],[15.1446,46.4625],[15.1489,46.4601],[15.1481,46.4594],[15.152,46.4561],[15.1521,46.4545],[15.1557,46.4522],[15.1519,46.4481],[15.1524,46.4459],[15.1505,46.4443],[15.1509,46.442],[15.1454,46.4409],[15.1428,46.4387],[15.141,46.4403],[15.1418,46.4461],[15.1333,46.4464],[15.1343,46.4456],[15.1329,46.4406],[15.1343,46.4376],[15.1325,46.4354],[15.1345,46.4317],[15.1361,46.4312],[15.1289,46.4225],[15.1253,46.4223],[15.1227,46.4188]]]}},{"type":"Feature","properties":{"id":"110200000110271215","name":"Moravče"},"geometry":{"type":"Polygon","coordinates":[[[14.7518,46.0978],[14.7604,46.0999],[14.7589,46.1016],[14.7634,46.1026],[14.7596,46.1047],[14.7641,46.1058],[14.7637,46.1069],[14.7647,46.1073],[14.767,46.1044],[14.7683,46.1046],[14.7671,46.1072],[14.7682,46.1076],[14.771,46.1063],[14.771,46.1044],[14.774,46.1059],[14.7723,46.1082],[14.7771,46.1067],[14.7774,46.108],[14.7755,46.1091],[14.7766,46.1096],[14.7815,46.108],[14.7835,46.1092],[14.7832,46.1078],[14.7888,46.1093],[14.7891,46.1079],[14.7931,46.1064],[14.7941,46.1074],[14.7935,46.1105],[14.7908,46.1125],[14.7939,46.1136],[14.7951,46.1156],[14.804,46.1132],[14.8022,46.1189],[14.7973,46.1228],[14.8026,46.1254],[14.8068,46.1257],[14.8084,46.1277],[14.8138,46.1287],[14.8185,46.1267],[14.8216,46.1298],[14.8266,46.1321],[14.8265,46.1335],[14.8289,46.1351],[14.8339,46.1359],[14.8358,46.1349],[14.8381,46.1358],[14.8374,46.1371],[14.8389,46.1398],[14.8326,46.1398],[14.8294,46.1414],[14.8396,46.1408],[14.843,46.1464],[14.8416,46.1476],[14.8395,46.1467],[14.8382,46.1487],[14.8351,46.149],[14.8346,46.1511],[14.8305,46.1542],[14.8318,46.1564],[14.8258,46.1594],[14.8205,46.1574],[14.8154,46.1578],[14.8068,46.1613],[14.806,46.1645],[14.8038,46.161],[14.7966,46.1621],[14.7889,46.1597],[14.7879,46.1602],[14.7892,46.1612],[14.788,46.1631],[14.7784,46.1688],[14.7699,46.1633],[14.7624,46.1626],[14.7533,46.1596],[14.7508,46.1617],[14.737,46.164],[14.737,46.1652],[14.7332,46.1673],[14.719,46.1642],[14.7199,46.1614],[14.7161,46.1595],[14.7182,46.1583],[14.7158,46.156],[14.7104,46.1574],[14.7083,46.1543],[14.7089,46.1524],[14.7107,46.152],[14.7085,46.1515],[14.7072,46.1485],[14.7046,46.148],[14.7047,46.1447],[14.7002,46.1438],[14.6986,46.1463],[14.6937,46.1425],[14.689,46.1417],[14.6863,46.1429],[14.6836,46.1428],[14.6839,46.1417],[14.6803,46.1381],[14.6787,46.138],[14.6824,46.1369],[14.6824,46.1351],[14.687,46.1353],[14.6912,46.1329],[14.6881,46.1305],[14.6874,46.1284],[14.6898,46.1254],[14.6904,46.1284],[14.6922,46.1288],[14.6911,46.1258],[14.6921,46.1237],[14.6887,46.1216],[14.687,46.1166],[14.6889,46.1131],[14.6907,46.1148],[14.692,46.114],[14.692,46.1121],[14.6973,46.1096],[14.713,46.1125],[14.7242,46.1104],[14.7215,46.1076],[14.723,46.1059],[14.7215,46.1039],[14.7145,46.0973],[14.7171,46.0949],[14.72,46.0958],[14.7217,46.0979],[14.7233,46.0966],[14.7239,46.0989],[14.7261,46.0989],[14.7281,46.1012],[14.7334,46.0994],[14.7351,46.0964],[14.7416,46.0978],[14.7436,46.0965],[14.7455,46.0987],[14.7485,46.0974],[14.7494,46.0985],[14.7518,46.0978]]]}},{"type":"Feature","properties":{"id":"110200000110271306","name":"Moravske Toplice"},"geometry":{"type":"Polygon","coordinates":[[[16.1757,46.6959],[16.1788,46.6962],[16.1808,46.6946],[16.1817,46.692],[16.183,46.692],[16.1836,46.6867],[16.1851,46.6863],[16.1839,46.6856],[16.1846,46.6839],[16.1866,46.6841],[16.1916,46.6792],[16.1856,46.6664],[16.1948,46.6645],[16.2025,46.6671],[16.2007,46.662],[16.2037,46.661],[16.2041,46.6588],[16.2158,46.6566],[16.2234,46.6524],[16.2296,46.6534],[16.2374,46.6521],[16.2448,46.6518],[16.2482,46.6495],[16.2495,46.6502],[16.2665,46.6444],[16.2717,46.6527],[16.2749,46.6619],[16.2786,46.6586],[16.279,46.6553],[16.2841,46.653],[16.2852,46.6506],[16.2883,46.6498],[16.2887,46.6476],[16.2942,46.6473],[16.3088,46.6434],[16.3038,46.6523],[16.3102,46.6508],[16.3094,46.6526],[16.3115,46.6552],[16.3129,46.6549],[16.3126,46.6599],[16.3169,46.6672],[16.3162,46.6702],[16.3187,46.6742],[16.3185,46.6761],[16.3218,46.6768],[16.3213,46.6802],[16.3254,46.6795],[16.3253,46.6829],[16.3291,46.6821],[16.3315,46.6834],[16.3343,46.6875],[16.3387,46.6899],[16.3382,46.6871],[16.3448,46.683],[16.3528,46.6825],[16.3551,46.6882],[16.3571,46.6886],[16.3583,46.6946],[16.3607,46.6973],[16.3644,46.6971],[16.3652,46.7007],[16.3685,46.7042],[16.3793,46.7109],[16.3798,46.7154],[16.375,46.7171],[16.3754,46.7186],[16.373,46.719],[16.3708,46.7222],[16.3625,46.7167],[16.3588,46.7169],[16.3571,46.7142],[16.3527,46.722],[16.3536,46.7248],[16.3472,46.7245],[16.3501,46.7267],[16.3504,46.7284],[16.3467,46.7361],[16.3429,46.737],[16.3399,46.7418],[16.3347,46.7435],[16.3324,46.7486],[16.3251,46.7502],[16.3253,46.7511],[16.323,46.7511],[16.3229,46.7528],[16.3186,46.7541],[16.3186,46.7554],[16.3218,46.7583],[16.3222,46.7646],[16.3263,46.7675],[16.3293,46.775],[16.3305,46.7752],[16.33,46.7779],[16.3122,46.778],[16.3077,46.7776],[16.2959,46.7727],[16.2808,46.7709],[16.272,46.7716],[16.2633,46.7763],[16.2577,46.7764],[16.2537,46.7751],[16.2442,46.7686],[16.2414,46.759],[16.2373,46.7597],[16.2298,46.7569],[16.2323,46.7509],[16.2273,46.7474],[16.222,46.7384],[16.2209,46.74],[16.2142,46.7405],[16.2102,46.7431],[16.2084,46.7412],[16.205,46.7419],[16.2041,46.7409],[16.2012,46.7316],[16.1976,46.7268],[16.2018,46.7252],[16.1944,46.7185],[16.1919,46.7189],[16.1924,46.7204],[16.1906,46.7209],[16.1891,46.719],[16.1897,46.7203],[16.1872,46.7203],[16.1876,46.7213],[16.1842,46.7226],[16.1815,46.7258],[16.176,46.7199],[16.1722,46.7205],[16.1697,46.7128],[16.1714,46.7033],[16.1757,46.6959]]]}},{"type":"Feature","properties":{"id":"110200000110271488","name":"Murska Sobota"},"geometry":{"type":"Polygon","coordinates":[[[16.1073,46.6888],[16.1045,46.684],[16.1051,46.6789],[16.1028,46.6783],[16.1025,46.6768],[16.0981,46.6765],[16.0985,46.6723],[16.1038,46.6708],[16.1032,46.669],[16.1063,46.6648],[16.1045,46.6633],[16.1056,46.6572],[16.1066,46.6557],[16.1092,46.6558],[16.1132,46.6533],[16.1141,46.6494],[16.1208,46.6522],[16.1278,46.6494],[16.128,46.6479],[16.1259,46.6429],[16.108,46.6264],[16.1067,46.6229],[16.1005,46.6152],[16.1082,46.6105],[16.1088,46.6076],[16.1059,46.6049],[16.113,46.6013],[16.128,46.6033],[16.1444,46.6016],[16.1542,46.5997],[16.1616,46.6065],[16.1656,46.6079],[16.1722,46.6126],[16.1795,46.6126],[16.1815,46.6152],[16.1845,46.6251],[16.1833,46.6263],[16.1844,46.6292],[16.1949,46.6263],[16.1977,46.6237],[16.2023,46.6283],[16.2025,46.6303],[16.1977,46.6344],[16.1987,46.6353],[16.2026,46.6334],[16.2061,46.6372],[16.2117,46.6352],[16.2134,46.6387],[16.2114,46.6393],[16.2112,46.6412],[16.2142,46.6437],[16.2205,46.6387],[16.2246,46.6446],[16.2374,46.6521],[16.2296,46.6534],[16.2234,46.6524],[16.2158,46.6566],[16.2041,46.6588],[16.2037,46.661],[16.2007,46.662],[16.2025,46.6671],[16.1948,46.6645],[16.1856,46.6664],[16.1916,46.6792],[16.1866,46.6841],[16.1846,46.6839],[16.1839,46.6856],[16.1851,46.6863],[16.1836,46.6867],[16.183,46.692],[16.1817,46.692],[16.1808,46.6946],[16.1788,46.6962],[16.1757,46.6959],[16.1765,46.693],[16.1671,46.6952],[16.165,46.6982],[16.1625,46.6992],[16.1632,46.6969],[16.1603,46.6962],[16.1524,46.6842],[16.1436,46.69],[16.1377,46.6889],[16.1312,46.6905],[16.128,46.6855],[16.1229,46.688],[16.1115,46.6875],[16.1073,46.6888]]]}},{"type":"Feature","properties":{"id":"110200000110271561","name":"Nova Gorica"},"geometry":{"type":"Polygon","coordinates":[[[13.8402,45.8354],[13.8407,45.8371],[13.8443,45.8384],[13.8411,45.8408],[13.8418,45.8428],[13.8396,45.8443],[13.8414,45.8464],[13.8402,45.8474],[13.8274,45.8464],[13.8265,45.8471],[13.8285,45.8504],[13.8218,45.8499],[13.8205,45.8513],[13.8164,45.8519],[13.8151,45.8537],[13.8096,45.854],[13.8104,45.856],[13.8067,45.8562],[13.8069,45.8588],[13.8045,45.8613],[13.8054,45.8629],[13.8007,45.8627],[13.7999,45.8666],[13.7967,45.8666],[13.7959,45.8695],[13.8005,45.8715],[13.8003,45.8734],[13.7932,45.8759],[13.793,45.8773],[13.7918,45.8766],[13.7829,45.88],[13.7792,45.8835],[13.7768,45.8832],[13.7697,45.8859],[13.7561,45.8881],[13.7564,45.89],[13.7552,45.8909],[13.7567,45.8932],[13.7541,45.8956],[13.7525,45.9006],[13.7451,45.9029],[13.7386,45.902],[13.7378,45.9005],[13.733,45.9036],[13.7358,45.9061],[13.7385,45.9066],[13.7452,45.9055],[13.754,45.9131],[13.7653,45.913],[13.7713,45.9154],[13.7944,45.9337],[13.8046,45.9473],[13.8071,45.9526],[13.8008,45.9763],[13.8283,45.9704],[13.8643,45.9787],[13.8435,45.9975],[13.8552,46.0006],[13.8686,46.0047],[13.8633,46.0092],[13.8593,46.0094],[13.8603,46.0102],[13.8536,46.0126],[13.851,46.0153],[13.8462,46.0161],[13.841,46.0191],[13.8389,46.017],[13.8332,46.0226],[13.8318,46.0218],[13.8248,46.031],[13.825,46.0353],[13.8231,46.0357],[13.8198,46.0403],[13.8095,46.0498],[13.8075,46.0501],[13.8079,46.0588],[13.8089,46.0603],[13.8079,46.0618],[13.8091,46.0631],[13.8079,46.0648],[13.8108,46.067],[13.8076,46.0707],[13.8136,46.0754],[13.8161,46.0745],[13.8191,46.0772],[13.8053,46.0871],[13.8099,46.0929],[13.8076,46.1009],[13.8036,46.1067],[13.7924,46.1079],[13.7906,46.1056],[13.788,46.1055],[13.78,46.1081],[13.7801,46.1064],[13.7708,46.0985],[13.77,46.0951],[13.7722,46.0844],[13.7707,46.082],[13.7707,46.0779],[13.7654,46.0752],[13.7576,46.0653],[13.7538,46.0658],[13.7532,46.0639],[13.7554,46.0615],[13.7547,46.0594],[13.738,46.05],[13.737,46.0529],[13.7297,46.0557],[13.7278,46.0578],[13.7228,46.0589],[13.716,46.0641],[13.7096,46.0702],[13.7063,46.0761],[13.7036,46.0725],[13.6999,46.0715],[13.6981,46.0728],[13.7004,46.074],[13.6993,46.0743],[13.6942,46.0749],[13.6952,46.0726],[13.6907,46.0732],[13.6904,46.0719],[13.6857,46.0755],[13.6829,46.0714],[13.6768,46.0673],[13.6741,46.0607],[13.6667,46.0588],[13.6622,46.0561],[13.6531,46.0483],[13.6537,46.0477],[13.6497,46.0443],[13.6434,46.0354],[13.6383,46.0231],[13.6294,46.0228],[13.6232,46.0247],[13.6229,46.0229],[13.6356,46.0149],[13.644,46.0074],[13.6544,46.0004],[13.6374,45.9969],[13.6328,45.9991],[13.6303,46.0028],[13.6183,46.0096],[13.6146,46.0097],[13.6126,46.0114],[13.6089,46.0088],[13.6202,46.003],[13.6281,45.9942],[13.6321,45.9924],[13.6169,45.9872],[13.6208,45.9846],[13.6305,45.9871],[13.6336,45.9891],[13.6431,45.9827],[13.6394,45.9794],[13.6407,45.97],[13.638,45.9693],[13.6382,45.9651],[13.6329,45.9493],[13.6372,45.938],[13.6395,45.9384],[13.6393,45.9394],[13.6471,45.9361],[13.6495,45.9337],[13.6486,45.9329],[13.6581,45.9268],[13.67,45.9301],[13.6715,45.9287],[13.6712,45.9264],[13.6762,45.9232],[13.6777,45.9231],[13.6808,45.9263],[13.6824,45.9255],[13.6836,45.9272],[13.6862,45.9269],[13.6847,45.9256],[13.6856,45.9249],[13.6882,45.9266],[13.7012,45.9243],[13.7018,45.9277],[13.7067,45.9287],[13.7191,45.9275],[13.7157,45.9148],[13.7176,45.9122],[13.7156,45.9051],[13.7201,45.9046],[13.7201,45.9035],[13.7126,45.9039],[13.7121,45.9012],[13.7077,45.8987],[13.7006,45.898],[13.6986,45.8957],[13.7016,45.8951],[13.7007,45.8925],[13.6972,45.8913],[13.6937,45.8921],[13.6919,45.8903],[13.6929,45.8895],[13.6919,45.8894],[13.692,45.888],[13.6955,45.8876],[13.6964,45.8845],[13.6992,45.884],[13.708,45.8782],[13.7091,45.8787],[13.7106,45.8769],[13.7138,45.8763],[13.7168,45.8706],[13.7166,45.8688],[13.7149,45.8689],[13.7168,45.8679],[13.7103,45.8672],[13.7151,45.8651],[13.7147,45.8636],[13.7158,45.8634],[13.7476,45.8568],[13.7519,45.8529],[13.765,45.8483],[13.7716,45.8411],[13.7768,45.8405],[13.7898,45.8338],[13.7944,45.8353],[13.7949,45.8342],[13.8106,45.8348],[13.8128,45.8377],[13.81,45.8421],[13.8148,45.8411],[13.8176,45.8418],[13.8193,45.8451],[13.8241,45.8431],[13.8266,45.8438],[13.8289,45.8406],[13.8331,45.839],[13.8373,45.8378],[13.8396,45.8385],[13.8374,45.8364],[13.8402,45.8354]]]}},{"type":"Feature","properties":{"id":"110200000110271645","name":"Odranci"},"geometry":{"type":"Polygon","coordinates":[[[16.2586,46.5691],[16.2647,46.5689],[16.2701,46.5773],[16.2806,46.5745],[16.2828,46.5782],[16.2822,46.5798],[16.2896,46.5852],[16.2918,46.5904],[16.2943,46.5898],[16.2951,46.5917],[16.298,46.5914],[16.2985,46.593],[16.2925,46.595],[16.2834,46.5979],[16.2801,46.5949],[16.2671,46.6017],[16.2541,46.5897],[16.2558,46.5883],[16.2506,46.5804],[16.256,46.5778],[16.2547,46.5751],[16.2569,46.5733],[16.2586,46.5691]]]}},{"type":"Feature","properties":{"id":"110200000110271728","name":"Ormož"},"geometry":{"type":"Polygon","coordinates":[[[16.2707,46.4323],[16.2687,46.4361],[16.267,46.4365],[16.2658,46.4388],[16.2664,46.4409],[16.2644,46.4431],[16.265,46.4447],[16.2637,46.448],[16.2657,46.4518],[16.2622,46.4589],[16.2592,46.4609],[16.2601,46.468],[16.2582,46.4726],[16.2556,46.4733],[16.2554,46.4758],[16.2533,46.4774],[16.2517,46.4815],[16.2408,46.4848],[16.2421,46.4901],[16.2378,46.4903],[16.2294,46.487],[16.2249,46.4882],[16.2216,46.4873],[16.22,46.4845],[16.2185,46.485],[16.2136,46.4824],[16.2151,46.4818],[16.2159,46.4792],[16.2162,46.4739],[16.2088,46.4717],[16.2085,46.4732],[16.2056,46.4738],[16.2049,46.4778],[16.1984,46.4807],[16.1909,46.4803],[16.1948,46.4748],[16.1914,46.4745],[16.1931,46.4737],[16.192,46.4727],[16.198,46.4662],[16.1918,46.469],[16.1889,46.4688],[16.1878,46.4713],[16.1887,46.4739],[16.1857,46.474],[16.183,46.4721],[16.1802,46.4755],[16.1748,46.4783],[16.1747,46.48],[16.1805,46.484],[16.1817,46.4873],[16.1781,46.488],[16.1768,46.4906],[16.1668,46.4876],[16.1593,46.5007],[16.152,46.4938],[16.1498,46.4958],[16.1444,46.4958],[16.1439,46.489],[16.1387,46.4844],[16.1257,46.4873],[16.1236,46.4897],[16.1216,46.4892],[16.12,46.4905],[16.1189,46.4893],[16.1179,46.4903],[16.1154,46.4878],[16.1173,46.487],[16.1156,46.4864],[16.1158,46.4847],[16.1086,46.4837],[16.1063,46.4819],[16.1094,46.4805],[16.1127,46.4815],[16.115,46.4781],[16.111,46.4735],[16.1123,46.473],[16.1154,46.4755],[16.1156,46.477],[16.116,46.4739],[16.1191,46.4744],[16.1201,46.4719],[16.1139,46.4691],[16.1123,46.467],[16.1122,46.4659],[16.116,46.4646],[16.1154,46.4637],[16.1171,46.4622],[16.1073,46.4594],[16.1062,46.457],[16.0993,46.4544],[16.1001,46.4528],[16.0975,46.451],[16.0828,46.4512],[16.0827,46.4534],[16.0785,46.4536],[16.08,46.4557],[16.0779,46.4567],[16.0811,46.4603],[16.0791,46.4619],[16.077,46.4616],[16.0723,46.4557],[16.0725,46.4489],[16.0686,46.443],[16.0587,46.4479],[16.0502,46.4554],[16.0464,46.4547],[16.0433,46.4575],[16.0407,46.4568],[16.0363,46.4588],[16.033,46.4584],[16.0315,46.4487],[16.0301,46.446],[16.0285,46.4456],[16.0276,46.4451],[16.0217,46.4432],[16.0224,46.4407],[16.0194,46.4411],[16.0208,46.4394],[16.0179,46.4384],[16.02,46.4385],[16.0205,46.4375],[16.0169,46.4357],[16.0168,46.4329],[16.0182,46.432],[16.0183,46.4297],[16.0222,46.4285],[16.0277,46.4294],[16.0328,46.4286],[16.0378,46.4306],[16.0426,46.4298],[16.0436,46.4286],[16.0432,46.414],[16.0409,46.414],[16.0376,46.411],[16.0516,46.4011],[16.0586,46.4001],[16.0554,46.3983],[16.0581,46.3936],[16.0884,46.3885],[16.136,46.4044],[16.146,46.4051],[16.1559,46.4022],[16.1676,46.3934],[16.174,46.3906],[16.1738,46.3877],[16.1756,46.3855],[16.1803,46.385],[16.1865,46.3871],[16.19,46.3863],[16.1901,46.3833],[16.1879,46.3805],[16.189,46.3778],[16.2028,46.3805],[16.2089,46.3839],[16.2071,46.385],[16.2092,46.3898],[16.2124,46.3893],[16.2151,46.3913],[16.218,46.3899],[16.2213,46.3952],[16.2179,46.396],[16.219,46.3979],[16.2185,46.4009],[16.2148,46.4005],[16.2145,46.4019],[16.2105,46.4023],[16.213,46.4047],[16.2212,46.4083],[16.2226,46.4112],[16.2192,46.412],[16.219,46.4136],[16.2174,46.4125],[16.2162,46.416],[16.2092,46.4204],[16.2072,46.424],[16.2077,46.4266],[16.21,46.4259],[16.2166,46.4271],[16.2161,46.4284],[16.2194,46.4293],[16.2208,46.4268],[16.2224,46.4302],[16.2196,46.4335],[16.2224,46.435],[16.2229,46.4385],[16.2298,46.4392],[16.2288,46.4405],[16.2309,46.4415],[16.2324,46.4413],[16.2332,46.4396],[16.2303,46.4383],[16.2319,46.4337],[16.2341,46.433],[16.2345,46.4345],[16.2381,46.4341],[16.24,46.4296],[16.2419,46.429],[16.2425,46.4229],[16.2439,46.4207],[16.2495,46.4218],[16.2521,46.4198],[16.2552,46.4195],[16.2569,46.4215],[16.2557,46.4236],[16.2594,46.4248],[16.2612,46.4232],[16.2638,46.4253],[16.2629,46.4262],[16.2664,46.4285],[16.2653,46.4301],[16.2707,46.4323]]]}},{"type":"Feature","properties":{"id":"110200000110271991","name":"Pesnica"},"geometry":{"type":"Polygon","coordinates":[[[15.6463,46.5924],[15.6522,46.5934],[15.6562,46.5923],[15.661,46.5948],[15.6652,46.5953],[15.6699,46.5938],[15.6751,46.5957],[15.6821,46.5924],[15.6851,46.5931],[15.6851,46.591],[15.6871,46.5881],[15.6842,46.5859],[15.6855,46.5814],[15.6819,46.5796],[15.6879,46.5768],[15.6897,46.5777],[15.6936,46.5771],[15.6967,46.573],[15.7019,46.572],[15.7022,46.5705],[15.7109,46.5699],[15.7199,46.5637],[15.7213,46.5615],[15.7254,46.5597],[15.7254,46.5609],[15.7291,46.5613],[15.7336,46.5657],[15.7388,46.5683],[15.7451,46.5692],[15.7469,46.568],[15.7497,46.5714],[15.7529,46.5709],[15.7523,46.5724],[15.7545,46.5731],[15.7514,46.5743],[15.7521,46.5766],[15.7606,46.581],[15.7514,46.592],[15.7515,46.6037],[15.7555,46.608],[15.7586,46.6138],[15.7568,46.6169],[15.7627,46.6231],[15.7638,46.6262],[15.7619,46.6299],[15.763,46.6317],[15.7656,46.6334],[15.7709,46.6329],[15.7711,46.6339],[15.7653,46.637],[15.7601,46.6428],[15.7516,46.6465],[15.7537,46.6509],[15.7508,46.6538],[15.744,46.6561],[15.7419,46.6545],[15.7431,46.6573],[15.7425,46.6598],[15.736,46.6601],[15.737,46.6642],[15.7391,46.6644],[15.7385,46.6677],[15.7302,46.6724],[15.7265,46.6721],[15.7216,46.6743],[15.7205,46.6759],[15.7188,46.6713],[15.7111,46.6678],[15.7098,46.6654],[15.7059,46.6666],[15.7023,46.6704],[15.6989,46.6717],[15.6986,46.6755],[15.6941,46.674],[15.6912,46.6754],[15.6868,46.6746],[15.6855,46.6727],[15.688,46.6689],[15.6887,46.6647],[15.6729,46.6626],[15.6757,46.66],[15.6724,46.6583],[15.6739,46.6551],[15.6726,46.6495],[15.6747,46.6496],[15.6767,46.6479],[15.6764,46.6438],[15.6737,46.6444],[15.6653,46.6399],[15.6579,46.6413],[15.6551,46.643],[15.6548,46.6448],[15.6449,46.6414],[15.6478,46.6385],[15.6476,46.6327],[15.6499,46.6284],[15.6505,46.6223],[15.6529,46.6208],[15.6535,46.6157],[15.6565,46.6121],[15.6573,46.6085],[15.6612,46.6055],[15.6624,46.6029],[15.6586,46.6016],[15.6473,46.6013],[15.6443,46.5996],[15.6463,46.5924]]]}},{"type":"Feature","properties":{"id":"110200000110272023","name":"Podčetrtek"},"geometry":{"type":"Polygon","coordinates":[[[15.5977,46.0689],[15.5988,46.0725],[15.6008,46.0713],[15.6045,46.0733],[15.6048,46.0755],[15.6092,46.0752],[15.6125,46.0718],[15.6148,46.0716],[15.6135,46.0723],[15.6153,46.0748],[15.6244,46.0813],[15.6236,46.0821],[15.6281,46.084],[15.6266,46.0852],[15.6273,46.086],[15.6251,46.0884],[15.621,46.0894],[15.6207,46.0916],[15.6187,46.0917],[15.6227,46.0936],[15.6252,46.0998],[15.6153,46.0993],[15.6159,46.101],[15.6139,46.1002],[15.6125,46.1029],[15.6142,46.107],[15.6101,46.1064],[15.6106,46.1077],[15.6045,46.1122],[15.6065,46.1132],[15.6051,46.116],[15.6089,46.1177],[15.6081,46.1192],[15.61,46.1214],[15.6069,46.1233],[15.6105,46.1234],[15.6099,46.1245],[15.6114,46.1267],[15.6092,46.1271],[15.6122,46.1297],[15.6114,46.1311],[15.6139,46.1317],[15.613,46.1327],[15.6138,46.1333],[15.6112,46.1335],[15.6116,46.1365],[15.6102,46.1377],[15.6067,46.1375],[15.607,46.1388],[15.6092,46.1383],[15.6085,46.1395],[15.6037,46.1395],[15.604,46.1411],[15.5975,46.1434],[15.5979,46.1445],[15.596,46.1468],[15.6005,46.1496],[15.6143,46.1532],[15.6096,46.159],[15.6031,46.1617],[15.6093,46.1654],[15.6074,46.167],[15.6133,46.1697],[15.6143,46.1715],[15.6207,46.1716],[15.6332,46.1767],[15.6318,46.1781],[15.6343,46.178],[15.638,46.1821],[15.6383,46.1834],[15.636,46.1858],[15.6324,46.1905],[15.6353,46.1906],[15.6349,46.1933],[15.6309,46.1983],[15.6182,46.1988],[15.6172,46.1976],[15.6186,46.1972],[15.6166,46.1971],[15.6163,46.1985],[15.6136,46.1996],[15.6154,46.2038],[15.6121,46.2061],[15.6025,46.2063],[15.6024,46.2036],[15.6009,46.2029],[15.5883,46.1995],[15.5878,46.1964],[15.5856,46.1972],[15.5845,46.1954],[15.5786,46.197],[15.5796,46.1933],[15.5771,46.1925],[15.5765,46.1896],[15.5756,46.1905],[15.5739,46.1889],[15.5731,46.1895],[15.5711,46.185],[15.5685,46.1861],[15.563,46.1845],[15.566,46.1822],[15.5598,46.1797],[15.5609,46.1769],[15.5628,46.1762],[15.5624,46.1701],[15.5635,46.1683],[15.562,46.165],[15.5504,46.162],[15.5434,46.1615],[15.5416,46.1578],[15.5357,46.1583],[15.5337,46.1553],[15.5336,46.1525],[15.5357,46.1506],[15.5319,46.1491],[15.5312,46.147],[15.5277,46.1449],[15.5275,46.1412],[15.5249,46.1375],[15.5255,46.1336],[15.5293,46.1251],[15.5333,46.124],[15.5395,46.1244],[15.5408,46.1264],[15.5399,46.1291],[15.5533,46.1246],[15.552,46.1227],[15.5562,46.1186],[15.5554,46.1166],[15.5589,46.1157],[15.5619,46.1124],[15.5682,46.1113],[15.5756,46.1129],[15.5894,46.1095],[15.5906,46.1059],[15.5975,46.1011],[15.5964,46.1001],[15.5987,46.0956],[15.5892,46.0928],[15.5839,46.0868],[15.5805,46.0861],[15.5774,46.0873],[15.5765,46.0866],[15.5778,46.0853],[15.5765,46.0834],[15.5781,46.0805],[15.5822,46.0779],[15.5835,46.0727],[15.5869,46.0699],[15.5871,46.0657],[15.591,46.0658],[15.5917,46.0677],[15.5953,46.0694],[15.5977,46.0689]]]}},{"type":"Feature","properties":{"id":"110200000110272296","name":"Postojna"},"geometry":{"type":"Polygon","coordinates":[[[14.3262,45.7569],[14.3258,45.7584],[14.304,45.7569],[14.2951,45.7581],[14.2692,45.7776],[14.2731,45.7799],[14.2724,45.781],[14.252,45.798],[14.2523,45.7995],[14.2583,45.7997],[14.2666,45.8053],[14.2673,45.8092],[14.2654,45.8128],[14.2714,45.82],[14.273,45.8199],[14.2724,45.8222],[14.2745,45.8247],[14.273,45.8271],[14.275,45.8287],[14.2747,45.8315],[14.2764,45.8331],[14.2798,45.8326],[14.2785,45.835],[14.2795,45.8353],[14.2794,45.8387],[14.2814,45.8395],[14.2807,45.8423],[14.2856,45.8425],[14.2836,45.8451],[14.2786,45.847],[14.2773,45.8497],[14.2721,45.853],[14.2706,45.8533],[14.2681,45.8514],[14.264,45.8531],[14.2593,45.8518],[14.2592,45.8536],[14.2634,45.8556],[14.2616,45.8565],[14.2568,45.8548],[14.2511,45.8491],[14.2491,45.8509],[14.25,45.8519],[14.2492,45.8531],[14.2455,45.8514],[14.2441,45.8529],[14.2446,45.8546],[14.2398,45.8558],[14.2408,45.8571],[14.2453,45.8575],[14.2442,45.86],[14.2402,45.8589],[14.2379,45.8598],[14.2363,45.8587],[14.2344,45.86],[14.2314,45.8584],[14.2277,45.8597],[14.2226,45.8583],[14.2209,45.8605],[14.2252,45.8627],[14.22,45.8673],[14.2157,45.8695],[14.2128,45.8696],[14.2091,45.8679],[14.2038,45.8706],[14.2007,45.8742],[14.1979,45.8754],[14.193,45.8748],[14.1909,45.8791],[14.1745,45.8742],[14.1615,45.8723],[14.1573,45.8723],[14.1497,45.8769],[14.1475,45.8766],[14.1386,45.8725],[14.1331,45.8733],[14.1294,45.8694],[14.1243,45.8679],[14.1223,45.8644],[14.1155,45.8649],[14.1147,45.8634],[14.1107,45.8621],[14.0999,45.8511],[14.1028,45.849],[14.0497,45.8374],[14.0705,45.8128],[14.0671,45.7982],[14.0641,45.8042],[14.0563,45.7995],[14.0535,45.7824],[14.0546,45.7723],[14.0541,45.7707],[14.0474,45.7735],[14.0427,45.7615],[14.0431,45.7595],[14.0472,45.7565],[14.0458,45.7558],[14.0476,45.755],[14.0477,45.7536],[14.0501,45.752],[14.0511,45.7525],[14.0518,45.7511],[14.0555,45.7523],[14.0762,45.7489],[14.0872,45.7409],[14.0811,45.7383],[14.0846,45.7377],[14.0826,45.7354],[14.0826,45.7333],[14.086,45.7366],[14.0873,45.7358],[14.085,45.7329],[14.0859,45.7323],[14.0907,45.7322],[14.0921,45.7341],[14.0971,45.7329],[14.0944,45.7325],[14.0965,45.7313],[14.095,45.7304],[14.097,45.7289],[14.0962,45.728],[14.0936,45.7294],[14.0936,45.7285],[14.0924,45.7281],[14.093,45.7287],[14.0919,45.7295],[14.0879,45.7291],[14.0869,45.7275],[14.0947,45.7273],[14.0961,45.726],[14.0957,45.7267],[14.0985,45.7272],[14.0974,45.7255],[14.0953,45.7257],[14.0993,45.7164],[14.1125,45.7132],[14.1147,45.7143],[14.1146,45.7127],[14.1178,45.7099],[14.1233,45.7107],[14.145,45.7041],[14.1491,45.7015],[14.1658,45.7049],[14.1719,45.7043],[14.1862,45.7082],[14.1906,45.7081],[14.1907,45.7097],[14.1928,45.7107],[14.1986,45.71],[14.1974,45.7132],[14.1974,45.7143],[14.1977,45.7146],[14.1998,45.7161],[14.2011,45.7143],[14.2036,45.7151],[14.2036,45.7177],[14.217,45.7264],[14.2234,45.7177],[14.2404,45.722],[14.2436,45.7255],[14.2575,45.725],[14.2596,45.729],[14.2691,45.7327],[14.27,45.7346],[14.2751,45.7352],[14.27,45.7365],[14.2708,45.7373],[14.2783,45.7378],[14.2768,45.7389],[14.3019,45.7473],[14.3039,45.7496],[14.3262,45.7569]]]}},{"type":"Feature","properties":{"id":"110200000110272379","name":"Preddvor"},"geometry":{"type":"Polygon","coordinates":[[[14.5357,46.3576],[14.531,46.3601],[14.5254,46.3608],[14.5188,46.3563],[14.5057,46.3623],[14.4931,46.3588],[14.4782,46.362],[14.4763,46.3636],[14.4661,46.3618],[14.4538,46.366],[14.4462,46.365],[14.4435,46.3664],[14.4367,46.3659],[14.4334,46.3544],[14.427,46.3519],[14.4297,46.3496],[14.4288,46.3471],[14.4183,46.3455],[14.4046,46.3502],[14.3903,46.3225],[14.3915,46.3215],[14.3915,46.3168],[14.3893,46.3138],[14.3904,46.3119],[14.3884,46.311],[14.3892,46.3096],[14.3864,46.3042],[14.3873,46.3006],[14.3793,46.2967],[14.3807,46.3],[14.3776,46.3005],[14.3767,46.3025],[14.3748,46.3006],[14.3648,46.306],[14.3635,46.3044],[14.3703,46.3001],[14.3706,46.2961],[14.3681,46.2962],[14.3677,46.2913],[14.3731,46.2895],[14.3726,46.2885],[14.3739,46.2881],[14.3729,46.2873],[14.3744,46.286],[14.3736,46.2843],[14.3753,46.2819],[14.3769,46.2818],[14.3778,46.2843],[14.39,46.2909],[14.3955,46.2889],[14.396,46.2874],[14.3997,46.2886],[14.4015,46.291],[14.406,46.2912],[14.4065,46.29],[14.4123,46.2888],[14.4115,46.2874],[14.4152,46.2864],[14.4193,46.2858],[14.4192,46.2875],[14.4212,46.288],[14.4205,46.2872],[14.4232,46.2867],[14.4228,46.2853],[14.4321,46.2848],[14.432,46.2871],[14.4367,46.2879],[14.4389,46.2907],[14.4396,46.2866],[14.4451,46.289],[14.4487,46.2888],[14.4509,46.2904],[14.4606,46.2904],[14.4656,46.2889],[14.4681,46.294],[14.4759,46.2954],[14.4864,46.2944],[14.498,46.2908],[14.5025,46.2915],[14.512,46.2959],[14.5181,46.2962],[14.5179,46.298],[14.515,46.2984],[14.5131,46.3007],[14.5208,46.299],[14.522,46.3003],[14.5208,46.303],[14.5265,46.3018],[14.5273,46.306],[14.5339,46.3067],[14.534,46.3085],[14.5359,46.3101],[14.5425,46.3096],[14.5533,46.3149],[14.555,46.3192],[14.5505,46.3242],[14.5491,46.3223],[14.5406,46.3259],[14.5385,46.3287],[14.5376,46.3321],[14.54,46.333],[14.5416,46.3369],[14.5476,46.341],[14.5474,46.3441],[14.55,46.3464],[14.5465,46.3524],[14.5357,46.3576]]]}},{"type":"Feature","properties":{"id":"110200000110272452","name":"Rače-Fram"},"geometry":{"type":"Polygon","coordinates":[[[15.5414,46.4835],[15.5531,46.48],[15.5506,46.4762],[15.5479,46.4766],[15.5441,46.4748],[15.5443,46.4718],[15.5487,46.47],[15.5474,46.4685],[15.5484,46.4663],[15.5569,46.4636],[15.5695,46.462],[15.576,46.4585],[15.5762,46.4559],[15.5859,46.4493],[15.5946,46.4457],[15.5966,46.4427],[15.6026,46.4447],[15.6227,46.4383],[15.6292,46.4383],[15.6346,46.4366],[15.6351,46.4356],[15.628,46.4305],[15.638,46.4301],[15.6479,46.4264],[15.6493,46.4276],[15.6508,46.426],[15.6591,46.4261],[15.6603,46.4247],[15.6597,46.4236],[15.6658,46.4194],[15.6649,46.4168],[15.6681,46.4144],[15.6719,46.4142],[15.6802,46.4085],[15.7072,46.4182],[15.7171,46.4236],[15.7219,46.4247],[15.7277,46.4289],[15.7264,46.4346],[15.7214,46.4327],[15.7158,46.4406],[15.7141,46.4441],[15.7148,46.4443],[15.7099,46.4464],[15.7177,46.4472],[15.7203,46.4491],[15.7114,46.4573],[15.7106,46.4596],[15.7087,46.4611],[15.7066,46.4606],[15.7034,46.4651],[15.6967,46.4629],[15.6914,46.4645],[15.6883,46.4631],[15.6866,46.4662],[15.6768,46.4632],[15.6786,46.4613],[15.6746,46.4601],[15.6728,46.4598],[15.6664,46.4624],[15.6604,46.4606],[15.6555,46.4617],[15.6475,46.4586],[15.639,46.4628],[15.6342,46.4685],[15.626,46.4706],[15.6157,46.4707],[15.6112,46.4728],[15.6131,46.4749],[15.612,46.476],[15.6126,46.4792],[15.6058,46.4805],[15.5949,46.4788],[15.59,46.4742],[15.5912,46.4716],[15.5788,46.4764],[15.5774,46.4789],[15.5691,46.4809],[15.5635,46.4843],[15.5547,46.4846],[15.5497,46.4865],[15.5414,46.4835]]]}},{"type":"Feature","properties":{"id":"110200000110272536","name":"Radenci"},"geometry":{"type":"Polygon","coordinates":[[[16.1005,46.6152],[16.0773,46.6305],[16.0457,46.6456],[16.0451,46.6476],[16.042,46.6475],[16.0361,46.6503],[16.0381,46.6561],[16.0335,46.6579],[16.0275,46.6538],[16.0229,46.6542],[16.0172,46.6505],[16.0141,46.6475],[16.0162,46.6452],[16.0131,46.6432],[16.0105,46.639],[16.0043,46.6367],[15.999,46.6363],[15.9993,46.6339],[15.9967,46.6326],[15.9971,46.6304],[15.995,46.6246],[15.9972,46.6209],[15.9958,46.6197],[15.9957,46.6166],[16.0061,46.615],[16.0064,46.6139],[16.0122,46.614],[16.0165,46.6113],[16.0152,46.6095],[16.0161,46.6046],[16.0125,46.6027],[16.0091,46.598],[16.0076,46.5981],[16.0057,46.596],[16.0061,46.5946],[16.0101,46.5954],[16.0093,46.5936],[16.0174,46.591],[16.0192,46.5882],[16.018,46.5868],[16.0237,46.5864],[16.024,46.5881],[16.0227,46.5901],[16.0269,46.5929],[16.0289,46.5925],[16.0283,46.5945],[16.0323,46.5962],[16.0322,46.5998],[16.0398,46.5998],[16.0405,46.6057],[16.0425,46.6062],[16.0434,46.6108],[16.0447,46.6102],[16.0461,46.6051],[16.0496,46.606],[16.0487,46.6076],[16.052,46.608],[16.0591,46.6019],[16.0589,46.5985],[16.0609,46.598],[16.0588,46.592],[16.061,46.5899],[16.0591,46.5896],[16.0593,46.5882],[16.0616,46.5868],[16.0613,46.5849],[16.0588,46.5843],[16.059,46.5833],[16.0659,46.5832],[16.069,46.586],[16.0686,46.5885],[16.0707,46.5886],[16.0708,46.591],[16.0741,46.5928],[16.0737,46.5949],[16.0912,46.6069],[16.1005,46.606],[16.1088,46.6076],[16.1082,46.6105],[16.1005,46.6152]]]}},{"type":"Feature","properties":{"id":"110200000110272619","name":"Radlje ob Dravi"},"geometry":{"type":"Polygon","coordinates":[[[15.3355,46.6532],[15.3275,46.653],[15.3217,46.648],[15.3194,46.6478],[15.3105,46.6524],[15.2948,46.6527],[15.2886,46.649],[15.2841,46.648],[15.2822,46.6452],[15.2774,46.6436],[15.2625,46.6447],[15.2359,46.6394],[15.2243,46.6434],[15.2181,46.6422],[15.2062,46.6452],[15.1974,46.6457],[15.1919,46.6486],[15.1916,46.6507],[15.1894,46.6528],[15.1823,46.6561],[15.1694,46.6538],[15.1667,46.6542],[15.1645,46.6573],[15.1603,46.6571],[15.1611,46.6521],[15.1666,46.6509],[15.1642,46.648],[15.1649,46.6466],[15.1741,46.6462],[15.1731,46.6452],[15.1751,46.6434],[15.1725,46.638],[15.17,46.6362],[15.1703,46.6337],[15.1774,46.6292],[15.1781,46.6256],[15.1853,46.6231],[15.1898,46.6187],[15.1876,46.6172],[15.1821,46.6186],[15.1828,46.6163],[15.1893,46.6127],[15.1976,46.6037],[15.2003,46.6031],[15.2054,46.6045],[15.2093,46.6032],[15.2134,46.5998],[15.2116,46.5985],[15.2124,46.5965],[15.2151,46.595],[15.2141,46.5934],[15.2179,46.5922],[15.2093,46.5843],[15.2088,46.5819],[15.2011,46.5726],[15.2004,46.5702],[15.1988,46.5698],[15.1928,46.574],[15.19,46.5731],[15.184,46.5754],[15.1791,46.5752],[15.1862,46.5694],[15.1903,46.5703],[15.1944,46.5694],[15.1875,46.5668],[15.1872,46.5657],[15.1912,46.5638],[15.1913,46.5605],[15.1899,46.5587],[15.1852,46.5576],[15.1852,46.5545],[15.1867,46.553],[15.1771,46.5491],[15.1763,46.5473],[15.1775,46.5435],[15.1709,46.5428],[15.1715,46.5384],[15.1744,46.5358],[15.178,46.5353],[15.1777,46.5317],[15.1798,46.5293],[15.1783,46.5262],[15.1797,46.5248],[15.186,46.5231],[15.1941,46.5238],[15.1994,46.5259],[15.2048,46.5235],[15.2052,46.526],[15.2097,46.5299],[15.2055,46.5302],[15.2059,46.5319],[15.2088,46.5337],[15.2097,46.5367],[15.2066,46.5381],[15.2056,46.5399],[15.2103,46.5418],[15.2093,46.5461],[15.2146,46.5455],[15.2158,46.5439],[15.2207,46.5456],[15.2213,46.5474],[15.2255,46.545],[15.2251,46.5461],[15.2279,46.5471],[15.2317,46.5511],[15.233,46.5552],[15.2375,46.5571],[15.2375,46.5557],[15.2421,46.5596],[15.2445,46.5571],[15.2534,46.5604],[15.2579,46.5647],[15.2637,46.5659],[15.2645,46.5688],[15.2712,46.5687],[15.2716,46.5729],[15.2763,46.5748],[15.2778,46.5779],[15.2752,46.5823],[15.2777,46.5876],[15.285,46.5879],[15.2828,46.5924],[15.2843,46.5931],[15.2804,46.5941],[15.2816,46.5944],[15.2851,46.6011],[15.2936,46.5997],[15.297,46.6051],[15.3001,46.6067],[15.3049,46.6046],[15.3098,46.6083],[15.3239,46.6093],[15.3258,46.6083],[15.3357,46.612],[15.3335,46.6164],[15.3288,46.6205],[15.3282,46.6224],[15.3308,46.6248],[15.331,46.6291],[15.3341,46.6314],[15.3339,46.6375],[15.3302,46.6414],[15.3355,46.6532]]]}},{"type":"Feature","properties":{"id":"110200000110272700","name":"Radovljica"},"geometry":{"type":"Polygon","coordinates":[[[14.2335,46.4221],[14.2219,46.4218],[14.2085,46.4163],[14.205,46.4129],[14.2006,46.4046],[14.1979,46.4039],[14.1963,46.4008],[14.1938,46.4005],[14.1909,46.3956],[14.1924,46.3937],[14.1915,46.3894],[14.1926,46.3872],[14.1908,46.3853],[14.1918,46.384],[14.1847,46.3798],[14.1855,46.3844],[14.182,46.3828],[14.183,46.3812],[14.1811,46.3805],[14.1834,46.3798],[14.1809,46.3802],[14.1832,46.3794],[14.179,46.3802],[14.1786,46.3787],[14.1801,46.3783],[14.1757,46.3752],[14.1777,46.3743],[14.1773,46.3725],[14.1696,46.3784],[14.1669,46.3785],[14.1659,46.3796],[14.1641,46.3786],[14.156,46.3827],[14.1533,46.3819],[14.1354,46.3689],[14.1341,46.3647],[14.1402,46.3648],[14.1424,46.3587],[14.1479,46.3554],[14.144,46.352],[14.1512,46.351],[14.1526,46.3493],[14.152,46.3455],[14.1552,46.3443],[14.1548,46.3427],[14.1518,46.3408],[14.1466,46.342],[14.1424,46.3367],[14.1364,46.3374],[14.1294,46.3358],[14.1305,46.3322],[14.1267,46.3285],[14.1303,46.3259],[14.1307,46.3233],[14.1278,46.3204],[14.1236,46.3195],[14.1223,46.3178],[14.1157,46.3181],[14.1118,46.316],[14.1112,46.3088],[14.109,46.3036],[14.1115,46.3024],[14.1151,46.3034],[14.1244,46.3004],[14.1239,46.2987],[14.138,46.297],[14.167,46.2989],[14.1684,46.3004],[14.1663,46.3013],[14.1658,46.3031],[14.1695,46.3059],[14.1814,46.2961],[14.1782,46.2919],[14.1777,46.2876],[14.1754,46.2848],[14.1763,46.2817],[14.1798,46.2811],[14.1833,46.278],[14.1921,46.2781],[14.1958,46.2756],[14.1977,46.2772],[14.2019,46.2775],[14.2033,46.2806],[14.2065,46.2821],[14.2093,46.2812],[14.2078,46.2811],[14.2072,46.2788],[14.2082,46.2749],[14.2146,46.2768],[14.2203,46.2754],[14.2213,46.2772],[14.2238,46.2772],[14.2246,46.2732],[14.2308,46.2715],[14.2292,46.2692],[14.2302,46.2679],[14.234,46.2697],[14.2332,46.2709],[14.2359,46.2724],[14.2356,46.2706],[14.2377,46.2695],[14.2405,46.2709],[14.2458,46.2707],[14.2471,46.2723],[14.2509,46.2705],[14.2545,46.2719],[14.2661,46.2707],[14.2686,46.2725],[14.2729,46.2729],[14.2663,46.2776],[14.2637,46.2871],[14.26,46.2941],[14.2598,46.2993],[14.2629,46.3061],[14.2618,46.3076],[14.2644,46.3115],[14.2628,46.3126],[14.2634,46.3149],[14.2669,46.3158],[14.2642,46.3217],[14.2623,46.3222],[14.2654,46.3234],[14.2635,46.3254],[14.2585,46.3264],[14.2562,46.3294],[14.2524,46.3297],[14.2521,46.3336],[14.2507,46.3327],[14.249,46.3337],[14.2491,46.3353],[14.2623,46.3423],[14.2591,46.3464],[14.2574,46.3468],[14.247,46.3389],[14.2491,46.3433],[14.2452,46.3422],[14.2403,46.3484],[14.2397,46.3508],[14.242,46.3525],[14.2411,46.3534],[14.2432,46.3569],[14.2471,46.3607],[14.249,46.3661],[14.248,46.368],[14.2503,46.3732],[14.2482,46.3809],[14.2528,46.3807],[14.2518,46.3875],[14.2464,46.3909],[14.2474,46.3928],[14.2464,46.3934],[14.2501,46.3948],[14.2491,46.3972],[14.2508,46.3987],[14.251,46.4027],[14.2469,46.4048],[14.2438,46.4097],[14.2454,46.4125],[14.2512,46.4158],[14.2431,46.4215],[14.2335,46.4221]]]}},{"type":"Feature","properties":{"id":"110200000110272882","name":"Ravne na Koroškem"},"geometry":{"type":"Polygon","coordinates":[[[14.8844,46.6118],[14.8839,46.6084],[14.8883,46.6065],[14.8887,46.6045],[14.8921,46.6046],[14.892,46.6034],[14.8895,46.6026],[14.8901,46.6016],[14.8885,46.5994],[14.8883,46.5961],[14.893,46.5967],[14.8969,46.5922],[14.8986,46.5865],[14.9027,46.5854],[14.9057,46.5891],[14.9072,46.5876],[14.9081,46.5837],[14.9106,46.5834],[14.9143,46.585],[14.9205,46.5758],[14.923,46.5741],[14.922,46.5726],[14.9229,46.5708],[14.9294,46.5645],[14.9238,46.5594],[14.9324,46.5583],[14.9399,46.5614],[14.9437,46.56],[14.9473,46.5548],[14.945,46.5496],[14.9372,46.5495],[14.9383,46.5485],[14.9357,46.5457],[14.9376,46.5455],[14.9372,46.5444],[14.9336,46.5431],[14.9348,46.5418],[14.9387,46.5419],[14.9419,46.5317],[14.9469,46.5301],[14.9435,46.5269],[14.9469,46.5251],[14.9501,46.5258],[14.9525,46.5248],[14.9516,46.5223],[14.9482,46.5203],[14.9471,46.518],[14.9504,46.5185],[14.9533,46.5166],[14.95,46.5152],[14.9436,46.5154],[14.9364,46.5071],[14.9325,46.5069],[14.9348,46.5051],[14.9335,46.5022],[14.929,46.5037],[14.9213,46.5],[14.9256,46.4998],[14.9261,46.4985],[14.9318,46.5],[14.9383,46.4995],[14.9385,46.4963],[14.9409,46.4942],[14.9407,46.4909],[14.943,46.4897],[14.9395,46.4851],[14.9406,46.484],[14.9613,46.4856],[14.9656,46.4848],[14.9693,46.4873],[14.9879,46.4899],[14.9927,46.4935],[14.9927,46.4995],[15.0027,46.4992],[15.006,46.5075],[15.0042,46.5125],[15.0055,46.5146],[15.007,46.513],[15.0086,46.5138],[15.0068,46.5173],[15.0091,46.5199],[15.0068,46.5242],[15.0084,46.5281],[15.0044,46.5302],[15.003,46.534],[15.0051,46.5395],[15.0078,46.541],[15.0095,46.5446],[15.0107,46.5465],[15.0126,46.5469],[15.0118,46.5493],[15.0149,46.5522],[15.012,46.5553],[15.0109,46.5664],[15.0042,46.5629],[15.0011,46.5658],[14.9974,46.5662],[14.9991,46.5683],[14.997,46.5717],[14.9915,46.5712],[14.9905,46.5724],[14.9865,46.5723],[14.985,46.5741],[14.9818,46.5733],[14.9763,46.5746],[14.9776,46.5779],[14.9733,46.5772],[14.9687,46.5789],[14.9631,46.5866],[14.9633,46.5909],[14.9649,46.5903],[14.9689,46.5928],[14.9662,46.5945],[14.9626,46.5961],[14.9603,46.5949],[14.9602,46.5925],[14.9524,46.5921],[14.9511,46.5943],[14.9487,46.5947],[14.9438,46.5915],[14.9377,46.595],[14.9373,46.5961],[14.9397,46.5966],[14.9392,46.5978],[14.9365,46.5972],[14.9333,46.5985],[14.9315,46.601],[14.9275,46.6027],[14.9266,46.6072],[14.9248,46.6083],[14.9221,46.6079],[14.9232,46.6034],[14.9189,46.6019],[14.9166,46.6051],[14.9138,46.6063],[14.9135,46.6043],[14.9045,46.6049],[14.9041,46.6072],[14.9002,46.6095],[14.9009,46.612],[14.8965,46.6102],[14.8898,46.6127],[14.8844,46.6118]]]}},{"type":"Feature","properties":{"id":"110200000110272965","name":"Ribnica"},"geometry":{"type":"Polygon","coordinates":[[[14.7302,45.6495],[14.7353,45.6488],[14.7387,45.6446],[14.7478,45.6388],[14.7525,45.6391],[14.7565,45.6376],[14.7708,45.6363],[14.7743,45.6392],[14.778,45.6396],[14.7786,45.6413],[14.7775,45.6416],[14.7777,45.6452],[14.7757,45.6493],[14.7776,45.6504],[14.779,45.6551],[14.7809,45.6551],[14.7823,45.6584],[14.7833,45.6583],[14.7837,45.661],[14.7867,45.663],[14.7794,45.6693],[14.7757,45.6806],[14.7725,45.6852],[14.7785,45.692],[14.7804,45.6934],[14.7822,45.6928],[14.8124,45.7155],[14.8071,45.7182],[14.8195,45.7293],[14.7665,45.7598],[14.7651,45.7631],[14.7476,45.7756],[14.7425,45.7848],[14.7151,45.7978],[14.7071,45.803],[14.7077,45.8046],[14.7061,45.8046],[14.7039,45.8103],[14.697,45.8128],[14.6978,45.814],[14.6952,45.8154],[14.694,45.8179],[14.6884,45.8191],[14.6835,45.8207],[14.6771,45.8208],[14.6758,45.817],[14.6691,45.8131],[14.6662,45.8079],[14.6612,45.8092],[14.6598,45.8057],[14.6557,45.806],[14.6557,45.805],[14.6485,45.8016],[14.6456,45.8023],[14.6402,45.8013],[14.639,45.8031],[14.6366,45.8037],[14.6333,45.8024],[14.6338,45.8007],[14.631,45.7992],[14.6315,45.801],[14.6283,45.8005],[14.6262,45.8023],[14.6223,45.8015],[14.6163,45.8037],[14.6025,45.7996],[14.5956,45.8014],[14.5946,45.8009],[14.5956,45.7973],[14.5948,45.7937],[14.585,45.7939],[14.583,45.7912],[14.5839,45.7901],[14.5919,45.7898],[14.5964,45.787],[14.6073,45.7852],[14.6116,45.7832],[14.6199,45.7832],[14.6193,45.7847],[14.622,45.7848],[14.6211,45.783],[14.6256,45.7808],[14.6307,45.7808],[14.6373,45.7766],[14.6487,45.7766],[14.6506,45.7779],[14.6514,45.7759],[14.655,45.7766],[14.6555,45.7751],[14.6734,45.7742],[14.6737,45.7724],[14.6675,45.7698],[14.6681,45.7674],[14.6663,45.7659],[14.675,45.7662],[14.6749,45.7653],[14.6787,45.7645],[14.6787,45.763],[14.6834,45.76],[14.6778,45.7589],[14.6792,45.7534],[14.6728,45.7522],[14.6723,45.7478],[14.6679,45.7415],[14.6701,45.7377],[14.6672,45.738],[14.6643,45.7365],[14.6637,45.7338],[14.665,45.7338],[14.662,45.7319],[14.6639,45.7306],[14.6581,45.7266],[14.6581,45.7244],[14.6563,45.7229],[14.6564,45.7194],[14.6543,45.7174],[14.6559,45.7168],[14.6512,45.7166],[14.6463,45.7141],[14.6442,45.7156],[14.6433,45.7148],[14.6533,45.699],[14.6646,45.6915],[14.6597,45.6848],[14.7039,45.6811],[14.7064,45.679],[14.7215,45.6779],[14.723,45.6689],[14.7325,45.6709],[14.7313,45.6686],[14.7352,45.6604],[14.7321,45.6581],[14.7348,45.654],[14.7302,45.6495]]]}},{"type":"Feature","properties":{"id":"110200000110273005","name":"Rogatec"},"geometry":{"type":"Polygon","coordinates":[[[15.732,46.2679],[15.7181,46.2618],[15.708,46.2598],[15.7036,46.2614],[15.7029,46.2598],[15.6987,46.2588],[15.6975,46.2552],[15.6953,46.2548],[15.6925,46.2519],[15.693,46.2505],[15.6916,46.2479],[15.6929,46.2467],[15.6939,46.24],[15.6927,46.2398],[15.691,46.2427],[15.6891,46.243],[15.6876,46.24],[15.6853,46.2403],[15.6853,46.2386],[15.6834,46.2397],[15.6758,46.2388],[15.6735,46.2344],[15.6755,46.2299],[15.6749,46.2271],[15.6814,46.2274],[15.6906,46.2238],[15.7018,46.2223],[15.7096,46.2233],[15.7164,46.2219],[15.7215,46.2228],[15.7221,46.2218],[15.7241,46.2221],[15.7241,46.2231],[15.7283,46.2229],[15.7291,46.221],[15.726,46.2192],[15.73,46.2162],[15.7358,46.2183],[15.7362,46.2204],[15.7456,46.2215],[15.7546,46.2191],[15.7549,46.2168],[15.7504,46.2121],[15.752,46.2102],[15.7509,46.2091],[15.7525,46.2081],[15.7565,46.2071],[15.7679,46.2088],[15.7686,46.2099],[15.7786,46.2124],[15.7818,46.2154],[15.7857,46.2164],[15.789,46.2199],[15.7887,46.2229],[15.7899,46.2247],[15.7943,46.2279],[15.7938,46.2364],[15.7996,46.2377],[15.7994,46.2404],[15.8016,46.2426],[15.7976,46.2479],[15.7972,46.2512],[15.7924,46.2553],[15.7915,46.2593],[15.7831,46.258],[15.7764,46.2552],[15.7699,46.2544],[15.765,46.2555],[15.7626,46.2544],[15.7601,46.2552],[15.7589,46.2589],[15.7544,46.26],[15.7561,46.2617],[15.7531,46.2636],[15.753,46.2661],[15.7478,46.2635],[15.7398,46.2618],[15.7368,46.2648],[15.7363,46.2677],[15.732,46.2679]]]}},{"type":"Feature","properties":{"id":"110200000110273187","name":"Rogašovci"},"geometry":{"type":"Polygon","coordinates":[[[16.0582,46.813],[16.0543,46.8181],[16.0559,46.8203],[16.0545,46.8205],[16.0548,46.8223],[16.059,46.8282],[16.0576,46.8343],[16.0584,46.8387],[16.0546,46.8405],[16.0512,46.8372],[16.043,46.8408],[16.041,46.84],[16.0399,46.8361],[16.0351,46.8349],[16.0324,46.8327],[16.0322,46.8349],[16.0339,46.8355],[16.0273,46.8411],[16.0183,46.8363],[16.0135,46.8359],[16.0077,46.8306],[16.0015,46.8315],[15.9962,46.8354],[15.991,46.8328],[15.9891,46.8305],[15.9896,46.8295],[15.9854,46.8273],[15.9871,46.8249],[15.988,46.8196],[15.9912,46.8181],[15.9981,46.8095],[15.9924,46.8033],[15.994,46.7935],[15.9931,46.7877],[15.9896,46.7805],[15.9891,46.7748],[16.0082,46.7736],[16.0076,46.7686],[16.0151,46.7622],[16.0153,46.7589],[16.0209,46.7556],[16.036,46.7586],[16.0405,46.7574],[16.0532,46.757],[16.0537,46.7549],[16.0572,46.754],[16.0595,46.758],[16.0634,46.7593],[16.0646,46.7611],[16.0571,46.7624],[16.0506,46.765],[16.0517,46.7671],[16.0504,46.7676],[16.0515,46.7721],[16.0565,46.7812],[16.0536,46.7825],[16.0532,46.7879],[16.0543,46.7913],[16.0534,46.7918],[16.0572,46.7937],[16.0554,46.7981],[16.0562,46.8003],[16.0582,46.8001],[16.0585,46.8016],[16.0562,46.8028],[16.0583,46.8035],[16.0564,46.8053],[16.0516,46.8054],[16.0559,46.8073],[16.0586,46.8117],[16.0582,46.813]]]}},{"type":"Feature","properties":{"id":"110200000110273260","name":"Rogaška Slatina"},"geometry":{"type":"Polygon","coordinates":[[[15.6025,46.2063],[15.6121,46.2061],[15.6154,46.2038],[15.6136,46.1996],[15.6163,46.1985],[15.6166,46.1971],[15.6186,46.1972],[15.6172,46.1976],[15.6182,46.1988],[15.6309,46.1983],[15.6349,46.1933],[15.6353,46.1906],[15.6324,46.1905],[15.636,46.1858],[15.6403,46.1871],[15.6409,46.1859],[15.6448,46.1866],[15.6461,46.1877],[15.6459,46.1897],[15.6491,46.1915],[15.6476,46.1945],[15.6489,46.1955],[15.6463,46.1988],[15.6474,46.2016],[15.6463,46.2027],[15.648,46.2027],[15.6482,46.2046],[15.6453,46.2055],[15.646,46.2061],[15.645,46.207],[15.643,46.2073],[15.643,46.2061],[15.6411,46.2075],[15.6428,46.2095],[15.6417,46.2101],[15.6427,46.2121],[15.6459,46.2127],[15.6467,46.2167],[15.6528,46.2173],[15.6538,46.2192],[15.6597,46.2186],[15.6608,46.2205],[15.6637,46.2198],[15.663,46.2213],[15.6672,46.223],[15.6702,46.2228],[15.6724,46.2261],[15.6749,46.2271],[15.6755,46.2299],[15.6735,46.2344],[15.6758,46.2388],[15.6834,46.2397],[15.6853,46.2386],[15.6853,46.2403],[15.6876,46.24],[15.6891,46.243],[15.691,46.2427],[15.6927,46.2398],[15.6939,46.24],[15.6929,46.2467],[15.6916,46.2479],[15.693,46.2505],[15.6925,46.2519],[15.6953,46.2548],[15.6975,46.2552],[15.6987,46.2588],[15.7029,46.2598],[15.7036,46.2614],[15.708,46.2598],[15.7181,46.2618],[15.732,46.2679],[15.7217,46.2712],[15.7212,46.27],[15.7132,46.2676],[15.7004,46.2685],[15.6928,46.2654],[15.6899,46.2689],[15.6919,46.27],[15.6917,46.2718],[15.6942,46.2726],[15.6948,46.2745],[15.6815,46.2729],[15.6794,46.2744],[15.6736,46.2749],[15.6735,46.2762],[15.6678,46.2745],[15.6562,46.2739],[15.6513,46.2767],[15.6491,46.2752],[15.6426,46.2755],[15.6374,46.2739],[15.6358,46.2743],[15.6361,46.2763],[15.6382,46.2789],[15.64,46.2792],[15.6367,46.2799],[15.6368,46.2813],[15.6356,46.2832],[15.6309,46.2845],[15.6293,46.2866],[15.6264,46.2876],[15.6065,46.2838],[15.5999,46.2894],[15.5978,46.2898],[15.5962,46.2883],[15.5881,46.2867],[15.582,46.2835],[15.5791,46.2862],[15.5689,46.2874],[15.5662,46.2808],[15.562,46.2787],[15.5619,46.2747],[15.5595,46.2749],[15.5593,46.2731],[15.5575,46.2692],[15.5577,46.2673],[15.5597,46.2659],[15.5604,46.2612],[15.564,46.2621],[15.5679,46.2597],[15.5699,46.2538],[15.5727,46.2518],[15.5719,46.2498],[15.5734,46.2456],[15.5701,46.2447],[15.5695,46.2433],[15.5746,46.2443],[15.5745,46.2374],[15.5774,46.237],[15.5784,46.2388],[15.5769,46.2326],[15.5826,46.2297],[15.5821,46.2274],[15.5901,46.2265],[15.5943,46.2274],[15.5974,46.2262],[15.5967,46.2218],[15.5927,46.2214],[15.5907,46.2183],[15.5946,46.2167],[15.5941,46.2147],[15.5986,46.2135],[15.5986,46.2088],[15.6025,46.2063]]]}},{"type":"Feature","properties":{"id":"110200000110273344","name":"Ruše"},"geometry":{"type":"Polygon","coordinates":[[[15.5613,46.5092],[15.5547,46.5139],[15.5479,46.5164],[15.5498,46.521],[15.5487,46.5234],[15.553,46.5248],[15.5506,46.5334],[15.5552,46.5376],[15.5543,46.5411],[15.5587,46.5474],[15.558,46.5501],[15.5588,46.5514],[15.5576,46.5525],[15.5606,46.5549],[15.5584,46.5617],[15.5531,46.5613],[15.5238,46.5566],[15.5116,46.5475],[15.4893,46.5413],[15.4829,46.5339],[15.4716,46.5327],[15.4583,46.5342],[15.4504,46.5424],[15.4547,46.5503],[15.4569,46.5618],[15.4552,46.5623],[15.454,46.5608],[15.4535,46.5515],[15.4467,46.55],[15.4485,46.5489],[15.4447,46.5465],[15.4445,46.5437],[15.4379,46.5399],[15.4494,46.5396],[15.4477,46.538],[15.4505,46.5364],[15.444,46.5326],[15.4425,46.5274],[15.4382,46.5253],[15.4342,46.5261],[15.4331,46.5225],[15.4353,46.5195],[15.4361,46.5168],[15.4352,46.5151],[15.4218,46.5072],[15.409,46.5055],[15.4059,46.5017],[15.4091,46.4949],[15.4052,46.4908],[15.403,46.4861],[15.3976,46.4836],[15.4001,46.4821],[15.4017,46.479],[15.4061,46.4764],[15.4153,46.48],[15.4167,46.4782],[15.424,46.4768],[15.4322,46.4812],[15.4343,46.4801],[15.4444,46.4801],[15.4471,46.4817],[15.4523,46.4823],[15.4532,46.485],[15.4592,46.4874],[15.4656,46.4878],[15.4738,46.4923],[15.4796,46.4927],[15.4969,46.4976],[15.5033,46.4964],[15.506,46.4947],[15.5297,46.4948],[15.537,46.497],[15.5406,46.4997],[15.5439,46.5052],[15.5534,46.5062],[15.5613,46.5092]]]}},{"type":"Feature","properties":{"id":"110200000110273427","name":"Semič"},"geometry":{"type":"Polygon","coordinates":[[[15.2103,45.6142],[15.2161,45.6116],[15.2229,45.6122],[15.2212,45.6142],[15.2225,45.6155],[15.2278,45.6133],[15.2279,45.6177],[15.231,45.619],[15.2336,45.6186],[15.2371,45.6235],[15.2365,45.6246],[15.2454,45.6255],[15.2461,45.6279],[15.2424,45.6305],[15.2465,45.6366],[15.2458,45.6382],[15.247,45.6398],[15.2524,45.6421],[15.2517,45.6431],[15.2534,45.6437],[15.2546,45.6422],[15.2594,45.6418],[15.2653,45.643],[15.2762,45.6506],[15.2705,45.6567],[15.267,45.6563],[15.2674,45.6581],[15.2601,45.661],[15.2529,45.6663],[15.2589,45.6717],[15.2532,45.6771],[15.2517,45.6792],[15.2524,45.6798],[15.237,45.6859],[15.2324,45.6823],[15.23,45.6893],[15.2316,45.692],[15.2285,45.6938],[15.2262,45.7006],[15.2272,45.7042],[15.2245,45.7052],[15.2246,45.7075],[15.2197,45.7071],[15.2187,45.7054],[15.2157,45.7073],[15.2125,45.7059],[15.2106,45.7071],[15.2077,45.7054],[15.2054,45.7028],[15.2069,45.6996],[15.2047,45.6997],[15.2031,45.6975],[15.1782,45.6904],[15.1757,45.6866],[15.1718,45.6845],[15.1673,45.685],[15.1676,45.6861],[15.1664,45.6869],[15.1588,45.6893],[15.1539,45.6948],[15.1501,45.6937],[15.1496,45.6957],[15.1461,45.6962],[15.146,45.6946],[15.1396,45.6947],[15.1332,45.6915],[15.1273,45.6931],[15.1232,45.6923],[15.1137,45.6881],[15.1107,45.6901],[15.1057,45.6883],[15.1007,45.6886],[15.099,45.6834],[15.097,45.6832],[15.0906,45.6887],[15.0914,45.6897],[15.0813,45.6914],[15.0778,45.6934],[15.0687,45.6904],[15.0646,45.6922],[15.0591,45.6894],[15.056,45.6868],[15.0588,45.6835],[15.0593,45.6804],[15.054,45.6796],[15.0518,45.6777],[15.0502,45.6744],[15.0508,45.6692],[15.0376,45.6646],[15.0337,45.6623],[15.0306,45.6584],[15.029,45.6551],[15.0388,45.6475],[15.0265,45.6357],[15.0327,45.6318],[15.0412,45.6202],[15.0399,45.6173],[15.0443,45.615],[15.046,45.612],[15.0632,45.6068],[15.0771,45.6038],[15.0872,45.5992],[15.0925,45.5994],[15.0955,45.5974],[15.1014,45.5975],[15.1015,45.5996],[15.1274,45.6016],[15.1294,45.6032],[15.1334,45.6039],[15.1328,45.6052],[15.1357,45.6073],[15.1354,45.6101],[15.1338,45.6113],[15.1355,45.6159],[15.139,45.6203],[15.1472,45.6254],[15.153,45.6259],[15.154,45.6273],[15.1619,45.6276],[15.1645,45.6292],[15.1718,45.6238],[15.2,45.6184],[15.201,45.6153],[15.204,45.6137],[15.2066,45.6167],[15.2103,45.6142]]]}},{"type":"Feature","properties":{"id":"110200000110273690","name":"Sevnica"},"geometry":{"type":"Polygon","coordinates":[[[15.4083,46.0664],[15.4055,46.0672],[15.4006,46.0661],[15.3896,46.0683],[15.3856,46.0728],[15.3823,46.0738],[15.3746,46.0723],[15.3706,46.0693],[15.3587,46.0742],[15.3562,46.0723],[15.3514,46.0733],[15.3487,46.0722],[15.3407,46.0722],[15.3359,46.0738],[15.3299,46.0724],[15.3277,46.0739],[15.3163,46.0752],[15.304,46.0726],[15.3032,46.071],[15.2982,46.068],[15.2819,46.0689],[15.2803,46.0678],[15.282,46.0669],[15.2826,46.0551],[15.2783,46.0578],[15.2785,46.0587],[15.272,46.0594],[15.2727,46.0643],[15.2744,46.0656],[15.2724,46.0674],[15.2727,46.0695],[15.2753,46.0708],[15.2763,46.0701],[15.2747,46.0719],[15.2766,46.0726],[15.2766,46.0739],[15.272,46.0757],[15.2715,46.0741],[15.2687,46.0738],[15.2657,46.0751],[15.2679,46.0778],[15.2668,46.0806],[15.2673,46.0851],[15.2632,46.089],[15.2616,46.0878],[15.2624,46.0843],[15.2564,46.082],[15.2577,46.0793],[15.254,46.0805],[15.2489,46.0773],[15.2342,46.0772],[15.2305,46.0783],[15.2175,46.0873],[15.2077,46.0817],[15.1988,46.0823],[15.1968,46.086],[15.1891,46.0831],[15.1857,46.0841],[15.183,46.0814],[15.1852,46.0804],[15.1828,46.0784],[15.1918,46.0742],[15.1922,46.072],[15.1965,46.0719],[15.1997,46.0692],[15.1983,46.0677],[15.2007,46.0655],[15.1978,46.0619],[15.2048,46.0591],[15.2034,46.0561],[15.2047,46.0471],[15.2117,46.0448],[15.2244,46.0462],[15.2362,46.0363],[15.2327,46.0327],[15.2292,46.0329],[15.2252,46.0308],[15.2243,46.032],[15.2224,46.0316],[15.2177,46.0275],[15.2125,46.0284],[15.2054,46.0253],[15.1992,46.0291],[15.1975,46.0322],[15.1993,46.0328],[15.1982,46.0343],[15.1727,46.0375],[15.1666,46.0397],[15.1559,46.0404],[15.1358,46.046],[15.1275,46.0461],[15.1256,46.0433],[15.1211,46.0433],[15.1188,46.0418],[15.1155,46.0421],[15.1008,46.0386],[15.0884,46.0408],[15.0894,46.0357],[15.0878,46.0328],[15.0914,46.0303],[15.0922,46.0293],[15.0909,46.0286],[15.0963,46.023],[15.0985,46.0222],[15.0971,46.0211],[15.0993,46.019],[15.1052,46.0138],[15.1061,46.009],[15.1034,46.0078],[15.1074,46.0078],[15.1145,46.0038],[15.1244,46.0022],[15.1283,45.9998],[15.1276,45.9948],[15.1313,45.9895],[15.1298,45.986],[15.1309,45.9827],[15.1342,45.9864],[15.1353,45.9908],[15.1489,45.9925],[15.1505,45.994],[15.1501,45.9977],[15.1526,45.9958],[15.1605,45.9983],[15.1659,45.9986],[15.16,45.9973],[15.163,45.9966],[15.164,45.9918],[15.1599,45.9904],[15.1615,45.988],[15.1599,45.9852],[15.1544,45.9855],[15.1504,45.9837],[15.1483,45.9783],[15.1517,45.974],[15.1519,45.9693],[15.1542,45.9692],[15.1577,45.9658],[15.1617,45.9658],[15.1605,45.9641],[15.1617,45.9624],[15.1621,45.9558],[15.1649,45.9564],[15.1698,45.9526],[15.1719,45.9524],[15.1715,45.9515],[15.1772,45.9497],[15.1833,45.9457],[15.1858,45.9407],[15.192,45.9401],[15.192,45.9383],[15.1947,45.9361],[15.1982,45.9364],[15.2013,45.9327],[15.2084,45.9336],[15.2107,45.9319],[15.2116,45.9329],[15.2137,45.932],[15.2136,45.9303],[15.2168,45.9288],[15.2253,45.9286],[15.2243,45.9336],[15.2224,45.935],[15.2314,45.9374],[15.2351,45.9327],[15.2383,45.9388],[15.2424,45.9409],[15.248,45.9411],[15.2474,45.9444],[15.2487,45.9455],[15.2455,45.9463],[15.2456,45.9479],[15.2529,45.9513],[15.2563,45.9509],[15.2575,45.9486],[15.2668,45.9427],[15.2679,45.9361],[15.2734,45.9353],[15.2782,45.9376],[15.2817,45.9378],[15.2806,45.943],[15.272,45.9493],[15.2727,45.9523],[15.2769,45.9545],[15.2758,45.9571],[15.2791,45.96],[15.2942,45.955],[15.3051,45.9485],[15.3065,45.9513],[15.3043,45.9533],[15.3057,45.956],[15.3038,45.9574],[15.303,45.9602],[15.3077,45.9603],[15.3141,45.9581],[15.3151,45.9591],[15.3215,45.9569],[15.3261,45.9581],[15.3268,45.9572],[15.3301,45.9597],[15.332,45.9598],[15.3323,45.9521],[15.3303,45.9501],[15.3321,45.9497],[15.3332,45.9455],[15.3398,45.9438],[15.3513,45.9376],[15.3537,45.9414],[15.3504,45.9441],[15.3503,45.946],[15.3595,45.9459],[15.3611,45.948],[15.3644,45.9489],[15.3607,45.9502],[15.3604,45.9579],[15.3681,45.9567],[15.3725,45.9618],[15.3754,45.9669],[15.3739,45.9738],[15.3754,45.9777],[15.381,45.9814],[15.3934,45.9823],[15.4141,45.9904],[15.4131,45.9932],[15.417,45.9933],[15.4158,45.9964],[15.417,46.0002],[15.4243,46.001],[15.4212,46.0028],[15.4192,46.0088],[15.4155,46.0111],[15.4151,46.0127],[15.4181,46.0158],[15.4138,46.0169],[15.4143,46.0179],[15.4092,46.0203],[15.4065,46.0266],[15.4077,46.0288],[15.407,46.0301],[15.4027,46.0308],[15.4062,46.0326],[15.4055,46.0347],[15.4034,46.0353],[15.4045,46.0382],[15.4027,46.0491],[15.4117,46.0478],[15.4106,46.0509],[15.4051,46.0546],[15.4026,46.0627],[15.4078,46.0649],[15.4083,46.0664]]]}},{"type":"Feature","properties":{"id":"110200000110273773","name":"Sežana"},"geometry":{"type":"Polygon","coordinates":[[[13.9471,45.6438],[13.9496,45.645],[13.9532,45.6496],[13.9535,45.6543],[13.9584,45.6599],[13.9596,45.6631],[13.9581,45.6658],[13.9592,45.6705],[13.9333,45.6761],[13.9506,45.6787],[13.9574,45.683],[13.9586,45.691],[13.9651,45.6958],[13.9719,45.7031],[13.983,45.7069],[13.978,45.7096],[13.9753,45.7136],[13.965,45.7187],[13.9702,45.7234],[13.9743,45.7308],[13.96,45.7384],[13.959,45.7408],[13.9568,45.7418],[13.9589,45.744],[13.9611,45.7419],[13.967,45.7412],[13.9818,45.7473],[13.9856,45.7477],[13.9858,45.7496],[13.99,45.7528],[13.9963,45.7556],[13.9969,45.7576],[13.9951,45.762],[13.9969,45.7638],[13.9961,45.7666],[14.0003,45.7697],[13.9942,45.7718],[13.9918,45.7746],[13.9849,45.7788],[13.9701,45.7814],[13.9636,45.7868],[13.958,45.7867],[13.9574,45.7894],[13.9509,45.7885],[13.939,45.7925],[13.9346,45.7926],[13.9315,45.7944],[13.9331,45.7957],[13.9291,45.797],[13.9262,45.8006],[13.9202,45.8042],[13.9091,45.8094],[13.9079,45.8115],[13.899,45.8062],[13.8946,45.8016],[13.8937,45.8021],[13.8958,45.8043],[13.8898,45.8048],[13.8883,45.8064],[13.8877,45.8053],[13.8791,45.8049],[13.8784,45.8083],[13.8744,45.8078],[13.8734,45.81],[13.8656,45.8076],[13.8617,45.8016],[13.8508,45.7984],[13.8421,45.7965],[13.8417,45.7982],[13.8366,45.8003],[13.8345,45.7982],[13.8354,45.7956],[13.8329,45.794],[13.8265,45.7933],[13.8138,45.7943],[13.804,45.7906],[13.8005,45.7952],[13.8003,45.7939],[13.7913,45.7918],[13.7865,45.7885],[13.7687,45.7879],[13.7635,45.7852],[13.7442,45.7873],[13.7401,45.7944],[13.7359,45.79],[13.736,45.7869],[13.7388,45.7841],[13.7428,45.7846],[13.7454,45.7794],[13.7424,45.7781],[13.7354,45.7793],[13.7342,45.7797],[13.7337,45.782],[13.7306,45.7794],[13.7226,45.7807],[13.7122,45.7779],[13.7082,45.775],[13.73,45.7665],[13.7374,45.7618],[13.7335,45.761],[13.7355,45.7596],[13.7385,45.7597],[13.7459,45.7553],[13.7623,45.7562],[13.7655,45.7526],[13.7656,45.7509],[13.7842,45.7483],[13.795,45.7437],[13.7997,45.7404],[13.805,45.7297],[13.8108,45.7233],[13.8263,45.7147],[13.8339,45.7072],[13.8359,45.6979],[13.8322,45.6957],[13.8312,45.6929],[13.8336,45.6871],[13.8451,45.6807],[13.8577,45.6659],[13.8712,45.6561],[13.893,45.645],[13.8988,45.6434],[13.9,45.6442],[13.907,45.6426],[13.9138,45.6429],[13.9193,45.6444],[13.9304,45.6414],[13.9357,45.6433],[13.9381,45.6414],[13.9471,45.6438]]]}},{"type":"Feature","properties":{"id":"110200000110273856","name":"Slovenj Gradec"},"geometry":{"type":"Polygon","coordinates":[[[15.104,46.5647],[15.1035,46.5661],[15.0951,46.5646],[15.0907,46.5609],[15.085,46.5615],[15.0749,46.558],[15.0688,46.5594],[15.0499,46.5509],[15.0632,46.5433],[15.0641,46.5386],[15.0658,46.5373],[15.0681,46.5377],[15.0681,46.5337],[15.0651,46.5362],[15.0607,46.5338],[15.0603,46.5353],[15.0584,46.5348],[15.0562,46.5385],[15.0601,46.5402],[15.0562,46.5413],[15.0484,46.5468],[15.0481,46.5469],[15.046,46.5456],[15.0471,46.543],[15.0436,46.5421],[15.0426,46.5387],[15.037,46.5373],[15.0388,46.5362],[15.0385,46.5345],[15.0358,46.5347],[15.0336,46.5381],[15.0313,46.5386],[15.0304,46.5354],[15.0331,46.5321],[15.0321,46.5307],[15.0261,46.5315],[15.0194,46.5358],[15.0185,46.5395],[15.0147,46.5429],[15.0095,46.5446],[15.0078,46.541],[15.0051,46.5395],[15.003,46.534],[15.0044,46.5302],[15.0084,46.5281],[15.0068,46.5242],[15.0091,46.5199],[15.0068,46.5173],[15.0086,46.5138],[15.007,46.513],[15.0055,46.5146],[15.0042,46.5125],[15.006,46.5075],[15.0027,46.4992],[14.9927,46.4995],[14.9927,46.4935],[14.9879,46.4899],[14.9693,46.4873],[14.9656,46.4848],[14.9659,46.4808],[14.9631,46.4768],[14.9641,46.4747],[14.9661,46.4741],[14.9633,46.4696],[14.9583,46.4678],[14.9571,46.4625],[14.954,46.4599],[14.9532,46.457],[14.9544,46.4556],[14.9614,46.4556],[14.9687,46.4516],[14.9764,46.4519],[14.996,46.4428],[15.0047,46.4408],[15.0061,46.4385],[15.0095,46.4381],[15.0176,46.4404],[15.023,46.4391],[15.0286,46.4397],[15.039,46.4362],[15.065,46.4338],[15.0804,46.4282],[15.089,46.4231],[15.0898,46.4251],[15.0877,46.4314],[15.0909,46.4346],[15.1064,46.4286],[15.1111,46.429],[15.1145,46.427],[15.1188,46.4271],[15.1174,46.421],[15.1214,46.4212],[15.1227,46.4188],[15.1253,46.4223],[15.1289,46.4225],[15.1361,46.4312],[15.1345,46.4317],[15.1325,46.4354],[15.1343,46.4376],[15.1329,46.4406],[15.1343,46.4456],[15.1333,46.4464],[15.1418,46.4461],[15.141,46.4403],[15.1428,46.4387],[15.1454,46.4409],[15.1509,46.442],[15.1505,46.4443],[15.1524,46.4459],[15.1519,46.4481],[15.1557,46.4522],[15.1521,46.4545],[15.152,46.4561],[15.1481,46.4594],[15.1489,46.4601],[15.1446,46.4625],[15.1616,46.4635],[15.1663,46.4676],[15.1678,46.467],[15.1757,46.4746],[15.1766,46.4783],[15.1937,46.4956],[15.193,46.5049],[15.1953,46.5075],[15.191,46.5083],[15.1885,46.5134],[15.177,46.516],[15.1691,46.5219],[15.1614,46.5186],[15.1563,46.5189],[15.1514,46.521],[15.1499,46.5242],[15.1398,46.5249],[15.138,46.5279],[15.1341,46.5298],[15.1375,46.5331],[15.139,46.5376],[15.1374,46.5426],[15.1384,46.5457],[15.1372,46.5477],[15.1282,46.5501],[15.1264,46.553],[15.1206,46.5557],[15.1144,46.5561],[15.1062,46.5603],[15.1043,46.562],[15.104,46.5647]]]}},{"type":"Feature","properties":{"id":"110200000110273930","name":"Slovenska Bistrica"},"geometry":{"type":"Polygon","coordinates":[[[15.5414,46.4835],[15.5402,46.4881],[15.5359,46.4923],[15.539,46.4953],[15.537,46.497],[15.5297,46.4948],[15.506,46.4947],[15.5033,46.4964],[15.4969,46.4976],[15.4796,46.4927],[15.4738,46.4923],[15.4656,46.4878],[15.4592,46.4874],[15.4532,46.485],[15.4523,46.4823],[15.4471,46.4817],[15.4444,46.4801],[15.4343,46.4801],[15.4322,46.4812],[15.424,46.4768],[15.4167,46.4782],[15.4153,46.48],[15.4061,46.4764],[15.3904,46.4761],[15.3854,46.4732],[15.3858,46.4706],[15.3847,46.4693],[15.3783,46.4666],[15.3773,46.4636],[15.3749,46.4643],[15.3711,46.4691],[15.3648,46.4696],[15.3631,46.4731],[15.365,46.4754],[15.3607,46.4805],[15.3544,46.477],[15.3468,46.4778],[15.3411,46.4758],[15.3337,46.4752],[15.3359,46.4697],[15.334,46.4654],[15.3435,46.4584],[15.3418,46.4488],[15.3531,46.4463],[15.3615,46.4486],[15.3678,46.4473],[15.3728,46.4433],[15.3732,46.438],[15.3763,46.4387],[15.3887,46.4322],[15.3992,46.4381],[15.4037,46.4311],[15.408,46.4305],[15.4081,46.4286],[15.4107,46.4268],[15.415,46.4266],[15.4193,46.4245],[15.4215,46.4251],[15.4349,46.4216],[15.441,46.4132],[15.44,46.4122],[15.441,46.4101],[15.4438,46.4108],[15.4458,46.4087],[15.4486,46.4085],[15.4501,46.4053],[15.4498,46.3995],[15.4528,46.3974],[15.4556,46.3976],[15.4584,46.3948],[15.4587,46.3969],[15.4627,46.4018],[15.4646,46.4019],[15.4659,46.4002],[15.4683,46.4017],[15.4718,46.4014],[15.4743,46.4047],[15.478,46.4015],[15.493,46.3958],[15.4912,46.3931],[15.489,46.3935],[15.4874,46.3917],[15.4904,46.3871],[15.4882,46.3841],[15.4892,46.3808],[15.4865,46.3811],[15.4938,46.3696],[15.4953,46.3605],[15.4965,46.3598],[15.4975,46.3581],[15.4995,46.3587],[15.5022,46.357],[15.5023,46.3489],[15.5075,46.3446],[15.512,46.3469],[15.5288,46.3489],[15.5332,46.351],[15.5354,46.3505],[15.5394,46.3461],[15.5375,46.3436],[15.5383,46.341],[15.537,46.3383],[15.54,46.3337],[15.5478,46.3353],[15.5499,46.3331],[15.5526,46.3333],[15.554,46.3307],[15.5676,46.3324],[15.5729,46.331],[15.576,46.3319],[15.5852,46.3288],[15.5866,46.3261],[15.5857,46.3236],[15.5892,46.3232],[15.5893,46.3216],[15.5948,46.3224],[15.5962,46.3245],[15.6047,46.326],[15.61,46.3233],[15.6086,46.3188],[15.6115,46.3202],[15.6144,46.3187],[15.6183,46.3207],[15.6179,46.3188],[15.6175,46.3186],[15.6154,46.3178],[15.6192,46.317],[15.621,46.3179],[15.6193,46.319],[15.6204,46.3195],[15.6272,46.318],[15.6291,46.3213],[15.6379,46.3214],[15.6384,46.323],[15.6349,46.3274],[15.6372,46.3292],[15.6345,46.3315],[15.639,46.3316],[15.6363,46.3336],[15.6397,46.3473],[15.6392,46.3503],[15.6452,46.3515],[15.6537,46.3502],[15.6571,46.3484],[15.6695,46.3474],[15.6677,46.3525],[15.6677,46.3607],[15.6664,46.3605],[15.6681,46.3676],[15.671,46.3675],[15.6731,46.3694],[15.6652,46.3743],[15.6702,46.3796],[15.6681,46.3816],[15.6707,46.3832],[15.6771,46.378],[15.6814,46.3844],[15.6803,46.3854],[15.6847,46.3902],[15.6719,46.3943],[15.6706,46.3964],[15.678,46.399],[15.6784,46.3987],[15.6799,46.3966],[15.6832,46.3958],[15.6868,46.3969],[15.6862,46.4012],[15.6674,46.4008],[15.6649,46.4027],[15.6785,46.4074],[15.6809,46.4073],[15.6802,46.4085],[15.6719,46.4142],[15.6681,46.4144],[15.6649,46.4168],[15.6658,46.4194],[15.6597,46.4236],[15.6603,46.4247],[15.6591,46.4261],[15.6508,46.426],[15.6493,46.4276],[15.6479,46.4264],[15.638,46.4301],[15.628,46.4305],[15.6351,46.4356],[15.6346,46.4366],[15.6292,46.4383],[15.6227,46.4383],[15.6026,46.4447],[15.5966,46.4427],[15.5946,46.4457],[15.5859,46.4493],[15.5762,46.4559],[15.576,46.4585],[15.5695,46.462],[15.5569,46.4636],[15.5484,46.4663],[15.5474,46.4685],[15.5487,46.47],[15.5443,46.4718],[15.5441,46.4748],[15.5479,46.4766],[15.5506,46.4762],[15.5531,46.48],[15.5414,46.4835]]]}},{"type":"Feature","properties":{"id":"110200000110274078","name":"Slovenske Konjice"},"geometry":{"type":"Polygon","coordinates":[[[15.4213,46.3701],[15.4183,46.3714],[15.4163,46.3698],[15.4191,46.366],[15.415,46.3649],[15.4176,46.3598],[15.4151,46.3576],[15.4095,46.3563],[15.4091,46.3542],[15.4078,46.3539],[15.4083,46.3523],[15.4044,46.3498],[15.4022,46.3508],[15.3975,46.3586],[15.3923,46.3623],[15.3852,46.3598],[15.3771,46.3521],[15.377,46.3473],[15.3757,46.347],[15.3694,46.3347],[15.365,46.3341],[15.3615,46.3286],[15.3565,46.3259],[15.3561,46.3249],[15.3578,46.3241],[15.3563,46.3222],[15.3618,46.3191],[15.3631,46.3161],[15.3676,46.3155],[15.3706,46.3117],[15.3757,46.3078],[15.3801,46.3065],[15.379,46.3031],[15.3801,46.3024],[15.3888,46.3017],[15.4002,46.3038],[15.4121,46.301],[15.4143,46.3017],[15.4171,46.2987],[15.4277,46.2987],[15.4268,46.297],[15.4305,46.2955],[15.4375,46.2965],[15.4383,46.2949],[15.4394,46.2955],[15.441,46.294],[15.4479,46.2953],[15.4495,46.2933],[15.453,46.2922],[15.4537,46.2901],[15.4608,46.2905],[15.4698,46.2888],[15.4739,46.2864],[15.4744,46.2826],[15.476,46.2835],[15.4809,46.2822],[15.4847,46.2834],[15.4892,46.2829],[15.4882,46.2797],[15.4899,46.2784],[15.492,46.2804],[15.4935,46.2792],[15.4956,46.2803],[15.4955,46.2815],[15.4935,46.2811],[15.4951,46.2842],[15.4994,46.2853],[15.5008,46.2838],[15.5024,46.284],[15.5034,46.2864],[15.5194,46.2781],[15.5228,46.2782],[15.5385,46.28],[15.5449,46.2786],[15.5462,46.2786],[15.5473,46.2815],[15.5511,46.2815],[15.5537,46.286],[15.5461,46.29],[15.5474,46.2914],[15.5463,46.294],[15.551,46.2966],[15.5488,46.3007],[15.5521,46.302],[15.5449,46.3081],[15.5447,46.3134],[15.5468,46.3169],[15.5443,46.3198],[15.5423,46.3264],[15.5429,46.3297],[15.5418,46.3305],[15.5435,46.3314],[15.54,46.3337],[15.537,46.3383],[15.5383,46.341],[15.5375,46.3436],[15.5394,46.3461],[15.5354,46.3505],[15.5332,46.351],[15.5288,46.3489],[15.512,46.3469],[15.5075,46.3446],[15.5023,46.3489],[15.5022,46.357],[15.4995,46.3587],[15.4975,46.3581],[15.4965,46.3598],[15.4859,46.3529],[15.4788,46.3584],[15.4702,46.3546],[15.4668,46.3561],[15.4664,46.3549],[15.4629,46.3553],[15.4607,46.3567],[15.4545,46.3545],[15.4532,46.3547],[15.453,46.3571],[15.4496,46.356],[15.4455,46.3581],[15.4478,46.3635],[15.4431,46.3643],[15.4419,46.3651],[15.4424,46.3658],[15.4373,46.3644],[15.4346,46.3657],[15.4306,46.3653],[15.4262,46.3687],[15.4213,46.3701]]]}},{"type":"Feature","properties":{"id":"110200000110274151","name":"Starše"},"geometry":{"type":"Polygon","coordinates":[[[15.8161,46.4569],[15.8022,46.4618],[15.801,46.4649],[15.8037,46.4691],[15.7991,46.4741],[15.7903,46.4694],[15.7751,46.4689],[15.7712,46.4713],[15.7691,46.4769],[15.765,46.4807],[15.7592,46.4826],[15.754,46.4828],[15.75,46.4878],[15.7457,46.4896],[15.7369,46.4893],[15.7354,46.4999],[15.7313,46.5033],[15.7272,46.5029],[15.7286,46.4995],[15.7303,46.4992],[15.7252,46.4964],[15.7236,46.4931],[15.724,46.4908],[15.7173,46.4939],[15.7141,46.493],[15.724,46.4853],[15.7331,46.4745],[15.7267,46.4714],[15.7269,46.4702],[15.7216,46.4679],[15.7105,46.4598],[15.7106,46.4596],[15.7114,46.4573],[15.7203,46.4491],[15.7177,46.4472],[15.7099,46.4464],[15.7148,46.4443],[15.7141,46.4441],[15.7158,46.4406],[15.7214,46.4327],[15.7264,46.4346],[15.7277,46.4289],[15.7368,46.4347],[15.7492,46.432],[15.752,46.4271],[15.7539,46.431],[15.7674,46.4278],[15.771,46.4314],[15.7707,46.4325],[15.7795,46.4388],[15.789,46.4353],[15.7935,46.4321],[15.7954,46.431],[15.8005,46.434],[15.8017,46.4331],[15.8041,46.4339],[15.7972,46.4367],[15.7934,46.4398],[15.7925,46.4416],[15.7975,46.4453],[15.7929,46.4485],[15.7967,46.4516],[15.8078,46.4523],[15.8161,46.4569]]]}},{"type":"Feature","properties":{"id":"110200000110274235","name":"Sveti Jurij ob Ščavnici"},"geometry":{"type":"Polygon","coordinates":[[[15.974,46.5855],[15.9729,46.574],[15.9638,46.5652],[15.9666,46.5605],[15.9663,46.5569],[15.9706,46.5543],[15.9754,46.5533],[15.9753,46.5518],[15.9763,46.5526],[15.9778,46.5517],[15.9763,46.5503],[15.9811,46.5464],[15.9883,46.5402],[15.9893,46.5345],[15.9988,46.5298],[16.002,46.5238],[16.0028,46.5175],[16.0116,46.5128],[16.0144,46.5129],[16.0171,46.5153],[16.0172,46.5205],[16.0204,46.5224],[16.0197,46.5262],[16.024,46.5299],[16.0182,46.5313],[16.0216,46.5347],[16.0252,46.5352],[16.0286,46.5393],[16.0316,46.5388],[16.0303,46.5404],[16.0333,46.544],[16.0334,46.549],[16.0353,46.5468],[16.0489,46.5443],[16.0493,46.5431],[16.0559,46.541],[16.0702,46.5407],[16.0708,46.5483],[16.0682,46.5556],[16.0713,46.5585],[16.0715,46.5637],[16.0825,46.5645],[16.0837,46.563],[16.0864,46.563],[16.0874,46.5671],[16.0896,46.5691],[16.0893,46.5703],[16.0814,46.5741],[16.0811,46.5759],[16.0828,46.5781],[16.0826,46.5805],[16.0813,46.5808],[16.0825,46.5838],[16.0741,46.5928],[16.0708,46.591],[16.0707,46.5886],[16.0686,46.5885],[16.069,46.586],[16.0659,46.5832],[16.059,46.5833],[16.0588,46.5843],[16.0613,46.5849],[16.0616,46.5868],[16.0593,46.5882],[16.0591,46.5896],[16.061,46.5899],[16.0588,46.592],[16.0609,46.598],[16.0589,46.5985],[16.0591,46.6019],[16.052,46.608],[16.0487,46.6076],[16.0496,46.606],[16.0461,46.6051],[16.0447,46.6102],[16.0434,46.6108],[16.0425,46.6062],[16.0405,46.6057],[16.0398,46.5998],[16.0322,46.5998],[16.0323,46.5962],[16.0283,46.5945],[16.0289,46.5925],[16.0269,46.5929],[16.0227,46.5901],[16.024,46.5881],[16.0237,46.5864],[16.018,46.5868],[16.0192,46.5882],[16.0174,46.591],[16.0093,46.5936],[16.0026,46.5921],[15.9972,46.5882],[15.9915,46.5875],[15.9824,46.5887],[15.974,46.5855]]]}},{"type":"Feature","properties":{"id":"110200000110274318","name":"Šenčur"},"geometry":{"type":"Polygon","coordinates":[[[14.4152,46.2864],[14.4111,46.2797],[14.4132,46.2769],[14.4165,46.2769],[14.415,46.274],[14.409,46.2754],[14.4069,46.2739],[14.4075,46.2728],[14.4049,46.2728],[14.4041,46.2705],[14.4015,46.27],[14.4011,46.2664],[14.3974,46.2677],[14.395,46.2664],[14.3949,46.2646],[14.3978,46.2639],[14.3952,46.2629],[14.403,46.2599],[14.402,46.2584],[14.406,46.2542],[14.4045,46.2529],[14.4067,46.2516],[14.3979,46.2506],[14.3992,46.2452],[14.3964,46.2434],[14.3965,46.2385],[14.3981,46.2383],[14.3971,46.232],[14.4067,46.2264],[14.4034,46.222],[14.4057,46.2215],[14.4018,46.2168],[14.3972,46.2186],[14.3948,46.2169],[14.3918,46.2192],[14.3884,46.2181],[14.3857,46.215],[14.3921,46.2113],[14.3976,46.2019],[14.407,46.1965],[14.4039,46.1923],[14.4054,46.1901],[14.4094,46.1899],[14.4095,46.1888],[14.4149,46.1897],[14.4155,46.1888],[14.4233,46.1919],[14.4331,46.1905],[14.4327,46.1883],[14.4585,46.1918],[14.4599,46.1942],[14.4692,46.1965],[14.4692,46.1981],[14.4631,46.1994],[14.4595,46.2021],[14.4604,46.2039],[14.4647,46.2047],[14.4566,46.2053],[14.457,46.207],[14.4539,46.2086],[14.4543,46.2106],[14.4563,46.2111],[14.4531,46.2125],[14.4522,46.2154],[14.454,46.2156],[14.4534,46.217],[14.4527,46.2185],[14.4513,46.218],[14.4489,46.2221],[14.4431,46.2207],[14.442,46.2238],[14.4397,46.2232],[14.4393,46.2247],[14.4433,46.2252],[14.4426,46.2271],[14.4447,46.2276],[14.4423,46.2325],[14.4446,46.2325],[14.4444,46.2348],[14.4453,46.2347],[14.4456,46.2365],[14.4455,46.2392],[14.4429,46.2391],[14.4426,46.2447],[14.4396,46.2549],[14.4439,46.2712],[14.4471,46.2707],[14.4477,46.272],[14.4467,46.2731],[14.448,46.2752],[14.4514,46.2748],[14.4564,46.2786],[14.4502,46.279],[14.4588,46.2835],[14.463,46.2842],[14.4624,46.2831],[14.4651,46.2833],[14.4656,46.2889],[14.4606,46.2904],[14.4509,46.2904],[14.4487,46.2888],[14.4451,46.289],[14.4396,46.2866],[14.4389,46.2907],[14.4367,46.2879],[14.432,46.2871],[14.4321,46.2848],[14.4228,46.2853],[14.4232,46.2867],[14.4205,46.2872],[14.4212,46.288],[14.4192,46.2875],[14.4193,46.2858],[14.4152,46.2864]]]}},{"type":"Feature","properties":{"id":"110200000110274409","name":"Šentilj"},"geometry":{"type":"Polygon","coordinates":[[[15.7866,46.7076],[15.7692,46.6991],[15.762,46.6994],[15.7538,46.6979],[15.7393,46.6999],[15.7231,46.6958],[15.6958,46.6988],[15.6763,46.7067],[15.65,46.7058],[15.6541,46.6994],[15.6537,46.6921],[15.6433,46.6902],[15.6412,46.6924],[15.6391,46.6916],[15.6344,46.6884],[15.6341,46.686],[15.6322,46.6846],[15.634,46.6812],[15.623,46.6796],[15.622,46.6792],[15.6256,46.6753],[15.621,46.6711],[15.6207,46.6693],[15.623,46.6661],[15.6217,46.664],[15.6309,46.6631],[15.6336,46.6571],[15.6323,46.655],[15.6408,46.646],[15.6415,46.6438],[15.6449,46.6414],[15.6548,46.6448],[15.6551,46.643],[15.6579,46.6413],[15.6653,46.6399],[15.6737,46.6444],[15.6764,46.6438],[15.6767,46.6479],[15.6747,46.6496],[15.6726,46.6495],[15.6739,46.6551],[15.6724,46.6583],[15.6757,46.66],[15.6729,46.6626],[15.6887,46.6647],[15.688,46.6689],[15.6855,46.6727],[15.6868,46.6746],[15.6912,46.6754],[15.6941,46.674],[15.6986,46.6755],[15.6989,46.6717],[15.7023,46.6704],[15.7059,46.6666],[15.7098,46.6654],[15.7111,46.6678],[15.7188,46.6713],[15.7205,46.6759],[15.7216,46.6743],[15.7265,46.6721],[15.7302,46.6724],[15.7385,46.6677],[15.7391,46.6644],[15.737,46.6642],[15.736,46.6601],[15.7425,46.6598],[15.7431,46.6573],[15.7419,46.6545],[15.744,46.6561],[15.7508,46.6538],[15.7537,46.6509],[15.7516,46.6465],[15.7601,46.6428],[15.7653,46.637],[15.7711,46.6339],[15.7709,46.6329],[15.771,46.6318],[15.776,46.6323],[15.7777,46.6336],[15.7775,46.6377],[15.7706,46.6425],[15.7753,46.6437],[15.7711,46.6488],[15.7822,46.646],[15.7835,46.6435],[15.7904,46.6476],[15.8,46.6462],[15.7993,46.6487],[15.7961,46.6497],[15.7955,46.6522],[15.7935,46.6533],[15.7877,46.6628],[15.7891,46.6652],[15.7969,46.6663],[15.8036,46.6691],[15.7967,46.6719],[15.7991,46.6763],[15.8039,46.6782],[15.8054,46.6807],[15.8017,46.6848],[15.8032,46.6896],[15.8001,46.6906],[15.8036,46.6931],[15.8061,46.6977],[15.7999,46.6963],[15.7938,46.7016],[15.7899,46.7033],[15.7866,46.7076]]]}},{"type":"Feature","properties":{"id":"110200000110274581","name":"Šentjernej"},"geometry":{"type":"Polygon","coordinates":[[[15.2535,45.8485],[15.2588,45.8448],[15.2601,45.8415],[15.2599,45.8371],[15.2589,45.8369],[15.2595,45.8353],[15.2612,45.8354],[15.2598,45.8323],[15.266,45.8197],[15.2677,45.8186],[15.2764,45.8201],[15.2794,45.8176],[15.2816,45.8129],[15.2806,45.8116],[15.2827,45.8086],[15.282,45.808],[15.2828,45.807],[15.2849,45.8076],[15.2877,45.8046],[15.289,45.8012],[15.288,45.799],[15.2969,45.7947],[15.2994,45.7946],[15.305,45.7915],[15.3053,45.789],[15.31,45.7874],[15.3112,45.7849],[15.3097,45.7819],[15.3106,45.7782],[15.3136,45.774],[15.3119,45.7715],[15.3148,45.7684],[15.3164,45.7597],[15.3238,45.7602],[15.3319,45.763],[15.3517,45.7729],[15.3597,45.7737],[15.3616,45.7768],[15.3692,45.7764],[15.3717,45.7774],[15.3745,45.7808],[15.382,45.7792],[15.3921,45.7883],[15.3954,45.7891],[15.3993,45.792],[15.4044,45.7927],[15.4044,45.7963],[15.4015,45.7987],[15.4002,45.8065],[15.3964,45.8072],[15.391,45.8105],[15.3897,45.8132],[15.3799,45.8139],[15.3802,45.8162],[15.3782,45.8186],[15.3801,45.8186],[15.3803,45.8199],[15.376,45.8222],[15.3745,45.825],[15.3775,45.8295],[15.3768,45.8315],[15.3831,45.8332],[15.3823,45.8386],[15.3805,45.839],[15.3809,45.8406],[15.3785,45.8426],[15.376,45.8488],[15.3733,45.848],[15.3663,45.8525],[15.3732,45.8556],[15.3752,45.8557],[15.3751,45.8533],[15.3763,45.8535],[15.3819,45.8582],[15.3889,45.8603],[15.3939,45.8603],[15.3985,45.8642],[15.3838,45.8643],[15.3841,45.8694],[15.3825,45.8743],[15.3787,45.8736],[15.3771,45.875],[15.3786,45.876],[15.3769,45.877],[15.3782,45.8779],[15.3773,45.8785],[15.3788,45.8796],[15.3792,45.8844],[15.3754,45.8853],[15.3753,45.8863],[15.3681,45.8872],[15.3689,45.8896],[15.3649,45.8901],[15.3534,45.8894],[15.351,45.8881],[15.3485,45.8888],[15.3488,45.887],[15.3509,45.8833],[15.3455,45.8772],[15.3468,45.8764],[15.3446,45.8762],[15.3454,45.874],[15.3379,45.8791],[15.3352,45.876],[15.33,45.8743],[15.3307,45.8722],[15.3283,45.8701],[15.3228,45.8702],[15.3133,45.8671],[15.3032,45.8709],[15.2984,45.869],[15.2902,45.869],[15.2839,45.8677],[15.2658,45.8599],[15.2646,45.8588],[15.265,45.8568],[15.2626,45.8541],[15.2599,45.8535],[15.2535,45.8485]]]}},{"type":"Feature","properties":{"id":"110200000110274664","name":"Šentjur"},"geometry":{"type":"Polygon","coordinates":[[[15.3523,46.261],[15.351,46.2584],[15.3535,46.2569],[15.352,46.2557],[15.353,46.2531],[15.351,46.2497],[15.3304,46.2417],[15.3331,46.2388],[15.3302,46.2353],[15.3331,46.2289],[15.336,46.2287],[15.3354,46.2274],[15.3366,46.2269],[15.3379,46.2287],[15.3469,46.2285],[15.3484,46.2227],[15.3504,46.2239],[15.3513,46.2229],[15.3598,46.2235],[15.3589,46.2219],[15.3606,46.2188],[15.3592,46.2157],[15.3603,46.2138],[15.3581,46.2118],[15.3545,46.2108],[15.3558,46.2093],[15.3538,46.2055],[15.3558,46.2042],[15.3533,46.2021],[15.3549,46.1997],[15.3505,46.1949],[15.3516,46.1937],[15.3498,46.1936],[15.3523,46.1829],[15.3553,46.1828],[15.3623,46.183],[15.367,46.1759],[15.3716,46.1721],[15.3677,46.1693],[15.3691,46.1671],[15.3691,46.1589],[15.355,46.1558],[15.3539,46.1522],[15.3508,46.1498],[15.3569,46.1448],[15.3571,46.1421],[15.3616,46.1399],[15.363,46.1362],[15.3689,46.1382],[15.3675,46.1422],[15.3694,46.1426],[15.3699,46.1449],[15.3712,46.1455],[15.372,46.1443],[15.3791,46.1439],[15.3788,46.1451],[15.3826,46.1483],[15.384,46.1478],[15.3858,46.1495],[15.3914,46.1505],[15.3905,46.1537],[15.3916,46.155],[15.3957,46.1555],[15.4063,46.1602],[15.4095,46.1589],[15.41,46.1575],[15.4043,46.1556],[15.4067,46.1533],[15.4048,46.1518],[15.4062,46.1511],[15.4061,46.1485],[15.4075,46.147],[15.415,46.1481],[15.4159,46.147],[15.4134,46.1457],[15.4147,46.1428],[15.4264,46.1416],[15.427,46.1381],[15.4293,46.1379],[15.4314,46.1393],[15.437,46.139],[15.4357,46.1347],[15.437,46.1282],[15.4347,46.1292],[15.4342,46.1284],[15.4358,46.1273],[15.4298,46.1284],[15.4293,46.1275],[15.4344,46.1218],[15.4317,46.1197],[15.4286,46.1198],[15.4275,46.1179],[15.4225,46.1204],[15.4165,46.1272],[15.4159,46.1288],[15.4176,46.1293],[15.415,46.1307],[15.4153,46.1292],[15.4112,46.129],[15.4131,46.1268],[15.4121,46.1222],[15.406,46.12],[15.4056,46.1187],[15.4004,46.1188],[15.3968,46.1172],[15.3951,46.1095],[15.3841,46.1106],[15.3791,46.1094],[15.3765,46.1102],[15.3751,46.1126],[15.3732,46.1119],[15.3737,46.1107],[15.3683,46.1098],[15.367,46.107],[15.3681,46.1062],[15.3674,46.1028],[15.3754,46.1008],[15.3746,46.0941],[15.3731,46.0914],[15.3745,46.0873],[15.3724,46.0881],[15.372,46.0865],[15.3657,46.0846],[15.364,46.0829],[15.366,46.0798],[15.3619,46.0787],[15.3627,46.0758],[15.3587,46.0742],[15.3706,46.0693],[15.3746,46.0723],[15.3823,46.0738],[15.3856,46.0728],[15.3896,46.0683],[15.4006,46.0661],[15.4055,46.0672],[15.4083,46.0664],[15.4214,46.0675],[15.4266,46.0656],[15.4332,46.0694],[15.442,46.0703],[15.4465,46.0701],[15.4521,46.0671],[15.4674,46.0693],[15.4726,46.0715],[15.4791,46.0701],[15.482,46.0724],[15.4833,46.0808],[15.4807,46.0848],[15.4778,46.0839],[15.4708,46.0851],[15.4641,46.0895],[15.4595,46.0978],[15.4625,46.1042],[15.462,46.1055],[15.4635,46.1067],[15.4601,46.1066],[15.4572,46.1089],[15.4578,46.1109],[15.4543,46.1116],[15.455,46.1141],[15.4663,46.1101],[15.4684,46.1139],[15.473,46.1172],[15.4796,46.1154],[15.4786,46.113],[15.4811,46.1125],[15.4814,46.1103],[15.4838,46.1101],[15.4838,46.1091],[15.4878,46.1072],[15.4944,46.11],[15.5018,46.1108],[15.4997,46.1161],[15.5031,46.1197],[15.5035,46.1217],[15.5113,46.1229],[15.5075,46.1282],[15.5105,46.1294],[15.5098,46.1313],[15.5255,46.1336],[15.5249,46.1375],[15.5275,46.1412],[15.5277,46.1449],[15.5312,46.147],[15.5319,46.1491],[15.5357,46.1506],[15.5336,46.1525],[15.5337,46.1553],[15.5357,46.1583],[15.529,46.1592],[15.5254,46.1618],[15.5258,46.163],[15.523,46.1637],[15.5235,46.1653],[15.5222,46.1658],[15.5196,46.1636],[15.5178,46.1644],[15.5088,46.1631],[15.5058,46.158],[15.4997,46.1579],[15.4975,46.1557],[15.4977,46.154],[15.4898,46.1561],[15.4866,46.1598],[15.4775,46.1611],[15.4761,46.1625],[15.4771,46.1676],[15.4706,46.1673],[15.4699,46.1688],[15.4706,46.171],[15.4688,46.1753],[15.4701,46.1774],[15.4695,46.1785],[15.4715,46.18],[15.4701,46.1833],[15.4607,46.1879],[15.4638,46.1932],[15.4626,46.1943],[15.4545,46.1942],[15.4528,46.1956],[15.4529,46.1993],[15.4476,46.2001],[15.4486,46.2032],[15.4465,46.2042],[15.4399,46.2137],[15.4424,46.218],[15.4408,46.2181],[15.4392,46.2227],[15.4384,46.2227],[15.4373,46.2235],[15.4384,46.2244],[15.4351,46.2258],[15.4389,46.2281],[15.4421,46.2274],[15.4429,46.2296],[15.4478,46.2327],[15.4493,46.2372],[15.451,46.2373],[15.4515,46.235],[15.4575,46.2387],[15.4592,46.2383],[15.459,46.2405],[15.4661,46.2411],[15.4665,46.2425],[15.4645,46.2447],[15.4736,46.2475],[15.4843,46.249],[15.4838,46.2508],[15.486,46.2522],[15.4963,46.2548],[15.4972,46.26],[15.5014,46.2595],[15.5047,46.263],[15.5086,46.2642],[15.5064,46.2685],[15.5157,46.2706],[15.5171,46.2743],[15.5228,46.2782],[15.5194,46.2781],[15.5034,46.2864],[15.5024,46.284],[15.5008,46.2838],[15.4994,46.2853],[15.4951,46.2842],[15.4935,46.2811],[15.4955,46.2815],[15.4956,46.2803],[15.4935,46.2792],[15.492,46.2804],[15.4899,46.2784],[15.4882,46.2797],[15.4892,46.2829],[15.4847,46.2834],[15.4809,46.2822],[15.476,46.2835],[15.4744,46.2826],[15.4739,46.2864],[15.4698,46.2888],[15.4608,46.2905],[15.4537,46.2901],[15.453,46.2922],[15.4495,46.2933],[15.4479,46.2953],[15.441,46.294],[15.4394,46.2955],[15.4383,46.2949],[15.4375,46.2965],[15.4305,46.2955],[15.4268,46.297],[15.4277,46.2987],[15.4171,46.2987],[15.4143,46.3017],[15.4121,46.301],[15.4002,46.3038],[15.3888,46.3017],[15.3801,46.3024],[15.379,46.3031],[15.3801,46.3065],[15.3757,46.3078],[15.3706,46.3117],[15.3654,46.3069],[15.3641,46.3034],[15.3616,46.302],[15.3666,46.2975],[15.3691,46.2992],[15.3753,46.2965],[15.3789,46.2964],[15.3714,46.2894],[15.3717,46.287],[15.3669,46.2865],[15.3656,46.2835],[15.3593,46.2851],[15.3548,46.2847],[15.3527,46.278],[15.3535,46.2754],[15.3513,46.2746],[15.3507,46.2728],[15.3519,46.2693],[15.3562,46.2658],[15.3558,46.2639],[15.3523,46.261]]]}},{"type":"Feature","properties":{"id":"110200000110274748","name":"Škocjan"},"geometry":{"type":"Polygon","coordinates":[[[15.2291,45.9261],[15.2331,45.9213],[15.2382,45.919],[15.2425,45.9138],[15.2448,45.9149],[15.2493,45.914],[15.2563,45.9065],[15.2612,45.9064],[15.2618,45.9045],[15.2597,45.9021],[15.2598,45.8996],[15.2615,45.9013],[15.2635,45.9012],[15.2636,45.9037],[15.2663,45.9059],[15.2674,45.9053],[15.2679,45.9073],[15.2696,45.9056],[15.2724,45.9055],[15.2764,45.9074],[15.2764,45.8997],[15.2713,45.8983],[15.2703,45.895],[15.2774,45.8805],[15.2846,45.8814],[15.2888,45.8854],[15.2921,45.8843],[15.2992,45.8891],[15.2994,45.884],[15.2964,45.8845],[15.2938,45.8787],[15.2907,45.8786],[15.2868,45.8766],[15.2914,45.8736],[15.2923,45.8705],[15.2894,45.8698],[15.2902,45.869],[15.2984,45.869],[15.3032,45.8709],[15.3133,45.8671],[15.3228,45.8702],[15.3283,45.8701],[15.3307,45.8722],[15.33,45.8743],[15.3352,45.876],[15.3379,45.8791],[15.3454,45.874],[15.3446,45.8762],[15.3468,45.8764],[15.3455,45.8772],[15.3509,45.8833],[15.3488,45.887],[15.3466,45.8884],[15.338,45.8887],[15.3342,45.8925],[15.3398,45.8941],[15.3385,45.8953],[15.3446,45.9006],[15.3448,45.9059],[15.3431,45.9146],[15.344,45.9165],[15.3424,45.9185],[15.3433,45.919],[15.3418,45.9235],[15.3431,45.9251],[15.3416,45.928],[15.35,45.9346],[15.3513,45.9376],[15.3398,45.9438],[15.3332,45.9455],[15.3321,45.9497],[15.3303,45.9501],[15.3323,45.9521],[15.332,45.9598],[15.3301,45.9597],[15.3268,45.9572],[15.3261,45.9581],[15.3215,45.9569],[15.3151,45.9591],[15.3141,45.9581],[15.3077,45.9603],[15.303,45.9602],[15.3038,45.9574],[15.3057,45.956],[15.3043,45.9533],[15.3065,45.9513],[15.3051,45.9485],[15.2942,45.955],[15.2791,45.96],[15.2758,45.9571],[15.2769,45.9545],[15.2727,45.9523],[15.272,45.9493],[15.2806,45.943],[15.2817,45.9378],[15.2782,45.9376],[15.2734,45.9353],[15.2679,45.9361],[15.2668,45.9427],[15.2575,45.9486],[15.2563,45.9509],[15.2529,45.9513],[15.2456,45.9479],[15.2455,45.9463],[15.2487,45.9455],[15.2474,45.9444],[15.248,45.9411],[15.2424,45.9409],[15.2383,45.9388],[15.2351,45.9327],[15.2314,45.9374],[15.2224,45.935],[15.2243,45.9336],[15.2253,45.9286],[15.2292,45.9278],[15.2291,45.9261]]]}},{"type":"Feature","properties":{"id":"110200000110274821","name":"Škofja Loka"},"geometry":{"type":"Polygon","coordinates":[[[14.2255,46.0966],[14.2293,46.0978],[14.244,46.098],[14.2479,46.0971],[14.25,46.0987],[14.25,46.102],[14.2528,46.103],[14.2529,46.1053],[14.2629,46.1081],[14.2734,46.1061],[14.276,46.1071],[14.2782,46.1051],[14.2864,46.1026],[14.2913,46.1032],[14.298,46.1013],[14.3088,46.1027],[14.3115,46.1021],[14.3177,46.0975],[14.3264,46.0964],[14.3315,46.0975],[14.3323,46.102],[14.3365,46.105],[14.3338,46.1097],[14.3361,46.1124],[14.3325,46.1133],[14.3269,46.1177],[14.3267,46.1234],[14.329,46.124],[14.3283,46.1298],[14.3324,46.1308],[14.3378,46.1345],[14.3452,46.1353],[14.3463,46.1368],[14.3472,46.1358],[14.3495,46.1379],[14.3516,46.1437],[14.3546,46.1447],[14.3557,46.1467],[14.3596,46.1441],[14.3618,46.1458],[14.3635,46.1452],[14.3646,46.1473],[14.363,46.1483],[14.3639,46.1526],[14.3661,46.1508],[14.3712,46.1519],[14.3745,46.1508],[14.3739,46.1461],[14.3783,46.145],[14.3834,46.1508],[14.3816,46.1582],[14.3906,46.1591],[14.3954,46.1577],[14.3794,46.1839],[14.3672,46.1823],[14.3694,46.1781],[14.3624,46.1778],[14.3609,46.1828],[14.3584,46.1861],[14.3592,46.1886],[14.3607,46.1892],[14.3602,46.1909],[14.362,46.1916],[14.3638,46.1903],[14.3672,46.1918],[14.3665,46.1929],[14.3675,46.1933],[14.3683,46.1917],[14.3707,46.1925],[14.3699,46.1939],[14.3726,46.1947],[14.3718,46.1961],[14.3569,46.1923],[14.3548,46.1929],[14.3553,46.1894],[14.354,46.1886],[14.3448,46.1868],[14.3441,46.1891],[14.3395,46.188],[14.3337,46.1927],[14.3317,46.192],[14.3301,46.195],[14.3309,46.1955],[14.3259,46.1989],[14.3257,46.2001],[14.3159,46.1977],[14.3116,46.1981],[14.3123,46.2005],[14.3093,46.2015],[14.3052,46.2003],[14.3033,46.2017],[14.2976,46.2007],[14.2977,46.2029],[14.2962,46.2031],[14.2916,46.2114],[14.2894,46.2125],[14.2865,46.2117],[14.2861,46.2089],[14.284,46.2077],[14.2781,46.2091],[14.2772,46.2061],[14.2761,46.2062],[14.2753,46.2095],[14.2731,46.2114],[14.2677,46.2115],[14.2654,46.2107],[14.2658,46.2094],[14.2633,46.2108],[14.2631,46.2148],[14.2659,46.2161],[14.2651,46.2185],[14.2669,46.2195],[14.2689,46.2187],[14.2715,46.2208],[14.2774,46.2207],[14.2767,46.222],[14.2796,46.2232],[14.275,46.2252],[14.2784,46.2283],[14.2808,46.2283],[14.2817,46.2305],[14.2762,46.2342],[14.2737,46.2341],[14.2718,46.2355],[14.2719,46.2373],[14.269,46.2386],[14.2603,46.2378],[14.253,46.241],[14.2476,46.2413],[14.2456,46.2409],[14.2459,46.2395],[14.2436,46.2379],[14.2458,46.2357],[14.2442,46.2322],[14.2307,46.2322],[14.2313,46.2299],[14.2264,46.2279],[14.2263,46.2265],[14.2305,46.2256],[14.2372,46.2205],[14.2397,46.2212],[14.2405,46.2203],[14.2389,46.219],[14.2391,46.2177],[14.2377,46.2188],[14.2341,46.2179],[14.2323,46.2187],[14.233,46.2161],[14.2307,46.2151],[14.2324,46.2107],[14.2306,46.21],[14.2321,46.2068],[14.2303,46.2068],[14.2319,46.2056],[14.2302,46.2053],[14.2318,46.2036],[14.2226,46.2027],[14.2213,46.2046],[14.2183,46.2047],[14.2118,46.2012],[14.205,46.204],[14.2013,46.2039],[14.202,46.2004],[14.1999,46.1995],[14.1883,46.2016],[14.1833,46.1968],[14.1755,46.1945],[14.1696,46.1896],[14.1614,46.1877],[14.1617,46.1827],[14.1634,46.181],[14.1616,46.177],[14.1617,46.1759],[14.1647,46.1754],[14.168,46.1773],[14.1681,46.1755],[14.1695,46.1754],[14.1705,46.1785],[14.173,46.1748],[14.1757,46.1778],[14.1797,46.1775],[14.1837,46.1791],[14.1842,46.178],[14.1885,46.1772],[14.1908,46.178],[14.1926,46.1762],[14.1969,46.1779],[14.1981,46.1798],[14.203,46.1809],[14.2067,46.1798],[14.2124,46.1804],[14.2117,46.1785],[14.2155,46.1752],[14.2173,46.175],[14.2174,46.173],[14.2202,46.1739],[14.2199,46.1728],[14.2242,46.1727],[14.2278,46.1707],[14.228,46.1699],[14.2237,46.1683],[14.2241,46.1665],[14.2203,46.1631],[14.2172,46.1618],[14.2138,46.1575],[14.2139,46.1546],[14.2104,46.1553],[14.2107,46.1568],[14.2042,46.1557],[14.2071,46.1556],[14.2037,46.1533],[14.2088,46.15],[14.2068,46.1477],[14.2017,46.1473],[14.2021,46.1464],[14.1994,46.145],[14.1989,46.1403],[14.1947,46.1399],[14.1969,46.1378],[14.1993,46.1385],[14.2039,46.1368],[14.2058,46.1374],[14.2068,46.1354],[14.2046,46.1342],[14.2047,46.133],[14.2076,46.1311],[14.2082,46.1284],[14.2033,46.1268],[14.1993,46.1216],[14.1973,46.1228],[14.1972,46.1175],[14.2011,46.1167],[14.2018,46.1138],[14.2083,46.1133],[14.2128,46.1097],[14.2215,46.1109],[14.2198,46.1068],[14.2239,46.103],[14.2223,46.1025],[14.2225,46.101],[14.2255,46.0966]]]}},{"type":"Feature","properties":{"id":"110200000110275042","name":"Škofljica"},"geometry":{"type":"Polygon","coordinates":[[[14.6024,45.9085],[14.6026,45.9095],[14.6006,45.9109],[14.599,45.9106],[14.5996,45.9121],[14.5966,45.9131],[14.5957,45.9178],[14.5894,45.928],[14.5891,45.9306],[14.5902,45.9337],[14.5933,45.9369],[14.5949,45.9371],[14.593,45.9415],[14.595,45.9437],[14.5941,45.9469],[14.5965,45.9519],[14.5932,45.9534],[14.5963,45.9561],[14.5966,45.9582],[14.5954,45.9614],[14.5932,45.963],[14.5979,45.9654],[14.5966,45.9666],[14.5909,45.9652],[14.5896,45.9661],[14.5913,45.9691],[14.5895,45.9699],[14.5892,45.9724],[14.5909,45.974],[14.5852,45.9808],[14.5847,45.984],[14.6013,45.9875],[14.6022,45.9884],[14.6007,45.9895],[14.6041,45.9921],[14.6053,45.9922],[14.6056,45.9899],[14.6143,45.9905],[14.6144,45.9964],[14.6169,45.996],[14.6181,45.9982],[14.6145,46.0],[14.6137,46.0018],[14.6076,46.0017],[14.6005,46.0051],[14.5982,46.0069],[14.5978,46.0088],[14.5949,46.008],[14.5904,46.0089],[14.5877,46.0114],[14.5893,46.0123],[14.5861,46.0158],[14.5866,46.017],[14.5828,46.0179],[14.5836,46.0191],[14.5751,46.0183],[14.5735,46.0193],[14.5732,46.0167],[14.5684,46.017],[14.5614,46.0123],[14.5542,46.0121],[14.5301,46.0157],[14.5289,46.0139],[14.5414,46.0059],[14.5381,46.0041],[14.5336,45.9906],[14.5349,45.9873],[14.5491,45.9837],[14.5547,45.9722],[14.5574,45.9719],[14.548,45.9669],[14.5518,45.9657],[14.5616,45.9562],[14.5567,45.9543],[14.5622,45.9475],[14.5596,45.9465],[14.5616,45.9442],[14.5636,45.938],[14.5602,45.938],[14.5611,45.9358],[14.56,45.932],[14.5546,45.9278],[14.55,45.9271],[14.5518,45.9171],[14.5558,45.9144],[14.5595,45.9186],[14.5666,45.9184],[14.5653,45.9152],[14.5669,45.9147],[14.5669,45.9117],[14.5635,45.9076],[14.5658,45.9037],[14.5746,45.9001],[14.5796,45.902],[14.5824,45.8991],[14.5841,45.8944],[14.5862,45.8958],[14.5858,45.8973],[14.5888,45.8996],[14.5926,45.894],[14.5949,45.8944],[14.5933,45.897],[14.5957,45.8998],[14.5934,45.9029],[14.5987,45.9081],[14.6024,45.9085]]]}},{"type":"Feature","properties":{"id":"110200000110275125","name":"Šmarje pri Jelšah"},"geometry":{"type":"Polygon","coordinates":[[[15.6025,46.2063],[15.5986,46.2088],[15.5986,46.2135],[15.5941,46.2147],[15.5946,46.2167],[15.5907,46.2183],[15.5927,46.2214],[15.5967,46.2218],[15.5974,46.2262],[15.5943,46.2274],[15.5901,46.2265],[15.5821,46.2274],[15.5826,46.2297],[15.5769,46.2326],[15.5784,46.2388],[15.5774,46.237],[15.5745,46.2374],[15.5746,46.2443],[15.5695,46.2433],[15.5701,46.2447],[15.5734,46.2456],[15.5719,46.2498],[15.5727,46.2518],[15.5699,46.2538],[15.5679,46.2597],[15.564,46.2621],[15.5604,46.2612],[15.5597,46.2659],[15.5577,46.2673],[15.5575,46.2692],[15.5593,46.2731],[15.5579,46.2762],[15.5557,46.2775],[15.5463,46.2762],[15.5447,46.2766],[15.5449,46.2786],[15.5385,46.28],[15.5228,46.2782],[15.5171,46.2743],[15.5157,46.2706],[15.5064,46.2685],[15.5086,46.2642],[15.5047,46.263],[15.5014,46.2595],[15.4972,46.26],[15.4963,46.2548],[15.486,46.2522],[15.4838,46.2508],[15.4843,46.249],[15.4736,46.2475],[15.4645,46.2447],[15.4665,46.2425],[15.4661,46.2411],[15.459,46.2405],[15.4592,46.2383],[15.4575,46.2387],[15.4515,46.235],[15.451,46.2373],[15.4493,46.2372],[15.4478,46.2327],[15.4429,46.2296],[15.4421,46.2274],[15.4389,46.2281],[15.4351,46.2258],[15.4384,46.2244],[15.4373,46.2235],[15.4384,46.2227],[15.4392,46.2227],[15.4408,46.2181],[15.4424,46.218],[15.4399,46.2137],[15.4465,46.2042],[15.4486,46.2032],[15.4476,46.2001],[15.4529,46.1993],[15.4528,46.1956],[15.4545,46.1942],[15.4626,46.1943],[15.4638,46.1932],[15.4607,46.1879],[15.4701,46.1833],[15.4715,46.18],[15.4695,46.1785],[15.4701,46.1774],[15.4688,46.1753],[15.4706,46.171],[15.4699,46.1688],[15.4706,46.1673],[15.4771,46.1676],[15.4761,46.1625],[15.4775,46.1611],[15.4866,46.1598],[15.4898,46.1561],[15.4977,46.154],[15.4975,46.1557],[15.4997,46.1579],[15.5058,46.158],[15.5088,46.1631],[15.5178,46.1644],[15.5196,46.1636],[15.5222,46.1658],[15.5235,46.1653],[15.523,46.1637],[15.5258,46.163],[15.5254,46.1618],[15.529,46.1592],[15.5357,46.1583],[15.5416,46.1578],[15.5434,46.1615],[15.5504,46.162],[15.562,46.165],[15.5635,46.1683],[15.5624,46.1701],[15.5628,46.1762],[15.5609,46.1769],[15.5598,46.1797],[15.566,46.1822],[15.563,46.1845],[15.5685,46.1861],[15.5711,46.185],[15.5731,46.1895],[15.5739,46.1889],[15.5756,46.1905],[15.5765,46.1896],[15.5771,46.1925],[15.5796,46.1933],[15.5786,46.197],[15.5845,46.1954],[15.5856,46.1972],[15.5878,46.1964],[15.5883,46.1995],[15.6009,46.2029],[15.6024,46.2036],[15.6025,46.2063]]]}},{"type":"Feature","properties":{"id":"110200000110275398","name":"Šmartno ob Paki"},"geometry":{"type":"Polygon","coordinates":[[[15.0079,46.334],[15.0161,46.328],[15.0176,46.329],[15.0217,46.3285],[15.024,46.3262],[15.0293,46.3247],[15.0303,46.3216],[15.037,46.3213],[15.0373,46.3172],[15.0476,46.3103],[15.0483,46.305],[15.0509,46.3048],[15.0547,46.3075],[15.0586,46.3062],[15.0577,46.3084],[15.0533,46.3096],[15.0551,46.3106],[15.053,46.3144],[15.058,46.3188],[15.0562,46.3241],[15.0579,46.3281],[15.0572,46.334],[15.0583,46.336],[15.0567,46.3399],[15.061,46.3412],[15.0638,46.3403],[15.0646,46.3487],[15.0622,46.3506],[15.0607,46.3498],[15.0511,46.3533],[15.0407,46.3503],[15.035,46.3558],[15.0214,46.3569],[15.0213,46.3599],[15.0186,46.3601],[15.0173,46.3616],[15.0139,46.3606],[15.0074,46.3611],[15.0076,46.3657],[15.0022,46.3684],[15.0015,46.3726],[14.9974,46.3749],[14.9944,46.3709],[14.9948,46.3686],[14.9987,46.3691],[15.0016,46.3681],[14.9967,46.3645],[14.9966,46.3567],[14.9955,46.3545],[14.998,46.3498],[15.0024,46.3485],[15.0014,46.3448],[14.9985,46.3429],[15.0072,46.3376],[15.0079,46.334]]]}},{"type":"Feature","properties":{"id":"110200000110275471","name":"Šoštanj"},"geometry":{"type":"Polygon","coordinates":[[[14.9974,46.3749],[15.0015,46.3726],[15.0022,46.3684],[15.0076,46.3657],[15.0074,46.3611],[15.0139,46.3606],[15.0173,46.3616],[15.0186,46.3601],[15.0213,46.3599],[15.0214,46.3569],[15.035,46.3558],[15.0407,46.3503],[15.0511,46.3533],[15.0607,46.3498],[15.0622,46.3506],[15.0646,46.3487],[15.0673,46.3496],[15.0668,46.3522],[15.0689,46.3542],[15.0674,46.3583],[15.0698,46.3616],[15.0673,46.3638],[15.0677,46.3664],[15.0694,46.368],[15.0636,46.37],[15.0644,46.3713],[15.0736,46.3752],[15.0823,46.3745],[15.081,46.3758],[15.0825,46.3799],[15.0803,46.3844],[15.0814,46.3872],[15.0858,46.3882],[15.0842,46.3915],[15.0867,46.3929],[15.0869,46.3965],[15.0897,46.3999],[15.0857,46.4013],[15.085,46.4028],[15.087,46.4042],[15.0868,46.4054],[15.0889,46.4059],[15.0904,46.4088],[15.0885,46.4185],[15.0907,46.4215],[15.089,46.4231],[15.0804,46.4282],[15.065,46.4338],[15.039,46.4362],[15.0286,46.4397],[15.023,46.4391],[15.0176,46.4404],[15.0095,46.4381],[15.0061,46.4385],[15.0047,46.4408],[14.996,46.4428],[14.9764,46.4519],[14.9687,46.4516],[14.9614,46.4556],[14.9544,46.4556],[14.9582,46.4522],[14.9578,46.4484],[14.9623,46.4443],[14.9548,46.4415],[14.9456,46.441],[14.9461,46.4374],[14.9439,46.434],[14.9406,46.4345],[14.9346,46.4323],[14.9169,46.4338],[14.9117,46.4329],[14.9063,46.4264],[14.9037,46.4266],[14.9019,46.4239],[14.8977,46.4225],[14.8958,46.4202],[14.8814,46.4199],[14.8907,46.4197],[14.8997,46.4135],[14.8957,46.4001],[14.9014,46.3911],[14.9078,46.3893],[14.9118,46.3915],[14.9234,46.4019],[14.9301,46.4019],[14.935,46.4035],[14.9405,46.4031],[14.9509,46.3934],[14.9583,46.3911],[14.9592,46.389],[14.9614,46.3881],[14.9656,46.3884],[14.9657,46.392],[14.9704,46.3896],[14.9768,46.3914],[14.9783,46.3905],[14.9881,46.3908],[14.9881,46.3921],[14.9839,46.3921],[14.986,46.3931],[14.9866,46.3952],[14.9886,46.3957],[14.9959,46.3912],[14.9954,46.386],[15.0016,46.3857],[15.0035,46.3841],[14.9985,46.3815],[14.9974,46.3749]]]}},{"type":"Feature","properties":{"id":"110200000110275554","name":"Štore"},"geometry":{"type":"Polygon","coordinates":[[[15.3553,46.1828],[15.3523,46.1829],[15.3498,46.1936],[15.3516,46.1937],[15.3505,46.1949],[15.3549,46.1997],[15.3533,46.2021],[15.3558,46.2042],[15.3538,46.2055],[15.3558,46.2093],[15.3545,46.2108],[15.3581,46.2118],[15.3603,46.2138],[15.3592,46.2157],[15.3606,46.2188],[15.3589,46.2219],[15.3598,46.2235],[15.3513,46.2229],[15.3504,46.2239],[15.3484,46.2227],[15.3469,46.2285],[15.3379,46.2287],[15.3366,46.2269],[15.3354,46.2274],[15.336,46.2287],[15.3331,46.2289],[15.3322,46.2278],[15.3307,46.2293],[15.3308,46.2324],[15.3291,46.2332],[15.3263,46.2307],[15.3202,46.2308],[15.3221,46.2269],[15.3205,46.2271],[15.3209,46.2261],[15.3165,46.2264],[15.3058,46.2225],[15.2973,46.2235],[15.294,46.2205],[15.2932,46.2174],[15.296,46.2153],[15.2963,46.2135],[15.2939,46.2131],[15.2926,46.206],[15.2973,46.2042],[15.2983,46.2057],[15.3004,46.2058],[15.302,46.2009],[15.3014,46.1968],[15.3062,46.192],[15.2984,46.1895],[15.2941,46.1894],[15.2951,46.188],[15.2939,46.1878],[15.2943,46.1869],[15.2968,46.1871],[15.299,46.183],[15.294,46.1823],[15.2963,46.1799],[15.2929,46.1804],[15.2958,46.1759],[15.2953,46.175],[15.2917,46.1767],[15.2913,46.1742],[15.2827,46.1743],[15.2792,46.1725],[15.2813,46.1667],[15.2894,46.1644],[15.2969,46.1654],[15.2977,46.1632],[15.3084,46.1661],[15.3201,46.1667],[15.3219,46.1717],[15.3283,46.1722],[15.3274,46.1775],[15.329,46.1795],[15.3308,46.1764],[15.3355,46.1762],[15.3409,46.1774],[15.342,46.1795],[15.3511,46.1796],[15.3551,46.1811],[15.3553,46.1828]]]}},{"type":"Feature","properties":{"id":"110200000110275638","name":"Tolmin"},"geometry":{"type":"Polygon","coordinates":[[[13.735,46.2816],[13.7282,46.283],[13.7172,46.2823],[13.7034,46.2731],[13.6997,46.2722],[13.6904,46.2607],[13.6869,46.2595],[13.6853,46.249],[13.6824,46.2462],[13.6895,46.2415],[13.695,46.2296],[13.6936,46.2272],[13.695,46.2264],[13.6867,46.2268],[13.6737,46.2305],[13.672,46.2294],[13.6726,46.2304],[13.6701,46.2319],[13.6703,46.2304],[13.6671,46.2304],[13.667,46.228],[13.6602,46.2299],[13.6572,46.2293],[13.6566,46.2262],[13.6496,46.2259],[13.6507,46.2232],[13.6428,46.219],[13.6383,46.2202],[13.6342,46.227],[13.6291,46.2209],[13.6287,46.2217],[13.6197,46.2152],[13.621,46.2134],[13.6256,46.2116],[13.623,46.2091],[13.6254,46.2088],[13.6204,46.2039],[13.6217,46.2035],[13.6204,46.2022],[13.6234,46.2019],[13.6188,46.1964],[13.6257,46.194],[13.6284,46.1944],[13.6336,46.1918],[13.6473,46.1887],[13.6595,46.1836],[13.6667,46.174],[13.6641,46.1705],[13.6738,46.1712],[13.6784,46.1668],[13.6795,46.1652],[13.6782,46.1628],[13.6804,46.161],[13.6798,46.1591],[13.6855,46.1541],[13.6877,46.1492],[13.6886,46.1448],[13.6872,46.1383],[13.6923,46.137],[13.6962,46.1325],[13.6952,46.1306],[13.6973,46.1305],[13.6984,46.1322],[13.7104,46.131],[13.7007,46.1284],[13.702,46.1254],[13.7086,46.1268],[13.7124,46.1262],[13.7172,46.1197],[13.7251,46.1204],[13.7281,46.1191],[13.7341,46.1166],[13.7308,46.1163],[13.7418,46.1094],[13.7465,46.1113],[13.7531,46.109],[13.7539,46.1067],[13.7594,46.1084],[13.7598,46.1038],[13.7623,46.1034],[13.76,46.1004],[13.7687,46.0998],[13.7708,46.0985],[13.7801,46.1064],[13.78,46.1081],[13.788,46.1055],[13.7906,46.1056],[13.7924,46.1079],[13.8036,46.1067],[13.8076,46.1009],[13.8099,46.0929],[13.8053,46.0871],[13.8191,46.0772],[13.8161,46.0745],[13.8136,46.0754],[13.8076,46.0707],[13.8108,46.067],[13.8079,46.0648],[13.8091,46.0631],[13.8079,46.0618],[13.8089,46.0603],[13.8079,46.0588],[13.8075,46.0501],[13.8095,46.0498],[13.8198,46.0403],[13.8231,46.0357],[13.825,46.0353],[13.8248,46.031],[13.8318,46.0218],[13.8332,46.0226],[13.8389,46.017],[13.841,46.0191],[13.8462,46.0161],[13.851,46.0153],[13.8536,46.0126],[13.8603,46.0102],[13.8593,46.0094],[13.8633,46.0092],[13.8686,46.0047],[13.8703,46.009],[13.8685,46.0147],[13.8704,46.0231],[13.8688,46.0248],[13.8716,46.0317],[13.8675,46.0348],[13.8664,46.0423],[13.8769,46.0381],[13.878,46.0401],[13.8757,46.0417],[13.876,46.0449],[13.8738,46.0455],[13.8762,46.0484],[13.8746,46.0496],[13.8645,46.0502],[13.8638,46.0522],[13.861,46.0536],[13.8622,46.0562],[13.8649,46.056],[13.866,46.0583],[13.8633,46.0626],[13.8641,46.0648],[13.8631,46.0669],[13.8665,46.0649],[13.8699,46.0652],[13.8727,46.0615],[13.8852,46.0571],[13.8869,46.0601],[13.885,46.0627],[13.8875,46.0643],[13.888,46.0668],[13.8863,46.0689],[13.8927,46.0685],[13.8948,46.0655],[13.8969,46.0658],[13.8995,46.0671],[13.9002,46.0689],[13.8984,46.0722],[13.8965,46.0732],[13.9033,46.0723],[13.9062,46.0702],[13.9099,46.0715],[13.9108,46.0703],[13.9125,46.0724],[13.9112,46.0735],[13.9111,46.0763],[13.907,46.0779],[13.908,46.0786],[13.9073,46.081],[13.9033,46.085],[13.9031,46.0874],[13.9015,46.0889],[13.9039,46.0903],[13.9009,46.0938],[13.9029,46.0963],[13.9032,46.1018],[13.9005,46.1045],[13.9016,46.1076],[13.9035,46.1078],[13.9023,46.109],[13.9035,46.1118],[13.9066,46.1116],[13.9064,46.113],[13.9055,46.1142],[13.8991,46.1154],[13.8981,46.1172],[13.888,46.124],[13.8882,46.1272],[13.8843,46.1296],[13.8838,46.1358],[13.8916,46.1336],[13.8914,46.1364],[13.8935,46.1386],[13.8929,46.1423],[13.8901,46.143],[13.892,46.1457],[13.8888,46.1466],[13.8905,46.1485],[13.89,46.1498],[13.8962,46.1517],[13.8949,46.1541],[13.9014,46.1567],[13.9007,46.1581],[13.9022,46.1586],[13.902,46.1598],[13.8989,46.1617],[13.9007,46.1637],[13.9031,46.1628],[13.9056,46.1637],[13.9039,46.1653],[13.9054,46.1655],[13.9138,46.1645],[13.9134,46.1676],[13.9167,46.1686],[13.9187,46.1719],[13.9326,46.1714],[13.9371,46.1752],[13.9405,46.1748],[13.9417,46.1722],[13.9447,46.1726],[13.948,46.1774],[13.9551,46.1783],[13.9654,46.1768],[13.9743,46.1772],[13.9792,46.1848],[13.9882,46.193],[13.9895,46.2007],[13.9946,46.2073],[13.997,46.2088],[14.0056,46.2097],[14.0044,46.2117],[14.0064,46.2173],[14.0085,46.2177],[14.0067,46.2205],[14.0078,46.226],[14.0063,46.2265],[14.0067,46.2296],[13.9932,46.2369],[13.9821,46.2371],[13.9792,46.2383],[13.9726,46.2348],[13.9656,46.2333],[13.9573,46.2372],[13.9538,46.2366],[13.9471,46.2316],[13.9362,46.2318],[13.9206,46.2297],[13.9165,46.2307],[13.9124,46.2289],[13.9085,46.2304],[13.903,46.2304],[13.8944,46.2257],[13.8912,46.226],[13.8854,46.2291],[13.8756,46.2259],[13.8652,46.2277],[13.8625,46.2295],[13.8597,46.2281],[13.8529,46.2314],[13.8531,46.2331],[13.8455,46.2329],[13.8437,46.2355],[13.84,46.2357],[13.834,46.2386],[13.8125,46.2383],[13.8076,46.2401],[13.8029,46.2445],[13.7823,46.2518],[13.7809,46.2542],[13.7762,46.2559],[13.7743,46.2589],[13.7688,46.2613],[13.7572,46.2605],[13.7544,46.2618],[13.7491,46.2688],[13.7485,46.2715],[13.7448,46.2749],[13.7399,46.2773],[13.7371,46.2762],[13.7355,46.2782],[13.735,46.2816]]]}},{"type":"Feature","properties":{"id":"110200000110275711","name":"Trbovlje"},"geometry":{"type":"Polygon","coordinates":[[[15.1066,46.1836],[15.1059,46.1866],[15.1073,46.1875],[15.0985,46.1909],[15.0876,46.1863],[15.0751,46.1836],[15.0711,46.1852],[15.0629,46.1856],[15.0464,46.1905],[15.0448,46.1937],[15.0462,46.1959],[15.0439,46.1975],[15.0397,46.1934],[15.0299,46.1909],[15.0246,46.1927],[15.0284,46.1926],[15.0309,46.1932],[15.0331,46.1946],[15.038,46.1952],[15.0424,46.1965],[15.0335,46.1948],[15.0284,46.1926],[15.0188,46.1928],[15.0148,46.1907],[15.0143,46.1917],[15.0091,46.1911],[15.0131,46.1958],[15.0093,46.1947],[15.01,46.1967],[15.0049,46.1958],[15.0034,46.1945],[15.0048,46.1936],[14.9994,46.1919],[14.9992,46.1902],[15.0026,46.1909],[15.016,46.1828],[15.0173,46.1783],[15.0138,46.178],[15.0095,46.1795],[15.0088,46.1769],[15.0071,46.1757],[15.0004,46.1759],[14.995,46.1731],[14.9917,46.1731],[14.9805,46.1648],[14.9833,46.1632],[14.9863,46.1635],[14.9872,46.1656],[14.9915,46.1652],[14.9896,46.1668],[14.9908,46.1682],[14.9959,46.1683],[14.9959,46.1669],[14.9986,46.1675],[15.0015,46.1652],[15.0019,46.1603],[15.0046,46.1598],[15.0031,46.1611],[15.0047,46.1629],[15.0149,46.1642],[15.0153,46.1608],[15.0173,46.1595],[15.0161,46.1576],[15.0181,46.1567],[15.0159,46.1512],[15.024,46.1502],[15.0199,46.1471],[15.0261,46.1412],[15.0249,46.1408],[15.0253,46.1379],[15.0245,46.1377],[15.0271,46.1369],[15.024,46.1364],[15.0235,46.1342],[15.0267,46.1345],[15.0268,46.1322],[15.0301,46.1336],[15.0326,46.1318],[15.0309,46.1318],[15.0327,46.1299],[15.03,46.1298],[15.0294,46.1273],[15.0321,46.1252],[15.0253,46.1219],[15.0266,46.121],[15.0243,46.1187],[15.0203,46.1202],[15.0217,46.1188],[15.0191,46.1193],[15.0182,46.1178],[15.0131,46.1168],[15.0149,46.114],[15.0079,46.1116],[15.0005,46.1131],[14.9979,46.1096],[15.0025,46.1075],[15.0043,46.1052],[15.0167,46.1021],[15.0254,46.0975],[15.027,46.0984],[15.0314,46.0972],[15.0364,46.0933],[15.0459,46.0896],[15.0502,46.0913],[15.0467,46.0929],[15.0574,46.0975],[15.0616,46.0908],[15.0684,46.0895],[15.0655,46.0873],[15.0687,46.0853],[15.0746,46.0872],[15.0786,46.0855],[15.0765,46.0812],[15.0778,46.0794],[15.0829,46.0774],[15.0847,46.079],[15.0875,46.0792],[15.091,46.0771],[15.1004,46.0795],[15.1024,46.0823],[15.099,46.0819],[15.0979,46.0842],[15.0993,46.0869],[15.1026,46.0884],[15.1016,46.0891],[15.1028,46.0895],[15.1024,46.0903],[15.1004,46.0922],[15.102,46.0936],[15.0989,46.0961],[15.0986,46.0978],[15.0954,46.0994],[15.0933,46.1032],[15.094,46.109],[15.0864,46.1106],[15.0857,46.1138],[15.0757,46.1134],[15.0724,46.1161],[15.0712,46.1194],[15.072,46.1205],[15.0692,46.1227],[15.0688,46.1248],[15.0621,46.1269],[15.0623,46.1295],[15.0653,46.1328],[15.0644,46.1343],[15.0679,46.1361],[15.0608,46.1375],[15.0578,46.1415],[15.0614,46.1468],[15.0675,46.1482],[15.0701,46.1537],[15.0735,46.1532],[15.0754,46.1553],[15.0777,46.1546],[15.0826,46.1558],[15.0828,46.1577],[15.0818,46.1584],[15.0826,46.1586],[15.0798,46.1621],[15.0801,46.1643],[15.078,46.1648],[15.0783,46.1663],[15.0764,46.1674],[15.0782,46.1671],[15.0762,46.1694],[15.0785,46.1687],[15.083,46.17],[15.0812,46.1706],[15.0829,46.172],[15.081,46.1726],[15.0821,46.1738],[15.0849,46.172],[15.0895,46.1758],[15.0918,46.175],[15.0954,46.1766],[15.1093,46.1775],[15.1064,46.1801],[15.1076,46.1811],[15.1066,46.1836]]]}},{"type":"Feature","properties":{"id":"110200000110275802","name":"Trebnje"},"geometry":{"type":"Polygon","coordinates":[[[14.8761,45.8701],[14.887,45.8663],[14.8899,45.8703],[14.9125,45.8665],[14.9183,45.8619],[14.9197,45.864],[14.9215,45.8637],[14.9231,45.8659],[14.9283,45.8687],[14.9321,45.8692],[14.9335,45.8709],[14.9419,45.8713],[14.9464,45.8622],[14.9482,45.863],[14.9535,45.8577],[14.9524,45.8569],[14.9541,45.8544],[14.9512,45.8527],[14.9536,45.8488],[14.9528,45.8475],[14.9541,45.8481],[14.96,45.8415],[14.9674,45.8404],[14.9693,45.8423],[14.9735,45.8396],[14.9801,45.8386],[14.9866,45.8451],[14.9976,45.8493],[14.9994,45.8493],[15.0002,45.8478],[15.0048,45.8496],[15.0079,45.848],[15.0102,45.8491],[15.0107,45.8471],[15.007,45.8405],[15.01,45.8413],[15.0112,45.8382],[15.0129,45.8392],[15.0197,45.8387],[15.0202,45.8399],[15.0299,45.8432],[15.0277,45.8657],[15.0347,45.8662],[15.0328,45.8688],[15.0353,45.8696],[15.0352,45.8717],[15.0396,45.8715],[15.0429,45.8728],[15.047,45.8701],[15.0524,45.8721],[15.0533,45.8802],[15.0559,45.8832],[15.0601,45.8806],[15.064,45.8821],[15.0663,45.8809],[15.0687,45.8819],[15.073,45.8803],[15.0784,45.8808],[15.0807,45.8855],[15.083,45.8863],[15.0811,45.8928],[15.0853,45.8974],[15.0867,45.8972],[15.0866,45.8989],[15.0885,45.8971],[15.0961,45.8976],[15.0991,45.8969],[15.1039,45.9002],[15.1037,45.9027],[15.1015,45.9049],[15.1024,45.9083],[15.108,45.912],[15.1042,45.9141],[15.1038,45.9172],[15.1037,45.9181],[15.0998,45.9181],[15.0991,45.916],[15.0888,45.9131],[15.0832,45.9159],[15.0824,45.9185],[15.0795,45.9185],[15.0795,45.9199],[15.0812,45.9206],[15.0768,45.9217],[15.0756,45.9241],[15.0767,45.9254],[15.0747,45.9267],[15.0598,45.9252],[15.0592,45.9229],[15.0552,45.9211],[15.0531,45.9224],[15.0526,45.9244],[15.0466,45.9253],[15.0415,45.9302],[15.029,45.9309],[15.028,45.9396],[15.0171,45.942],[15.0148,45.9456],[15.0176,45.9523],[15.0133,45.9519],[15.0122,45.9537],[15.0086,45.9524],[15.0027,45.956],[14.9964,45.9568],[15.0004,45.9587],[15.0016,45.9577],[15.0013,45.9615],[14.9983,45.9632],[14.9889,45.9676],[14.9863,45.97],[14.979,45.9689],[14.9694,45.9694],[14.9649,45.9754],[14.9486,45.9786],[14.9388,45.9743],[14.9402,45.9737],[14.9386,45.9706],[14.9407,45.9673],[14.9385,45.9637],[14.9346,45.9652],[14.925,45.9631],[14.9187,45.9597],[14.917,45.9571],[14.918,45.9559],[14.9109,45.9534],[14.9107,45.9507],[14.9094,45.9506],[14.9103,45.9469],[14.9088,45.9458],[14.9069,45.9453],[14.9056,45.9473],[14.9039,45.9449],[14.9008,45.9452],[14.9035,45.947],[14.8986,45.9482],[14.8915,45.9453],[14.8835,45.9461],[14.8825,45.9394],[14.8863,45.9364],[14.8834,45.9345],[14.8846,45.9321],[14.8782,45.929],[14.8771,45.9266],[14.8804,45.9238],[14.8777,45.9173],[14.8828,45.9081],[14.8822,45.9046],[14.8798,45.9049],[14.8768,45.9033],[14.8754,45.8969],[14.8694,45.8943],[14.8661,45.8885],[14.8604,45.8858],[14.8675,45.8815],[14.8701,45.8784],[14.8728,45.8775],[14.871,45.8736],[14.8758,45.8717],[14.8761,45.8701]]]}},{"type":"Feature","properties":{"id":"110200000110275984","name":"Tržič"},"geometry":{"type":"Polygon","coordinates":[[[14.3258,46.3176],[14.327,46.3197],[14.3262,46.322],[14.3274,46.3227],[14.3271,46.3264],[14.324,46.3281],[14.3273,46.3282],[14.3242,46.3319],[14.3242,46.3352],[14.3338,46.3351],[14.3367,46.3382],[14.3401,46.3366],[14.3476,46.3368],[14.3458,46.3395],[14.3484,46.3415],[14.3532,46.3496],[14.3572,46.3505],[14.362,46.3487],[14.3762,46.3477],[14.379,46.3486],[14.3852,46.3472],[14.3879,46.3488],[14.4046,46.3502],[14.4069,46.3518],[14.4079,46.3578],[14.4061,46.3652],[14.4015,46.3697],[14.4026,46.3751],[14.4058,46.377],[14.4151,46.3782],[14.4175,46.382],[14.4194,46.3824],[14.4198,46.3893],[14.4173,46.3927],[14.421,46.397],[14.4312,46.4018],[14.4337,46.4011],[14.4364,46.402],[14.4305,46.4039],[14.4304,46.4115],[14.4327,46.4157],[14.4374,46.4172],[14.4423,46.4237],[14.4422,46.4281],[14.4351,46.4312],[14.4301,46.4361],[14.4321,46.4394],[14.4387,46.4408],[14.4384,46.4429],[14.4347,46.4428],[14.4296,46.447],[14.4235,46.4454],[14.4097,46.4464],[14.4089,46.4454],[14.3964,46.444],[14.3821,46.4391],[14.3684,46.4398],[14.3648,46.4382],[14.3565,46.4387],[14.352,46.4373],[14.3441,46.4374],[14.3322,46.4319],[14.3262,46.431],[14.3081,46.4306],[14.3016,46.4383],[14.2943,46.4394],[14.2832,46.4435],[14.2718,46.4417],[14.2645,46.4383],[14.2564,46.439],[14.2485,46.4345],[14.2372,46.4322],[14.2335,46.4221],[14.2431,46.4215],[14.2512,46.4158],[14.2454,46.4125],[14.2438,46.4097],[14.2469,46.4048],[14.251,46.4027],[14.2508,46.3987],[14.2491,46.3972],[14.2501,46.3948],[14.2464,46.3934],[14.2474,46.3928],[14.2464,46.3909],[14.2518,46.3875],[14.2528,46.3807],[14.2482,46.3809],[14.2503,46.3732],[14.248,46.368],[14.249,46.3661],[14.2471,46.3607],[14.2432,46.3569],[14.2411,46.3534],[14.242,46.3525],[14.2397,46.3508],[14.2403,46.3484],[14.2452,46.3422],[14.2491,46.3433],[14.247,46.3389],[14.2574,46.3468],[14.2591,46.3464],[14.2623,46.3423],[14.2491,46.3353],[14.249,46.3337],[14.2507,46.3327],[14.2521,46.3336],[14.2524,46.3297],[14.2562,46.3294],[14.2585,46.3264],[14.2635,46.3254],[14.2654,46.3234],[14.271,46.3249],[14.2712,46.3234],[14.2742,46.3242],[14.2764,46.3217],[14.2803,46.3224],[14.2831,46.3186],[14.2863,46.3188],[14.2864,46.321],[14.2927,46.321],[14.2932,46.3138],[14.2963,46.3168],[14.2997,46.3164],[14.3016,46.3178],[14.3026,46.32],[14.3003,46.3213],[14.3054,46.3232],[14.3114,46.3224],[14.3168,46.3201],[14.3173,46.3186],[14.315,46.3185],[14.3176,46.3173],[14.3209,46.3169],[14.3199,46.3178],[14.3215,46.3187],[14.3245,46.3171],[14.3258,46.3176]]]}},{"type":"Feature","properties":{"id":"110200000110276016","name":"Turnišče"},"geometry":{"type":"Polygon","coordinates":[[[16.2942,46.6473],[16.2911,46.6416],[16.2823,46.6404],[16.2811,46.6357],[16.263,46.6303],[16.2737,46.6242],[16.2654,46.6252],[16.2646,46.6238],[16.2704,46.6195],[16.3026,46.6144],[16.2953,46.6039],[16.2961,46.6037],[16.2934,46.5998],[16.2952,46.5992],[16.2996,46.5979],[16.2988,46.5943],[16.3055,46.5932],[16.3151,46.5878],[16.3134,46.5861],[16.321,46.5827],[16.3241,46.5856],[16.326,46.5875],[16.325,46.588],[16.327,46.5925],[16.3284,46.5922],[16.3301,46.594],[16.3271,46.5971],[16.3285,46.5989],[16.3323,46.5977],[16.3348,46.603],[16.3547,46.5972],[16.3551,46.5979],[16.3647,46.5926],[16.3701,46.5986],[16.3678,46.6006],[16.3701,46.6005],[16.3527,46.6122],[16.3491,46.6143],[16.3406,46.6145],[16.3355,46.6178],[16.3373,46.6199],[16.3296,46.6252],[16.3323,46.6266],[16.3088,46.6434],[16.2942,46.6473]]]}},{"type":"Feature","properties":{"id":"110200000110276107","name":"Velenje"},"geometry":{"type":"Polygon","coordinates":[[[15.089,46.4231],[15.0907,46.4215],[15.0885,46.4185],[15.0904,46.4088],[15.0889,46.4059],[15.0868,46.4054],[15.087,46.4042],[15.085,46.4028],[15.0857,46.4013],[15.0897,46.3999],[15.0869,46.3965],[15.0867,46.3929],[15.0842,46.3915],[15.0858,46.3882],[15.0814,46.3872],[15.0803,46.3844],[15.0825,46.3799],[15.081,46.3758],[15.0823,46.3745],[15.0736,46.3752],[15.0644,46.3713],[15.0636,46.37],[15.0694,46.368],[15.0677,46.3664],[15.0673,46.3638],[15.0698,46.3616],[15.0674,46.3583],[15.0689,46.3542],[15.0668,46.3522],[15.0673,46.3496],[15.0717,46.3448],[15.0733,46.3406],[15.0789,46.3395],[15.0795,46.3376],[15.0835,46.3383],[15.0874,46.3356],[15.0942,46.3338],[15.0971,46.3304],[15.105,46.3334],[15.1053,46.3305],[15.1087,46.328],[15.1078,46.3249],[15.1091,46.3242],[15.1115,46.3162],[15.1201,46.3145],[15.1204,46.3185],[15.1258,46.3229],[15.1258,46.3243],[15.1312,46.3248],[15.1333,46.3236],[15.1368,46.325],[15.1368,46.3312],[15.1384,46.3336],[15.1422,46.3347],[15.1468,46.3333],[15.1475,46.3347],[15.1556,46.3364],[15.1559,46.3383],[15.1538,46.3386],[15.1536,46.3407],[15.1578,46.3372],[15.164,46.335],[15.1634,46.3335],[15.1701,46.3282],[15.1701,46.3265],[15.1718,46.3249],[15.1745,46.3248],[15.1754,46.3226],[15.1798,46.3206],[15.1809,46.3186],[15.1902,46.3205],[15.1907,46.3238],[15.1935,46.3257],[15.1924,46.3264],[15.1953,46.3286],[15.1964,46.3326],[15.2013,46.335],[15.2001,46.3399],[15.2045,46.3407],[15.2058,46.3434],[15.2039,46.3446],[15.2042,46.3465],[15.2023,46.3474],[15.2046,46.3488],[15.2028,46.3523],[15.1931,46.3619],[15.194,46.3658],[15.1911,46.3692],[15.1923,46.3721],[15.1893,46.3743],[15.1897,46.3762],[15.1868,46.379],[15.1868,46.3813],[15.1891,46.3831],[15.1876,46.3867],[15.1724,46.3905],[15.1715,46.3923],[15.1708,46.3963],[15.1719,46.3957],[15.1761,46.398],[15.1775,46.3994],[15.177,46.4007],[15.1801,46.4032],[15.1788,46.4049],[15.1804,46.4085],[15.1783,46.4107],[15.1701,46.4084],[15.1659,46.4107],[15.1617,46.408],[15.1567,46.4075],[15.1568,46.4021],[15.1545,46.4031],[15.1476,46.4026],[15.1468,46.4043],[15.1477,46.4064],[15.1461,46.4087],[15.142,46.4069],[15.1313,46.4101],[15.1239,46.4139],[15.1227,46.4188],[15.1214,46.4212],[15.1174,46.421],[15.1188,46.4271],[15.1145,46.427],[15.1111,46.429],[15.1064,46.4286],[15.0909,46.4346],[15.0877,46.4314],[15.0898,46.4251],[15.089,46.4231]]]}},{"type":"Feature","properties":{"id":"110200000110276289","name":"Velike Lašče"},"geometry":{"type":"Polygon","coordinates":[[[14.4907,45.8822],[14.4928,45.8787],[14.4957,45.8784],[14.4972,45.8762],[14.501,45.8753],[14.4984,45.8734],[14.4985,45.871],[14.5029,45.8699],[14.5029,45.8636],[14.5012,45.8629],[14.5017,45.8605],[14.4995,45.8592],[14.4969,45.8598],[14.4956,45.8576],[14.4985,45.8549],[14.4969,45.854],[14.4976,45.851],[14.502,45.85],[14.5051,45.8457],[14.5082,45.8448],[14.5085,45.8429],[14.5069,45.8417],[14.5057,45.8424],[14.5055,45.8397],[14.5108,45.8376],[14.5109,45.8361],[14.5126,45.8359],[14.5162,45.831],[14.5239,45.8276],[14.5249,45.8237],[14.5286,45.8217],[14.5302,45.8189],[14.5288,45.8174],[14.5297,45.8148],[14.532,45.8136],[14.5353,45.8152],[14.5466,45.8138],[14.5497,45.8108],[14.5482,45.8081],[14.5511,45.7999],[14.5561,45.7971],[14.5605,45.7966],[14.5636,45.7946],[14.5649,45.7915],[14.5683,45.7957],[14.585,45.7939],[14.5948,45.7937],[14.5956,45.7973],[14.5946,45.8009],[14.5956,45.8014],[14.6025,45.7996],[14.6163,45.8037],[14.6223,45.8015],[14.6262,45.8023],[14.6283,45.8005],[14.6315,45.801],[14.631,45.7992],[14.6338,45.8007],[14.6333,45.8024],[14.6366,45.8037],[14.639,45.8031],[14.6402,45.8013],[14.6456,45.8023],[14.6485,45.8016],[14.6557,45.805],[14.6557,45.806],[14.6598,45.8057],[14.6612,45.8092],[14.6662,45.8079],[14.6691,45.8131],[14.6758,45.817],[14.6771,45.8208],[14.6835,45.8207],[14.6884,45.8191],[14.6892,45.8229],[14.6821,45.8306],[14.6802,45.8299],[14.6705,45.8394],[14.6663,45.8397],[14.6619,45.8416],[14.6568,45.8461],[14.6463,45.8504],[14.6436,45.8443],[14.6418,45.8439],[14.6357,45.8479],[14.634,45.8542],[14.6346,45.8561],[14.6391,45.86],[14.6416,45.8601],[14.6424,45.8621],[14.6423,45.8701],[14.6403,45.8754],[14.6393,45.8775],[14.6346,45.8755],[14.6326,45.8767],[14.631,45.8806],[14.6286,45.8821],[14.6301,45.8853],[14.6271,45.885],[14.6249,45.8887],[14.6256,45.8907],[14.6276,45.8907],[14.6278,45.8929],[14.6256,45.8943],[14.6253,45.8965],[14.6221,45.8979],[14.6217,45.8994],[14.6213,45.8977],[14.6185,45.8988],[14.6041,45.9087],[14.6024,45.9085],[14.5987,45.9081],[14.5934,45.9029],[14.5957,45.8998],[14.5933,45.897],[14.5949,45.8944],[14.5926,45.894],[14.5888,45.8996],[14.5858,45.8973],[14.5909,45.8894],[14.5908,45.8859],[14.592,45.8851],[14.5899,45.8846],[14.589,45.8809],[14.5848,45.875],[14.5865,45.8734],[14.5861,45.8721],[14.5741,45.868],[14.5693,45.8637],[14.5612,45.8666],[14.5604,45.868],[14.556,45.8679],[14.5527,45.8716],[14.5409,45.8734],[14.5362,45.877],[14.5361,45.8797],[14.527,45.8809],[14.521,45.8843],[14.5105,45.8877],[14.5034,45.8885],[14.5015,45.8863],[14.4907,45.8822]]]}},{"type":"Feature","properties":{"id":"110200000110276362","name":"Vipava"},"geometry":{"type":"Polygon","coordinates":[[[14.0497,45.8374],[14.0344,45.837],[14.0238,45.8434],[14.023,45.845],[14.0199,45.8448],[14.0205,45.8461],[14.0153,45.8453],[14.0169,45.8586],[14.0249,45.8594],[14.0205,45.8615],[14.0229,45.8644],[14.0098,45.8714],[14.0122,45.8735],[13.9999,45.8782],[13.9921,45.878],[13.9913,45.8791],[13.9842,45.8806],[13.9737,45.8801],[13.973,45.8812],[13.9661,45.8792],[13.9671,45.8778],[13.9649,45.8736],[13.9635,45.8733],[13.9626,45.8759],[13.9607,45.8753],[13.9588,45.8716],[13.957,45.8718],[13.9575,45.8703],[13.9554,45.8671],[13.9486,45.8691],[13.9407,45.863],[13.937,45.8646],[13.9281,45.8601],[13.9243,45.8613],[13.9258,45.8574],[13.9303,45.8548],[13.9256,45.8533],[13.921,45.8494],[13.9113,45.8482],[13.9102,45.8456],[13.9046,45.8448],[13.9051,45.8427],[13.9031,45.8413],[13.8938,45.8409],[13.8934,45.8398],[13.8949,45.8395],[13.8966,45.8365],[13.8946,45.836],[13.8968,45.8346],[13.8921,45.8288],[13.891,45.8243],[13.893,45.8253],[13.8978,45.8236],[13.8959,45.8224],[13.8977,45.8204],[13.8962,45.8179],[13.8997,45.817],[13.903,45.818],[13.9013,45.8144],[13.9061,45.8146],[13.9079,45.8115],[13.9091,45.8094],[13.9202,45.8042],[13.9262,45.8006],[13.9291,45.797],[13.9331,45.7957],[13.9315,45.7944],[13.9346,45.7926],[13.939,45.7925],[13.9509,45.7885],[13.9574,45.7894],[13.958,45.7867],[13.9636,45.7868],[13.9701,45.7814],[13.9849,45.7788],[13.9918,45.7746],[13.9942,45.7718],[14.0003,45.7697],[13.9961,45.7666],[13.9987,45.7647],[14.0045,45.7684],[14.005,45.77],[14.0063,45.7689],[14.0048,45.7678],[14.0053,45.766],[14.0067,45.7661],[14.0091,45.7705],[14.0106,45.7707],[14.0094,45.7715],[14.0102,45.7733],[14.0149,45.7713],[14.0183,45.773],[14.0268,45.7702],[14.0311,45.7656],[14.0427,45.7615],[14.0474,45.7735],[14.0541,45.7707],[14.0546,45.7723],[14.0535,45.7824],[14.0563,45.7995],[14.0641,45.8042],[14.0671,45.7982],[14.0705,45.8128],[14.0497,45.8374]]]}},{"type":"Feature","properties":{"id":"110200000110276446","name":"Vodice"},"geometry":{"type":"Polygon","coordinates":[[[14.5005,46.2005],[14.497,46.2029],[14.4865,46.2017],[14.4828,46.2038],[14.4776,46.2024],[14.4721,46.2038],[14.4697,46.2058],[14.468,46.2044],[14.4647,46.2047],[14.4604,46.2039],[14.4595,46.2021],[14.4631,46.1994],[14.4692,46.1981],[14.4692,46.1965],[14.4599,46.1942],[14.4585,46.1918],[14.4581,46.1889],[14.4556,46.1883],[14.459,46.1843],[14.4568,46.1836],[14.4592,46.1787],[14.4556,46.1784],[14.4579,46.1749],[14.4595,46.1747],[14.4601,46.1701],[14.4678,46.1699],[14.468,46.1651],[14.4649,46.1637],[14.4659,46.1597],[14.464,46.1581],[14.4665,46.1526],[14.4659,46.1514],[14.4681,46.151],[14.4692,46.1483],[14.4682,46.1442],[14.4698,46.1431],[14.4695,46.1414],[14.4719,46.1421],[14.4716,46.1406],[14.475,46.1388],[14.4744,46.137],[14.476,46.1357],[14.4787,46.1378],[14.4834,46.1374],[14.4869,46.1414],[14.4971,46.1421],[14.4974,46.143],[14.5009,46.1425],[14.5053,46.1442],[14.5057,46.146],[14.5112,46.1439],[14.5138,46.1443],[14.5223,46.1461],[14.5209,46.1499],[14.525,46.1564],[14.5286,46.156],[14.5342,46.159],[14.5415,46.1607],[14.5411,46.1628],[14.5359,46.1665],[14.5387,46.1683],[14.5377,46.1722],[14.5305,46.1725],[14.529,46.1755],[14.5237,46.1748],[14.5212,46.1793],[14.5232,46.1811],[14.5233,46.1839],[14.5121,46.1907],[14.5085,46.1904],[14.5074,46.1917],[14.5083,46.1937],[14.5074,46.197],[14.5005,46.2005]]]}},{"type":"Feature","properties":{"id":"110200000110276529","name":"Vrhnika"},"geometry":{"type":"Polygon","coordinates":[[[14.3678,45.9654],[14.3714,45.9655],[14.3704,45.9676],[14.3725,45.9686],[14.3726,45.9699],[14.3833,45.9738],[14.3702,45.9951],[14.3676,46.0009],[14.3567,45.9974],[14.3513,46.001],[14.3495,46.0006],[14.348,46.0033],[14.3461,46.0025],[14.3437,46.0039],[14.344,46.0055],[14.3391,46.0081],[14.3368,46.0113],[14.3323,46.0107],[14.3255,46.012],[14.3175,46.0109],[14.3139,46.0098],[14.313,46.007],[14.2999,46.0032],[14.2839,46.0035],[14.2817,46.0052],[14.2793,46.0046],[14.2776,46.003],[14.2786,45.9985],[14.2809,45.997],[14.2828,45.9937],[14.2745,45.9918],[14.2723,45.9927],[14.2732,45.9961],[14.2657,45.9987],[14.2604,45.997],[14.2481,46.001],[14.2443,46.001],[14.2394,46.0041],[14.2396,46.0052],[14.2357,46.0062],[14.2363,46.0078],[14.2343,46.0098],[14.24,46.0135],[14.2438,46.0147],[14.2497,46.013],[14.2548,46.0133],[14.2528,46.014],[14.2532,46.0152],[14.2518,46.0164],[14.2502,46.0165],[14.251,46.0175],[14.2469,46.0174],[14.2453,46.021],[14.2426,46.0228],[14.2387,46.0211],[14.234,46.0225],[14.2289,46.0201],[14.2237,46.022],[14.215,46.0211],[14.2088,46.0242],[14.2064,46.0237],[14.2019,46.0256],[14.1893,46.0242],[14.1903,46.0212],[14.1898,46.0154],[14.1918,46.0136],[14.1888,46.0074],[14.1906,46.0051],[14.1941,46.0083],[14.1985,46.01],[14.2009,46.0085],[14.2036,46.0099],[14.2116,46.0078],[14.2148,46.0084],[14.2137,46.0076],[14.2149,46.0052],[14.2205,46.0045],[14.2251,46.0007],[14.2369,45.9948],[14.2354,45.9937],[14.2294,45.9937],[14.2242,45.9912],[14.2188,45.9924],[14.2185,45.985],[14.2131,45.9833],[14.2145,45.9791],[14.2131,45.9749],[14.2135,45.9735],[14.2201,45.9743],[14.2221,45.9719],[14.2224,45.9708],[14.221,45.9703],[14.2223,45.969],[14.221,45.9691],[14.2231,45.966],[14.2124,45.9623],[14.2059,45.9578],[14.2123,45.9547],[14.2163,45.9546],[14.215,45.9515],[14.2168,45.9503],[14.2157,45.9496],[14.2217,45.9491],[14.2237,45.9531],[14.2265,45.9513],[14.2283,45.9522],[14.229,45.9498],[14.2399,45.9473],[14.2431,45.9448],[14.2491,45.9443],[14.2476,45.9402],[14.2518,45.9408],[14.2551,45.9395],[14.2524,45.935],[14.2528,45.9335],[14.259,45.9316],[14.2936,45.9047],[14.2935,45.8983],[14.3005,45.8869],[14.3053,45.8887],[14.3115,45.8932],[14.3156,45.8927],[14.318,45.8942],[14.3254,45.8927],[14.3415,45.8792],[14.3489,45.8823],[14.3486,45.8841],[14.3507,45.8844],[14.355,45.88],[14.3561,45.8769],[14.3564,45.8725],[14.3546,45.8714],[14.3608,45.8695],[14.3628,45.8709],[14.3635,45.87],[14.3658,45.8706],[14.3711,45.8774],[14.3726,45.8773],[14.3698,45.8802],[14.3664,45.8809],[14.3577,45.894],[14.3615,45.8949],[14.3638,45.9025],[14.3566,45.9012],[14.3541,45.902],[14.3548,45.9034],[14.3504,45.9051],[14.3495,45.9067],[14.3503,45.9079],[14.3468,45.9107],[14.347,45.9125],[14.3442,45.9166],[14.3435,45.9225],[14.3374,45.9289],[14.3354,45.9341],[14.339,45.9359],[14.3335,45.9449],[14.3383,45.9491],[14.3402,45.9489],[14.3384,45.9501],[14.339,45.9519],[14.3422,45.9524],[14.3394,45.9542],[14.3426,45.956],[14.3441,45.9596],[14.3437,45.9621],[14.3545,45.9652],[14.3678,45.9654]]]}},{"type":"Feature","properties":{"id":"110200000110276792","name":"Zagorje ob Savi"},"geometry":{"type":"Polygon","coordinates":[[[15.0675,46.0655],[15.0753,46.0711],[15.0779,46.0713],[15.0836,46.0679],[15.0857,46.0713],[15.0841,46.072],[15.0858,46.0753],[15.0832,46.0761],[15.0829,46.0774],[15.0778,46.0794],[15.0765,46.0812],[15.0786,46.0855],[15.0746,46.0872],[15.0687,46.0853],[15.0655,46.0873],[15.0684,46.0895],[15.0616,46.0908],[15.0574,46.0975],[15.0467,46.0929],[15.0502,46.0913],[15.0459,46.0896],[15.0364,46.0933],[15.0314,46.0972],[15.027,46.0984],[15.0254,46.0975],[15.0167,46.1021],[15.0043,46.1052],[15.0025,46.1075],[14.9979,46.1096],[15.0005,46.1131],[15.0079,46.1116],[15.0149,46.114],[15.0131,46.1168],[15.0182,46.1178],[15.0191,46.1193],[15.0217,46.1188],[15.0203,46.1202],[15.0243,46.1187],[15.0266,46.121],[15.0253,46.1219],[15.0321,46.1252],[15.0294,46.1273],[15.03,46.1298],[15.0327,46.1299],[15.0309,46.1318],[15.0326,46.1318],[15.0301,46.1336],[15.0268,46.1322],[15.0267,46.1345],[15.0235,46.1342],[15.024,46.1364],[15.0271,46.1369],[15.0245,46.1377],[15.0253,46.1379],[15.0249,46.1408],[15.0261,46.1412],[15.0199,46.1471],[15.024,46.1502],[15.0159,46.1512],[15.0181,46.1567],[15.0161,46.1576],[15.0173,46.1595],[15.0153,46.1608],[15.0149,46.1642],[15.0047,46.1629],[15.0031,46.1611],[15.0046,46.1598],[15.0019,46.1603],[15.0015,46.1652],[14.9986,46.1675],[14.9959,46.1669],[14.9959,46.1683],[14.9908,46.1682],[14.9896,46.1668],[14.9915,46.1652],[14.9872,46.1656],[14.9863,46.1635],[14.9833,46.1632],[14.9805,46.1648],[14.9917,46.1731],[14.995,46.1731],[15.0004,46.1759],[15.0071,46.1757],[15.0088,46.1769],[15.0095,46.1795],[15.0138,46.178],[15.0173,46.1783],[15.016,46.1828],[15.0026,46.1909],[14.9992,46.1902],[14.9994,46.1919],[15.0048,46.1936],[15.0034,46.1945],[15.0049,46.1958],[15.004,46.1966],[15.0054,46.1973],[15.004,46.1975],[14.9893,46.1945],[14.9852,46.1951],[14.9822,46.1972],[14.9775,46.1966],[14.9743,46.194],[14.9686,46.194],[14.9448,46.1863],[14.9355,46.187],[14.931,46.1858],[14.9253,46.1885],[14.9242,46.192],[14.9213,46.1952],[14.9096,46.1983],[14.9085,46.1996],[14.9097,46.1997],[14.9087,46.2078],[14.9041,46.206],[14.8976,46.2076],[14.897,46.2067],[14.8982,46.2055],[14.9002,46.2039],[14.9016,46.2],[14.9022,46.1975],[14.901,46.1962],[14.9028,46.1963],[14.9006,46.1921],[14.9029,46.188],[14.8974,46.1844],[14.8958,46.1827],[14.8963,46.1819],[14.8902,46.1814],[14.8884,46.1799],[14.8913,46.1767],[14.8901,46.1739],[14.8781,46.1776],[14.8767,46.1767],[14.871,46.1778],[14.8661,46.1755],[14.8613,46.175],[14.8589,46.1718],[14.8444,46.1695],[14.8118,46.1706],[14.8124,46.169],[14.8168,46.1659],[14.8214,46.1662],[14.8263,46.1648],[14.828,46.1625],[14.8258,46.1594],[14.8318,46.1564],[14.8305,46.1542],[14.8346,46.1511],[14.8351,46.149],[14.8382,46.1487],[14.8395,46.1467],[14.8416,46.1476],[14.843,46.1464],[14.8396,46.1408],[14.8294,46.1414],[14.8326,46.1398],[14.8389,46.1398],[14.8374,46.1371],[14.8381,46.1358],[14.8358,46.1349],[14.8339,46.1359],[14.8366,46.1304],[14.8349,46.1288],[14.8352,46.1265],[14.8408,46.1277],[14.8434,46.1263],[14.8514,46.129],[14.8541,46.1274],[14.8585,46.1284],[14.8587,46.1302],[14.8603,46.1309],[14.8621,46.1287],[14.8862,46.1283],[14.8897,46.1294],[14.8928,46.1281],[14.8912,46.1273],[14.8938,46.1266],[14.8941,46.1243],[14.8916,46.122],[14.8927,46.1205],[14.8941,46.121],[14.8923,46.119],[14.8933,46.1139],[14.8883,46.1104],[14.8879,46.1077],[14.8898,46.1052],[14.8931,46.1044],[14.893,46.1017],[14.8947,46.0996],[14.8934,46.0956],[14.9012,46.0911],[14.9098,46.0933],[14.9377,46.0913],[14.9471,46.0927],[14.9552,46.0958],[14.9617,46.1044],[14.9726,46.1106],[14.9822,46.1135],[14.9818,46.1122],[14.9893,46.1169],[14.9925,46.1168],[14.9981,46.1117],[14.9969,46.1074],[15.0016,46.1018],[15.0002,46.101],[15.0028,46.0999],[15.004,46.0979],[15.0007,46.0896],[14.9939,46.0879],[14.9926,46.0866],[14.9883,46.0874],[14.9861,46.0855],[14.9909,46.0821],[14.9899,46.078],[14.9938,46.0757],[14.9915,46.0753],[14.993,46.075],[14.9936,46.0724],[14.9926,46.0661],[14.9991,46.0641],[15.0011,46.0624],[15.0014,46.0604],[14.9926,46.0602],[14.9924,46.0587],[14.9864,46.0577],[14.988,46.0548],[14.9946,46.0524],[15.0002,46.0526],[15.0049,46.0508],[15.0162,46.0498],[15.0237,46.0535],[15.0249,46.0556],[15.0329,46.0584],[15.0341,46.0576],[15.0386,46.0604],[15.0433,46.0595],[15.0509,46.0624],[15.0596,46.0634],[15.0638,46.0656],[15.0675,46.0655]]]}},{"type":"Feature","properties":{"id":"110200000110276875","name":"Zreče"},"geometry":{"type":"Polygon","coordinates":[[[15.4213,46.3701],[15.4226,46.3744],[15.4086,46.376],[15.3966,46.3822],[15.3991,46.3836],[15.4018,46.3827],[15.4114,46.3831],[15.4112,46.3851],[15.4139,46.3861],[15.4128,46.3886],[15.4137,46.3899],[15.4185,46.3896],[15.4184,46.3921],[15.4139,46.3961],[15.4045,46.3986],[15.3988,46.404],[15.4028,46.4061],[15.4104,46.4048],[15.4102,46.4101],[15.4136,46.4137],[15.412,46.4192],[15.4193,46.4245],[15.415,46.4266],[15.4107,46.4268],[15.4081,46.4286],[15.408,46.4305],[15.4037,46.4311],[15.3992,46.4381],[15.3887,46.4322],[15.3763,46.4387],[15.3732,46.438],[15.3728,46.4433],[15.3678,46.4473],[15.3615,46.4486],[15.3531,46.4463],[15.3418,46.4488],[15.3435,46.4584],[15.334,46.4654],[15.3359,46.4697],[15.3337,46.4752],[15.3286,46.4743],[15.3247,46.4755],[15.3217,46.4746],[15.3188,46.4786],[15.314,46.4795],[15.3101,46.4797],[15.3105,46.4736],[15.3123,46.4689],[15.3174,46.4626],[15.3267,46.458],[15.3283,46.4554],[15.3249,46.4515],[15.3207,46.4493],[15.3263,46.4469],[15.3262,46.4448],[15.3236,46.444],[15.3277,46.4415],[15.3364,46.4414],[15.339,46.4435],[15.337,46.4466],[15.3376,46.4481],[15.3407,46.4454],[15.3438,46.4457],[15.3444,46.4441],[15.3434,46.4421],[15.3412,46.4444],[15.3343,46.439],[15.331,46.4414],[15.3278,46.4411],[15.3254,46.442],[15.3237,46.4384],[15.3203,46.4369],[15.3199,46.4356],[15.3215,46.4336],[15.3181,46.4322],[15.3196,46.4285],[15.3287,46.4212],[15.3249,46.4153],[15.3247,46.4054],[15.3298,46.4065],[15.3389,46.406],[15.3472,46.4029],[15.3546,46.4049],[15.3545,46.4014],[15.356,46.3992],[15.3544,46.3944],[15.3559,46.3926],[15.3553,46.3882],[15.3564,46.3862],[15.3532,46.3853],[15.3538,46.3822],[15.3463,46.3836],[15.347,46.3814],[15.3462,46.3805],[15.3411,46.381],[15.341,46.3768],[15.3364,46.3781],[15.3352,46.3765],[15.34,46.373],[15.3371,46.3734],[15.3349,46.3719],[15.3338,46.3728],[15.329,46.3708],[15.3322,46.3692],[15.3258,46.3641],[15.3332,46.3628],[15.3342,46.3553],[15.3332,46.3524],[15.3363,46.3509],[15.3369,46.349],[15.3324,46.3432],[15.3374,46.3442],[15.3579,46.3343],[15.3616,46.3333],[15.365,46.3341],[15.3694,46.3347],[15.3757,46.347],[15.377,46.3473],[15.3771,46.3521],[15.3852,46.3598],[15.3923,46.3623],[15.3975,46.3586],[15.4022,46.3508],[15.4044,46.3498],[15.4083,46.3523],[15.4078,46.3539],[15.4091,46.3542],[15.4095,46.3563],[15.4151,46.3576],[15.4176,46.3598],[15.415,46.3649],[15.4191,46.366],[15.4163,46.3698],[15.4183,46.3714],[15.4213,46.3701]]]}},{"type":"Feature","properties":{"id":"110200000110276958","name":"Žiri"},"geometry":{"type":"Polygon","coordinates":[[[14.1861,46.037],[14.1814,46.0392],[14.1773,46.0376],[14.1757,46.0384],[14.1764,46.04],[14.1729,46.0403],[14.1695,46.0424],[14.1637,46.0474],[14.1654,46.0494],[14.1543,46.0544],[14.1535,46.0578],[14.1547,46.0591],[14.1486,46.0592],[14.1481,46.0629],[14.1452,46.0651],[14.1467,46.0662],[14.1378,46.07],[14.1349,46.0731],[14.1316,46.0716],[14.1294,46.0737],[14.1271,46.0737],[14.127,46.075],[14.1208,46.0746],[14.1205,46.0768],[14.1098,46.0723],[14.1065,46.0725],[14.1024,46.0752],[14.0975,46.0747],[14.0916,46.0722],[14.0922,46.0736],[14.091,46.0752],[14.0889,46.0753],[14.0869,46.0732],[14.0858,46.0741],[14.0872,46.0766],[14.0856,46.0782],[14.0806,46.079],[14.0727,46.0774],[14.0695,46.0793],[14.0698,46.0806],[14.0663,46.082],[14.0626,46.0829],[14.0588,46.0818],[14.0565,46.0829],[14.0548,46.0818],[14.0518,46.0824],[14.0509,46.0842],[14.0485,46.085],[14.042,46.0843],[14.0384,46.0815],[14.0346,46.0829],[14.0333,46.0809],[14.0304,46.0809],[14.0281,46.0763],[14.0292,46.0754],[14.0282,46.0734],[14.0303,46.0721],[14.0358,46.0741],[14.0408,46.073],[14.0465,46.0752],[14.052,46.0709],[14.0565,46.0713],[14.0574,46.0691],[14.0556,46.0671],[14.0546,46.0617],[14.0563,46.0591],[14.0601,46.0591],[14.0592,46.058],[14.0621,46.0576],[14.066,46.0532],[14.0769,46.0503],[14.0773,46.0489],[14.0756,46.047],[14.0794,46.0447],[14.0788,46.042],[14.0806,46.0418],[14.0812,46.0392],[14.0786,46.0395],[14.0784,46.038],[14.0862,46.0376],[14.082,46.0308],[14.0803,46.0307],[14.0792,46.0282],[14.0763,46.0267],[14.0832,46.0276],[14.0855,46.0328],[14.0884,46.0307],[14.0895,46.0327],[14.093,46.0344],[14.0994,46.036],[14.1021,46.0348],[14.1023,46.0336],[14.0989,46.0313],[14.1045,46.027],[14.1021,46.0248],[14.1026,46.0216],[14.1089,46.0173],[14.1056,46.0149],[14.1046,46.0127],[14.1058,46.0122],[14.1047,46.0114],[14.1119,46.012],[14.114,46.0091],[14.1159,46.0089],[14.1143,46.0082],[14.1149,46.0069],[14.1215,46.0084],[14.1218,46.0039],[14.1233,46.0053],[14.1335,46.0034],[14.1339,46.0045],[14.1402,46.0046],[14.142,46.0076],[14.1441,46.0084],[14.1497,46.0079],[14.1478,46.0121],[14.1484,46.0142],[14.1505,46.0166],[14.1574,46.0164],[14.1564,46.0178],[14.1575,46.0212],[14.1676,46.0189],[14.1735,46.0203],[14.1755,46.023],[14.1735,46.0267],[14.176,46.0291],[14.1863,46.0323],[14.1861,46.037]]]}},{"type":"Feature","properties":{"id":"110200000110277097","name":"Hrpelje-Kozina"},"geometry":{"type":"Polygon","coordinates":[[[13.869,45.6093],[13.8688,45.6025],[13.8785,45.601],[13.8863,45.5885],[13.8833,45.5862],[13.8891,45.5777],[13.8921,45.5695],[13.8959,45.5662],[13.9005,45.5632],[13.9074,45.5646],[13.9113,45.5635],[13.9236,45.5478],[13.9622,45.5539],[13.9666,45.5462],[13.9802,45.5309],[13.9966,45.5201],[14.002,45.5201],[14.011,45.5199],[14.0267,45.5109],[14.0307,45.5067],[14.0422,45.4989],[14.0495,45.4986],[14.0556,45.4941],[14.0593,45.4937],[14.0691,45.4878],[14.0709,45.4853],[14.0918,45.4818],[14.1049,45.4828],[14.1182,45.4812],[14.1265,45.4844],[14.1275,45.4887],[14.1251,45.4917],[14.1311,45.49],[14.1229,45.5068],[14.1244,45.514],[14.1185,45.5117],[14.1151,45.5069],[14.1108,45.5082],[14.1046,45.5167],[14.0933,45.5182],[14.0907,45.5165],[14.0916,45.5235],[14.0963,45.525],[14.0997,45.5278],[14.1026,45.5326],[14.1013,45.5344],[14.1039,45.5386],[14.1006,45.5438],[14.1023,45.5476],[14.1062,45.5506],[14.1093,45.5506],[14.1121,45.5532],[14.1128,45.5559],[14.1116,45.5592],[14.1134,45.5653],[14.1183,45.5698],[14.1066,45.5727],[14.0991,45.567],[14.0984,45.5689],[14.0932,45.5707],[14.0951,45.575],[14.0923,45.5801],[14.0947,45.5868],[14.0944,45.5881],[14.0921,45.5885],[14.0962,45.5934],[14.1,45.5923],[14.1015,45.5932],[14.1079,45.5986],[14.1104,45.6035],[14.1155,45.6067],[14.1126,45.6086],[14.1076,45.6085],[14.0982,45.6127],[14.0971,45.6159],[14.0922,45.6133],[14.0821,45.6119],[14.0805,45.6089],[14.081,45.6047],[14.0789,45.6032],[14.0678,45.6002],[14.0588,45.6017],[14.058,45.6053],[14.0595,45.6085],[14.0617,45.611],[14.0687,45.6148],[14.0699,45.6172],[14.062,45.6164],[14.0591,45.6172],[14.0545,45.6162],[14.0521,45.6145],[14.049,45.6152],[14.0424,45.6142],[14.0397,45.6156],[14.0363,45.6149],[14.0318,45.6165],[14.0249,45.6134],[14.0224,45.6139],[14.0143,45.6167],[14.0107,45.6167],[14.0077,45.6192],[14.006,45.6227],[14.0035,45.6242],[13.9951,45.6253],[13.9951,45.6298],[13.9897,45.6313],[13.985,45.6359],[13.985,45.6349],[13.982,45.6369],[13.978,45.6366],[13.9727,45.6384],[13.947,45.6366],[13.9481,45.6399],[13.9471,45.6438],[13.9381,45.6414],[13.9357,45.6433],[13.9304,45.6414],[13.9193,45.6444],[13.9138,45.6429],[13.907,45.6426],[13.9,45.6442],[13.8988,45.6434],[13.9031,45.6426],[13.9187,45.6335],[13.9183,45.6312],[13.9011,45.6222],[13.8943,45.6202],[13.8905,45.6169],[13.8789,45.6115],[13.869,45.6093]]]}},{"type":"Feature","properties":{"id":"110200000110277170","name":"Ilirska Bistrica"},"geometry":{"type":"Polygon","coordinates":[[[14.0971,45.6159],[14.0982,45.6127],[14.1076,45.6085],[14.1126,45.6086],[14.1155,45.6067],[14.1104,45.6035],[14.1079,45.5986],[14.1015,45.5932],[14.1,45.5923],[14.0962,45.5934],[14.0921,45.5885],[14.0944,45.5881],[14.0947,45.5868],[14.0923,45.5801],[14.0951,45.575],[14.0932,45.5707],[14.0984,45.5689],[14.0991,45.567],[14.1066,45.5727],[14.1183,45.5698],[14.1134,45.5653],[14.1116,45.5592],[14.1128,45.5559],[14.1121,45.5532],[14.1093,45.5506],[14.1062,45.5506],[14.1023,45.5476],[14.1006,45.5438],[14.1039,45.5386],[14.1013,45.5344],[14.1026,45.5326],[14.0997,45.5278],[14.0963,45.525],[14.0916,45.5235],[14.0907,45.5165],[14.0933,45.5182],[14.1046,45.5167],[14.1108,45.5082],[14.1151,45.5069],[14.1185,45.5117],[14.1244,45.514],[14.1229,45.5068],[14.1311,45.49],[14.1251,45.4917],[14.1275,45.4887],[14.1265,45.4844],[14.1182,45.4812],[14.1365,45.475],[14.1432,45.475],[14.1504,45.4801],[14.154,45.481],[14.1729,45.4796],[14.2076,45.4693],[14.2065,45.4785],[14.2092,45.4798],[14.2063,45.4821],[14.2105,45.489],[14.2122,45.4885],[14.2143,45.4925],[14.22,45.4934],[14.2233,45.5014],[14.2306,45.5047],[14.2373,45.5058],[14.245,45.5054],[14.2497,45.4975],[14.255,45.4949],[14.2645,45.4828],[14.2679,45.4823],[14.2761,45.4892],[14.2864,45.4904],[14.291,45.4849],[14.306,45.4802],[14.3166,45.483],[14.32,45.4729],[14.3228,45.4704],[14.3282,45.4722],[14.3384,45.4796],[14.3421,45.4803],[14.3503,45.4856],[14.3609,45.484],[14.362,45.4852],[14.379,45.488],[14.387,45.4936],[14.3943,45.494],[14.4002,45.5008],[14.3984,45.5029],[14.4038,45.5048],[14.4079,45.5047],[14.4147,45.508],[14.4155,45.5099],[14.4215,45.509],[14.4225,45.5098],[14.4266,45.5085],[14.4276,45.5069],[14.4327,45.5097],[14.4358,45.5093],[14.4417,45.5165],[14.4576,45.5211],[14.4757,45.5338],[14.4898,45.5373],[14.4964,45.5467],[14.5005,45.5492],[14.4979,45.5517],[14.4994,45.5527],[14.4974,45.5604],[14.4979,45.5648],[14.5007,45.5671],[14.4991,45.5757],[14.5003,45.5776],[14.5018,45.5773],[14.5011,45.5789],[14.5022,45.5793],[14.4962,45.5806],[14.4925,45.5843],[14.4904,45.5846],[14.4808,45.5821],[14.4732,45.5837],[14.4724,45.5799],[14.462,45.5839],[14.4491,45.5816],[14.4422,45.5833],[14.4397,45.582],[14.4342,45.5822],[14.4377,45.5835],[14.4358,45.59],[14.4474,45.5881],[14.4507,45.5984],[14.4534,45.6],[14.4474,45.6008],[14.4469,45.6041],[14.4432,45.6072],[14.4422,45.6099],[14.4257,45.6122],[14.424,45.615],[14.4178,45.6185],[14.4204,45.622],[14.4241,45.6217],[14.4265,45.6235],[14.426,45.6281],[14.4232,45.6295],[14.4262,45.6311],[14.4279,45.6365],[14.4294,45.6376],[14.4277,45.6395],[14.4316,45.64],[14.4315,45.6418],[14.4299,45.643],[14.4307,45.6449],[14.4289,45.6461],[14.4146,45.6432],[14.4021,45.6436],[14.3948,45.6467],[14.3883,45.6446],[14.3852,45.6458],[14.3841,45.6443],[14.3792,45.6448],[14.3751,45.6491],[14.3781,45.6578],[14.3651,45.6718],[14.3492,45.6853],[14.3267,45.6784],[14.3262,45.6774],[14.3284,45.6767],[14.326,45.6743],[14.3284,45.6736],[14.3285,45.6722],[14.3259,45.6723],[14.3256,45.6709],[14.3339,45.6713],[14.3366,45.6701],[14.3396,45.6652],[14.3398,45.6631],[14.3384,45.6614],[14.3315,45.6604],[14.327,45.6618],[14.3208,45.6596],[14.3064,45.658],[14.3004,45.6552],[14.294,45.6573],[14.2848,45.6568],[14.2824,45.6592],[14.2736,45.6531],[14.2671,45.6506],[14.2585,45.6474],[14.2474,45.6447],[14.2445,45.6453],[14.241,45.6435],[14.2396,45.6424],[14.2398,45.6402],[14.2312,45.6347],[14.2314,45.6329],[14.219,45.6268],[14.2104,45.6269],[14.2049,45.6254],[14.1961,45.6291],[14.1876,45.6245],[14.1786,45.6224],[14.1644,45.6219],[14.1564,45.6271],[14.1442,45.6312],[14.1412,45.6354],[14.1329,45.6339],[14.1308,45.6324],[14.125,45.6362],[14.1191,45.6338],[14.1164,45.6307],[14.1157,45.6254],[14.1086,45.6213],[14.1025,45.6207],[14.0994,45.6255],[14.0971,45.625],[14.0958,45.6193],[14.0971,45.6159]]]}},{"type":"Feature","properties":{"id":"110200000110277253","name":"Jesenice"},"geometry":{"type":"Polygon","coordinates":[[[14.0065,46.4814],[14.0051,46.4791],[14.0093,46.4747],[14.0104,46.4701],[14.0089,46.4651],[14.0109,46.4599],[14.0094,46.4541],[14.011,46.4509],[14.0018,46.4513],[14.0085,46.4498],[14.0078,46.4483],[14.0008,46.4508],[13.9916,46.4509],[13.9871,46.4405],[13.9994,46.439],[14.0038,46.4349],[14.0113,46.4329],[14.0134,46.4309],[14.0239,46.4281],[14.0298,46.4282],[14.0343,46.4253],[14.0423,46.4263],[14.045,46.4221],[14.0582,46.42],[14.0645,46.4168],[14.0689,46.416],[14.0725,46.4127],[14.084,46.4073],[14.0861,46.4055],[14.0844,46.4044],[14.085,46.4028],[14.087,46.4014],[14.0932,46.4001],[14.0938,46.3987],[14.098,46.4005],[14.1058,46.4014],[14.1091,46.4036],[14.1117,46.4032],[14.1174,46.4058],[14.1233,46.4042],[14.1244,46.4021],[14.1244,46.4047],[14.1264,46.4062],[14.1268,46.4082],[14.1247,46.4085],[14.1252,46.4104],[14.1239,46.411],[14.1269,46.4134],[14.1228,46.4147],[14.1204,46.4192],[14.1238,46.4252],[14.1285,46.4286],[14.1305,46.4287],[14.1316,46.4305],[14.1325,46.4291],[14.1353,46.4302],[14.1358,46.4327],[14.1347,46.4337],[14.1456,46.439],[14.1534,46.4368],[14.1513,46.443],[14.1482,46.4431],[14.1421,46.4461],[14.135,46.451],[14.136,46.454],[14.1352,46.4586],[14.1283,46.4651],[14.1295,46.4664],[14.1244,46.472],[14.1204,46.4742],[14.1215,46.4766],[14.1057,46.4799],[14.1019,46.4789],[14.0993,46.4801],[14.0996,46.4819],[14.0946,46.4849],[14.0883,46.4854],[14.086,46.4866],[14.0705,46.4872],[14.0653,46.4895],[14.0583,46.49],[14.0514,46.4932],[14.0406,46.493],[14.0344,46.491],[14.032,46.4894],[14.031,46.4869],[14.026,46.486],[14.0244,46.4834],[14.0209,46.4816],[14.0065,46.4814]]]}},{"type":"Feature","properties":{"id":"110200000110277337","name":"Kamnik"},"geometry":{"type":"Polygon","coordinates":[[[14.6375,46.3641],[14.6145,46.3575],[14.5968,46.3598],[14.5924,46.3594],[14.5877,46.3549],[14.5652,46.3678],[14.5618,46.3638],[14.5401,46.3628],[14.5357,46.3576],[14.5465,46.3524],[14.55,46.3464],[14.5474,46.3441],[14.5476,46.341],[14.5416,46.3369],[14.54,46.333],[14.5376,46.3321],[14.5385,46.3287],[14.5406,46.3259],[14.5491,46.3223],[14.5505,46.3242],[14.555,46.3192],[14.5533,46.3149],[14.5425,46.3096],[14.5366,46.3035],[14.5366,46.2999],[14.5475,46.2908],[14.5486,46.2868],[14.5521,46.2857],[14.5533,46.2839],[14.5535,46.2806],[14.5496,46.2794],[14.549,46.2751],[14.559,46.2738],[14.5654,46.2714],[14.5615,46.2689],[14.5613,46.2675],[14.5635,46.2664],[14.5649,46.2625],[14.5695,46.2612],[14.5741,46.2563],[14.5676,46.2558],[14.5668,46.2546],[14.5679,46.2529],[14.5641,46.2508],[14.5641,46.2486],[14.566,46.2484],[14.5644,46.2474],[14.5682,46.2469],[14.5685,46.2456],[14.5649,46.2457],[14.5648,46.2439],[14.5636,46.2435],[14.56,46.2448],[14.5539,46.2425],[14.5556,46.2406],[14.5537,46.2368],[14.561,46.2365],[14.5586,46.2334],[14.5591,46.231],[14.5609,46.2297],[14.5606,46.2238],[14.5677,46.2221],[14.5657,46.2176],[14.5683,46.2169],[14.5675,46.2147],[14.5686,46.2115],[14.5673,46.211],[14.567,46.2085],[14.5695,46.2067],[14.5707,46.2029],[14.5718,46.2029],[14.5733,46.2003],[14.5811,46.1968],[14.5792,46.1928],[14.5781,46.1906],[14.5896,46.1874],[14.6007,46.1875],[14.6022,46.1859],[14.6018,46.1844],[14.6043,46.1824],[14.6093,46.1847],[14.6122,46.1847],[14.6146,46.1857],[14.6147,46.1877],[14.6158,46.1867],[14.6181,46.1889],[14.6241,46.1895],[14.631,46.1949],[14.6324,46.1943],[14.6375,46.2003],[14.6371,46.2016],[14.6415,46.2006],[14.6464,46.2017],[14.6476,46.2048],[14.6542,46.2075],[14.6551,46.206],[14.6534,46.2043],[14.6555,46.2023],[14.6582,46.2021],[14.6629,46.2048],[14.6682,46.2047],[14.6769,46.2007],[14.678,46.1986],[14.6829,46.1974],[14.6912,46.1993],[14.697,46.1962],[14.6996,46.1965],[14.6999,46.198],[14.7056,46.1968],[14.7066,46.1979],[14.7053,46.1996],[14.7075,46.2004],[14.7067,46.202],[14.7085,46.2047],[14.7128,46.2033],[14.7178,46.2047],[14.7228,46.2027],[14.7239,46.2038],[14.732,46.2021],[14.7375,46.2027],[14.7367,46.2015],[14.7402,46.2013],[14.7412,46.2001],[14.7402,46.1996],[14.744,46.1976],[14.7438,46.1943],[14.7504,46.1954],[14.7509,46.1918],[14.7525,46.1905],[14.7566,46.1902],[14.7572,46.1887],[14.7572,46.1905],[14.7614,46.1906],[14.7617,46.1893],[14.7649,46.1901],[14.7645,46.1956],[14.7633,46.1975],[14.7641,46.1981],[14.7762,46.1956],[14.7811,46.1984],[14.7877,46.1965],[14.7943,46.1983],[14.7992,46.1977],[14.8027,46.1999],[14.805,46.197],[14.8073,46.1994],[14.8083,46.2034],[14.8142,46.2008],[14.8169,46.2018],[14.8184,46.2005],[14.8241,46.2002],[14.8302,46.198],[14.8472,46.1975],[14.8539,46.2001],[14.8576,46.2034],[14.8771,46.2036],[14.8785,46.206],[14.8925,46.2084],[14.8982,46.2055],[14.897,46.2067],[14.8976,46.2076],[14.9041,46.206],[14.9087,46.2078],[14.9104,46.2087],[14.9083,46.2129],[14.9174,46.2151],[14.9195,46.213],[14.9213,46.2138],[14.9198,46.2154],[14.9282,46.2169],[14.9117,46.2195],[14.9128,46.2214],[14.9071,46.2276],[14.9077,46.2303],[14.9069,46.231],[14.8993,46.2289],[14.8947,46.2339],[14.8873,46.2336],[14.8852,46.2375],[14.8789,46.2407],[14.8699,46.2418],[14.8605,46.2454],[14.8542,46.2503],[14.8392,46.2507],[14.8258,46.2537],[14.8145,46.2534],[14.8046,46.2554],[14.7761,46.2499],[14.7705,46.2505],[14.7646,46.2536],[14.7602,46.2532],[14.7564,46.2506],[14.745,46.2554],[14.7391,46.2553],[14.7291,46.2578],[14.7046,46.2579],[14.6955,46.267],[14.6996,46.2705],[14.7019,46.2753],[14.7051,46.2781],[14.7054,46.2824],[14.7042,46.2848],[14.6821,46.2815],[14.6737,46.2838],[14.6773,46.2933],[14.6772,46.3002],[14.674,46.31],[14.6698,46.3137],[14.6581,46.3143],[14.6536,46.3186],[14.6483,46.3214],[14.6465,46.3242],[14.6424,46.3257],[14.6376,46.3309],[14.6405,46.3346],[14.6389,46.3364],[14.6378,46.3444],[14.6375,46.3641]]]}},{"type":"Feature","properties":{"id":"110200000110277410","name":"Kidričevo"},"geometry":{"type":"Polygon","coordinates":[[[15.7277,46.4289],[15.7219,46.4247],[15.7171,46.4236],[15.7072,46.4182],[15.6802,46.4085],[15.6809,46.4073],[15.6785,46.4074],[15.6649,46.4027],[15.6674,46.4008],[15.6862,46.4012],[15.6868,46.3969],[15.6832,46.3958],[15.6799,46.3966],[15.6784,46.3987],[15.678,46.399],[15.6706,46.3964],[15.6719,46.3943],[15.6847,46.3902],[15.6803,46.3854],[15.6814,46.3844],[15.6771,46.378],[15.6707,46.3832],[15.6681,46.3816],[15.6702,46.3796],[15.6652,46.3743],[15.6731,46.3694],[15.6802,46.3672],[15.691,46.3681],[15.7094,46.366],[15.721,46.368],[15.727,46.3661],[15.7447,46.365],[15.757,46.3674],[15.7675,46.3664],[15.7718,46.3672],[15.7715,46.3642],[15.7853,46.3621],[15.7917,46.3629],[15.7914,46.361],[15.7931,46.3613],[15.7938,46.3595],[15.7931,46.3572],[15.8121,46.3577],[15.8131,46.364],[15.812,46.3661],[15.8143,46.3662],[15.8123,46.3697],[15.8148,46.37],[15.8138,46.3873],[15.8233,46.3963],[15.8173,46.3999],[15.8173,46.4028],[15.816,46.4039],[15.8184,46.4052],[15.8183,46.4063],[15.815,46.4068],[15.815,46.4084],[15.8137,46.4081],[15.8127,46.4096],[15.811,46.4084],[15.8088,46.4098],[15.8072,46.4083],[15.8067,46.4188],[15.7994,46.4201],[15.8004,46.4228],[15.7975,46.4239],[15.7996,46.4261],[15.7987,46.4269],[15.7919,46.4271],[15.7916,46.4303],[15.7935,46.4321],[15.789,46.4353],[15.7795,46.4388],[15.7707,46.4325],[15.771,46.4314],[15.7674,46.4278],[15.7539,46.431],[15.752,46.4271],[15.7492,46.432],[15.7368,46.4347],[15.7277,46.4289]]]}},{"type":"Feature","properties":{"id":"110200000110277501","name":"Kobilje"},"geometry":{"type":"Polygon","coordinates":[[[16.3528,46.6825],[16.3537,46.6802],[16.3529,46.6745],[16.3574,46.6754],[16.3619,46.6733],[16.3707,46.668],[16.3717,46.6644],[16.3828,46.6613],[16.3934,46.6618],[16.3915,46.6637],[16.3959,46.6647],[16.4034,46.6612],[16.4031,46.6588],[16.4082,46.6596],[16.4198,46.6585],[16.4206,46.6625],[16.4183,46.6645],[16.4233,46.667],[16.4254,46.6704],[16.4253,46.6716],[16.4203,46.6741],[16.4209,46.6763],[16.4256,46.679],[16.4218,46.6794],[16.4213,46.6804],[16.4232,46.6862],[16.4286,46.694],[16.424,46.6958],[16.415,46.6954],[16.4027,46.6974],[16.3817,46.698],[16.3685,46.7042],[16.3652,46.7007],[16.3644,46.6971],[16.3607,46.6973],[16.3583,46.6946],[16.3571,46.6886],[16.3551,46.6882],[16.3528,46.6825]]]}},{"type":"Feature","properties":{"id":"110200000110277683","name":"Komen"},"geometry":{"type":"Polygon","coordinates":[[[13.7082,45.775],[13.7122,45.7779],[13.7226,45.7807],[13.7306,45.7794],[13.7337,45.782],[13.7342,45.7797],[13.7354,45.7793],[13.7424,45.7781],[13.7454,45.7794],[13.7428,45.7846],[13.7388,45.7841],[13.736,45.7869],[13.7359,45.79],[13.7401,45.7944],[13.7442,45.7873],[13.7635,45.7852],[13.7687,45.7879],[13.7865,45.7885],[13.7913,45.7918],[13.8003,45.7939],[13.8005,45.7952],[13.804,45.7906],[13.8138,45.7943],[13.8265,45.7933],[13.8329,45.794],[13.8354,45.7956],[13.8345,45.7982],[13.8366,45.8003],[13.8417,45.7982],[13.8421,45.7965],[13.8508,45.7984],[13.8617,45.8016],[13.8656,45.8076],[13.8734,45.81],[13.8744,45.8078],[13.8784,45.8083],[13.8791,45.8049],[13.8877,45.8053],[13.8883,45.8064],[13.8898,45.8048],[13.8958,45.8043],[13.8937,45.8021],[13.8946,45.8016],[13.899,45.8062],[13.9079,45.8115],[13.9061,45.8146],[13.9013,45.8144],[13.903,45.818],[13.8997,45.817],[13.8962,45.8179],[13.8977,45.8204],[13.8959,45.8224],[13.8978,45.8236],[13.893,45.8253],[13.891,45.8243],[13.8921,45.8288],[13.889,45.8297],[13.8788,45.8261],[13.874,45.8267],[13.8734,45.8245],[13.8718,45.824],[13.8687,45.8261],[13.8668,45.8249],[13.8623,45.8249],[13.8533,45.827],[13.8501,45.8291],[13.8469,45.8282],[13.8445,45.8318],[13.839,45.8338],[13.8413,45.8342],[13.8402,45.8354],[13.8374,45.8364],[13.8396,45.8385],[13.8373,45.8378],[13.8331,45.839],[13.8289,45.8406],[13.8266,45.8438],[13.8241,45.8431],[13.8193,45.8451],[13.8176,45.8418],[13.8148,45.8411],[13.81,45.8421],[13.8128,45.8377],[13.8106,45.8348],[13.7949,45.8342],[13.7944,45.8353],[13.7898,45.8338],[13.7768,45.8405],[13.7716,45.8411],[13.765,45.8483],[13.7519,45.8529],[13.7476,45.8568],[13.7158,45.8634],[13.7194,45.8569],[13.7154,45.8476],[13.7159,45.8433],[13.7142,45.8435],[13.7078,45.8401],[13.7024,45.8352],[13.6922,45.8362],[13.6895,45.8348],[13.6825,45.8161],[13.6737,45.8161],[13.6725,45.817],[13.6716,45.816],[13.657,45.8158],[13.6426,45.8197],[13.5971,45.8195],[13.5962,45.8115],[13.5973,45.8107],[13.5962,45.8106],[13.5959,45.8081],[13.6041,45.804],[13.6141,45.8031],[13.6238,45.8002],[13.6241,45.796],[13.6375,45.8014],[13.6377,45.7981],[13.6581,45.8004],[13.6694,45.7997],[13.6746,45.7906],[13.6793,45.7942],[13.7082,45.775]]]}},{"type":"Feature","properties":{"id":"110200000110277766","name":"Koper"},"geometry":{"type":"Polygon","coordinates":[[[14.002,45.5201],[13.9966,45.5201],[13.9802,45.5309],[13.9666,45.5462],[13.9622,45.5539],[13.9236,45.5478],[13.9113,45.5635],[13.9074,45.5646],[13.9005,45.5632],[13.8959,45.5662],[13.8921,45.5695],[13.8891,45.5777],[13.8833,45.5862],[13.8863,45.5885],[13.8785,45.601],[13.8688,45.6025],[13.869,45.6093],[13.868,45.6016],[13.8654,45.5964],[13.8602,45.5954],[13.8534,45.5921],[13.8507,45.5891],[13.8511,45.5847],[13.8487,45.5851],[13.8496,45.5847],[13.8391,45.5822],[13.8101,45.5809],[13.7985,45.5827],[13.7871,45.5828],[13.781,45.584],[13.7686,45.589],[13.7684,45.5901],[13.7649,45.5901],[13.7469,45.5979],[13.7354,45.5962],[13.7355,45.5925],[13.7258,45.5928],[13.7269,45.591],[13.7239,45.5901],[13.7253,45.5887],[13.7248,45.5862],[13.7293,45.5852],[13.7318,45.5868],[13.7313,45.588],[13.7343,45.5887],[13.7385,45.5868],[13.7408,45.5872],[13.7417,45.5857],[13.7442,45.5868],[13.7436,45.5849],[13.7465,45.5829],[13.746,45.5811],[13.7535,45.5802],[13.7539,45.5775],[13.7595,45.5783],[13.7607,45.5762],[13.7663,45.5756],[13.768,45.5743],[13.7706,45.5685],[13.7691,45.5661],[13.7705,45.5638],[13.7642,45.5614],[13.7608,45.5582],[13.7577,45.5572],[13.7517,45.5587],[13.741,45.5581],[13.7319,45.5574],[13.73,45.5529],[13.7386,45.5531],[13.7387,45.5523],[13.734,45.5505],[13.7278,45.5506],[13.7228,45.5489],[13.7221,45.5484],[13.7245,45.5488],[13.7238,45.5481],[13.7254,45.547],[13.7197,45.5427],[13.7104,45.5468],[13.6935,45.5479],[13.6898,45.5433],[13.692,45.5402],[13.6897,45.5386],[13.692,45.538],[13.6941,45.5333],[13.6908,45.5321],[13.6911,45.5245],[13.6894,45.5241],[13.6898,45.5219],[13.693,45.5196],[13.6924,45.516],[13.6816,45.5053],[13.6813,45.5028],[13.676,45.4944],[13.6812,45.4957],[13.689,45.4938],[13.708,45.4922],[13.7122,45.4904],[13.7113,45.4881],[13.7124,45.486],[13.709,45.4826],[13.7044,45.4739],[13.6992,45.4748],[13.6976,45.4724],[13.6899,45.4677],[13.6874,45.4696],[13.6885,45.4674],[13.6854,45.4637],[13.6863,45.4625],[13.6844,45.4614],[13.6869,45.4603],[13.6875,45.4576],[13.6842,45.455],[13.6789,45.4579],[13.6797,45.4554],[13.6843,45.451],[13.6774,45.4497],[13.6766,45.4512],[13.6735,45.4495],[13.6734,45.4478],[13.671,45.4475],[13.6702,45.4455],[13.6751,45.4425],[13.6776,45.4432],[13.6767,45.4446],[13.6819,45.4444],[13.6851,45.4459],[13.6852,45.4472],[13.6893,45.4483],[13.6959,45.4524],[13.697,45.4541],[13.7018,45.4542],[13.7029,45.4564],[13.707,45.4574],[13.7081,45.4567],[13.7066,45.4554],[13.7082,45.4524],[13.723,45.4562],[13.7252,45.4556],[13.7243,45.459],[13.7264,45.4599],[13.7312,45.4588],[13.7398,45.4614],[13.7508,45.4605],[13.759,45.4622],[13.766,45.4672],[13.7695,45.4649],[13.7735,45.4656],[13.7764,45.4639],[13.7809,45.4664],[13.7862,45.4664],[13.7977,45.4627],[13.8074,45.4569],[13.808,45.455],[13.8049,45.4517],[13.805,45.4461],[13.8029,45.4441],[13.8142,45.441],[13.8149,45.4343],[13.8266,45.4355],[13.8509,45.4326],[13.851,45.4311],[13.8553,45.4286],[13.8544,45.4257],[13.8617,45.428],[13.8638,45.4264],[13.8644,45.4275],[13.8768,45.4268],[13.8776,45.4251],[13.8785,45.4254],[13.8778,45.4268],[13.8871,45.4259],[13.8871,45.4298],[13.8927,45.4379],[13.8978,45.4383],[13.8973,45.4418],[13.9074,45.4468],[13.91,45.4493],[13.9092,45.4512],[13.9147,45.4536],[13.9237,45.4522],[13.9258,45.4525],[13.9258,45.4539],[13.9441,45.4542],[13.9467,45.4565],[13.957,45.4556],[13.9707,45.4476],[13.9726,45.4501],[13.9849,45.456],[13.9854,45.4584],[13.9872,45.459],[13.9853,45.4616],[13.9867,45.4666],[13.9849,45.4686],[13.988,45.4704],[13.9904,45.4701],[13.9968,45.4723],[13.9863,45.4824],[13.9925,45.4824],[13.9819,45.4912],[13.9769,45.4938],[13.9656,45.4962],[13.9622,45.506],[13.9659,45.5083],[13.9682,45.5118],[13.9756,45.515],[13.9784,45.5148],[13.9876,45.5097],[14.0019,45.5081],[13.9975,45.5156],[14.002,45.5201]]]}},{"type":"Feature","properties":{"id":"110200000110277840","name":"Kranj"},"geometry":{"type":"Polygon","coordinates":[[[14.3954,46.1577],[14.4046,46.1625],[14.4133,46.1636],[14.4226,46.1676],[14.4143,46.1731],[14.4132,46.1766],[14.4085,46.1814],[14.4082,46.1877],[14.4054,46.1901],[14.4039,46.1923],[14.407,46.1965],[14.3976,46.2019],[14.3921,46.2113],[14.3857,46.215],[14.3884,46.2181],[14.3918,46.2192],[14.3948,46.2169],[14.3972,46.2186],[14.4018,46.2168],[14.4057,46.2215],[14.4034,46.222],[14.4067,46.2264],[14.3971,46.232],[14.3981,46.2383],[14.3965,46.2385],[14.3964,46.2434],[14.3992,46.2452],[14.3979,46.2506],[14.4067,46.2516],[14.4045,46.2529],[14.406,46.2542],[14.402,46.2584],[14.403,46.2599],[14.3952,46.2629],[14.3978,46.2639],[14.3949,46.2646],[14.395,46.2664],[14.3974,46.2677],[14.4011,46.2664],[14.4015,46.27],[14.4041,46.2705],[14.4049,46.2728],[14.4075,46.2728],[14.4069,46.2739],[14.409,46.2754],[14.415,46.274],[14.4165,46.2769],[14.4132,46.2769],[14.4111,46.2797],[14.4152,46.2864],[14.4115,46.2874],[14.4123,46.2888],[14.4065,46.29],[14.406,46.2912],[14.4015,46.291],[14.3997,46.2886],[14.396,46.2874],[14.3955,46.2889],[14.39,46.2909],[14.3778,46.2843],[14.3769,46.2818],[14.3753,46.2819],[14.3736,46.2843],[14.3744,46.286],[14.3729,46.2873],[14.3739,46.2881],[14.3726,46.2885],[14.3731,46.2895],[14.3677,46.2913],[14.3681,46.2962],[14.3706,46.2961],[14.3703,46.3001],[14.3635,46.3044],[14.3648,46.306],[14.3748,46.3006],[14.3767,46.3025],[14.3776,46.3005],[14.3807,46.3],[14.3793,46.2967],[14.3873,46.3006],[14.3864,46.3042],[14.3892,46.3096],[14.3884,46.311],[14.3904,46.3119],[14.3893,46.3138],[14.3915,46.3168],[14.3915,46.3215],[14.3903,46.3225],[14.4046,46.3502],[14.3879,46.3488],[14.3852,46.3472],[14.379,46.3486],[14.3762,46.3477],[14.362,46.3487],[14.3572,46.3505],[14.3532,46.3496],[14.3484,46.3415],[14.3458,46.3395],[14.3476,46.3368],[14.3401,46.3366],[14.3367,46.3382],[14.3338,46.3351],[14.3242,46.3352],[14.3242,46.3319],[14.3273,46.3282],[14.324,46.3281],[14.3271,46.3264],[14.3274,46.3227],[14.3262,46.322],[14.327,46.3197],[14.3258,46.3176],[14.326,46.3163],[14.329,46.3153],[14.3285,46.3136],[14.3303,46.3113],[14.3275,46.3113],[14.327,46.3132],[14.3247,46.3135],[14.3198,46.3111],[14.3247,46.304],[14.3065,46.2966],[14.3092,46.2947],[14.3088,46.2919],[14.3101,46.2892],[14.3107,46.2903],[14.3142,46.2901],[14.319,46.2859],[14.3218,46.2855],[14.3232,46.2831],[14.3211,46.2798],[14.3233,46.2799],[14.3296,46.2768],[14.338,46.2773],[14.3384,46.2703],[14.3355,46.2699],[14.3344,46.2636],[14.3333,46.2632],[14.3336,46.2604],[14.3299,46.2615],[14.3274,46.2604],[14.3281,46.2563],[14.3317,46.2538],[14.3274,46.2498],[14.3204,46.2527],[14.3185,46.2571],[14.3111,46.2638],[14.2941,46.268],[14.2909,46.2701],[14.2729,46.2729],[14.2686,46.2725],[14.2661,46.2707],[14.2545,46.2719],[14.2509,46.2705],[14.2471,46.2723],[14.2458,46.2707],[14.2405,46.2709],[14.2377,46.2695],[14.2356,46.2706],[14.2359,46.2724],[14.2332,46.2709],[14.234,46.2697],[14.2302,46.2679],[14.2292,46.2692],[14.2308,46.2715],[14.2246,46.2732],[14.2238,46.2772],[14.2213,46.2772],[14.2203,46.2754],[14.2146,46.2768],[14.2082,46.2749],[14.2072,46.2788],[14.2078,46.2811],[14.2093,46.2812],[14.2065,46.2821],[14.2033,46.2806],[14.2019,46.2775],[14.1977,46.2772],[14.1958,46.2756],[14.1921,46.2781],[14.1833,46.278],[14.1798,46.2811],[14.1763,46.2817],[14.1638,46.2791],[14.1702,46.2754],[14.1787,46.2749],[14.1865,46.2712],[14.1888,46.2689],[14.191,46.2615],[14.1945,46.261],[14.1949,46.2569],[14.1974,46.2531],[14.2051,46.2532],[14.2034,46.2496],[14.2056,46.2475],[14.218,46.2466],[14.2199,46.2481],[14.2219,46.246],[14.2251,46.2483],[14.2289,46.2456],[14.229,46.2492],[14.2333,46.2502],[14.2327,46.252],[14.2331,46.2525],[14.2354,46.2464],[14.2448,46.2413],[14.2476,46.2413],[14.253,46.241],[14.2603,46.2378],[14.269,46.2386],[14.2719,46.2373],[14.2718,46.2355],[14.2737,46.2341],[14.2762,46.2342],[14.2817,46.2305],[14.2808,46.2283],[14.2784,46.2283],[14.275,46.2252],[14.2796,46.2232],[14.2767,46.222],[14.2774,46.2207],[14.2715,46.2208],[14.2689,46.2187],[14.2669,46.2195],[14.2651,46.2185],[14.2659,46.2161],[14.2631,46.2148],[14.2633,46.2108],[14.2658,46.2094],[14.2654,46.2107],[14.2677,46.2115],[14.2731,46.2114],[14.2753,46.2095],[14.2761,46.2062],[14.2772,46.2061],[14.2781,46.2091],[14.284,46.2077],[14.2861,46.2089],[14.2865,46.2117],[14.2894,46.2125],[14.2916,46.2114],[14.2962,46.2031],[14.2977,46.2029],[14.2976,46.2007],[14.3033,46.2017],[14.3052,46.2003],[14.3093,46.2015],[14.3123,46.2005],[14.3116,46.1981],[14.3159,46.1977],[14.3257,46.2001],[14.3259,46.1989],[14.3309,46.1955],[14.3301,46.195],[14.3317,46.192],[14.3337,46.1927],[14.3395,46.188],[14.3441,46.1891],[14.3448,46.1868],[14.354,46.1886],[14.3553,46.1894],[14.3548,46.1929],[14.3569,46.1923],[14.3718,46.1961],[14.3726,46.1947],[14.3699,46.1939],[14.3707,46.1925],[14.3683,46.1917],[14.3675,46.1933],[14.3665,46.1929],[14.3672,46.1918],[14.3638,46.1903],[14.362,46.1916],[14.3602,46.1909],[14.3607,46.1892],[14.3592,46.1886],[14.3584,46.1861],[14.3609,46.1828],[14.3624,46.1778],[14.3694,46.1781],[14.3672,46.1823],[14.3794,46.1839],[14.3954,46.1577]]]}},{"type":"Feature","properties":{"id":"110200000110277923","name":"Kranjska Gora"},"geometry":{"type":"Polygon","coordinates":[[[14.0065,46.4814],[13.9979,46.487],[13.9895,46.4883],[13.9888,46.4929],[13.9756,46.4983],[13.9697,46.4968],[13.9611,46.5007],[13.9598,46.5029],[13.9525,46.5063],[13.9525,46.5074],[13.9486,46.5081],[13.9429,46.5115],[13.928,46.5138],[13.9231,46.5186],[13.912,46.5211],[13.9012,46.5188],[13.882,46.5228],[13.8788,46.5191],[13.8714,46.5192],[13.8624,46.5151],[13.8553,46.5139],[13.8379,46.516],[13.8343,46.5184],[13.8313,46.5187],[13.8286,46.5169],[13.8292,46.5153],[13.8271,46.5136],[13.8221,46.5127],[13.8208,46.5105],[13.8173,46.5101],[13.8122,46.5062],[13.8046,46.507],[13.7947,46.5053],[13.792,46.5079],[13.7897,46.5077],[13.7801,46.5121],[13.7781,46.5174],[13.7663,46.5145],[13.7541,46.518],[13.7374,46.5171],[13.7262,46.522],[13.7258,46.5231],[13.7141,46.523],[13.7171,46.5142],[13.7158,46.5098],[13.7166,46.5068],[13.7038,46.5016],[13.7025,46.4987],[13.7038,46.4979],[13.703,46.4958],[13.705,46.495],[13.7055,46.492],[13.7041,46.4909],[13.7031,46.4848],[13.7101,46.4818],[13.7072,46.4782],[13.7009,46.4744],[13.6994,46.4711],[13.6937,46.4679],[13.6937,46.4647],[13.6964,46.4626],[13.6988,46.4567],[13.6942,46.4495],[13.6937,46.4438],[13.6892,46.44],[13.6852,46.4395],[13.684,46.4375],[13.684,46.4343],[13.6804,46.4319],[13.68,46.4301],[13.6812,46.4285],[13.6787,46.4254],[13.6763,46.4245],[13.6812,46.4196],[13.6879,46.4229],[13.6931,46.4233],[13.6973,46.4256],[13.7055,46.4259],[13.7145,46.4296],[13.7168,46.4292],[13.7266,46.436],[13.739,46.4391],[13.7406,46.4361],[13.7466,46.4341],[13.7503,46.4275],[13.7541,46.4256],[13.7617,46.4236],[13.7697,46.4247],[13.7722,46.4223],[13.7785,46.4229],[13.7928,46.4163],[13.7923,46.414],[13.799,46.4136],[13.8009,46.41],[13.8069,46.4108],[13.8118,46.4099],[13.8138,46.4076],[13.8112,46.4046],[13.8135,46.4004],[13.8126,46.3981],[13.8163,46.3943],[13.8154,46.3905],[13.814,46.3899],[13.8145,46.3884],[13.8238,46.3813],[13.8271,46.3809],[13.8318,46.3827],[13.8356,46.3815],[13.8367,46.3783],[13.8433,46.3768],[13.881,46.392],[13.8938,46.3957],[13.9068,46.4036],[13.9198,46.4063],[13.9261,46.4062],[13.9296,46.4093],[13.9315,46.4159],[13.9402,46.4263],[13.957,46.4301],[13.9673,46.4303],[13.9697,46.4292],[13.9719,46.4357],[13.9701,46.4388],[13.9716,46.4404],[13.9753,46.442],[13.9856,46.4396],[13.9871,46.4405],[13.9916,46.4509],[14.0008,46.4508],[14.0078,46.4483],[14.0085,46.4498],[14.0018,46.4513],[14.011,46.4509],[14.0094,46.4541],[14.0109,46.4599],[14.0089,46.4651],[14.0104,46.4701],[14.0093,46.4747],[14.0051,46.4791],[14.0065,46.4814]]]}},{"type":"Feature","properties":{"id":"110200000110278061","name":"Kuzma"},"geometry":{"type":"Polygon","coordinates":[[[16.0582,46.813],[16.0634,46.8112],[16.0724,46.8107],[16.0781,46.8176],[16.0864,46.8211],[16.089,46.8264],[16.0948,46.8309],[16.0984,46.8266],[16.1099,46.8274],[16.1148,46.8248],[16.1304,46.8285],[16.1275,46.8315],[16.1249,46.832],[16.1299,46.8363],[16.1249,46.8399],[16.1285,46.8425],[16.1337,46.8403],[16.1357,46.8411],[16.1374,46.846],[16.1353,46.8506],[16.1361,46.8514],[16.133,46.8537],[16.1348,46.8561],[16.132,46.8572],[16.1266,46.8569],[16.1248,46.863],[16.1171,46.8636],[16.1168,46.8671],[16.1114,46.8692],[16.1067,46.8652],[16.1012,46.8628],[16.1,46.8607],[16.0981,46.8606],[16.0959,46.8641],[16.0919,46.8646],[16.0895,46.8631],[16.0878,46.8594],[16.0819,46.8558],[16.0793,46.8527],[16.0715,46.8531],[16.0695,46.8509],[16.0656,46.8499],[16.066,46.8461],[16.0584,46.8387],[16.0576,46.8343],[16.059,46.8282],[16.0548,46.8223],[16.0545,46.8205],[16.0559,46.8203],[16.0543,46.8181],[16.0582,46.813]]]}},{"type":"Feature","properties":{"id":"110200000110278145","name":"Laško"},"geometry":{"type":"Polygon","coordinates":[[[15.1828,46.0784],[15.1852,46.0804],[15.183,46.0814],[15.1857,46.0841],[15.1891,46.0831],[15.1968,46.086],[15.1988,46.0823],[15.2077,46.0817],[15.2175,46.0873],[15.2305,46.0783],[15.2342,46.0772],[15.2489,46.0773],[15.254,46.0805],[15.2577,46.0793],[15.2564,46.082],[15.2624,46.0843],[15.2616,46.0878],[15.2632,46.089],[15.2673,46.0851],[15.2668,46.0806],[15.2679,46.0778],[15.2657,46.0751],[15.2687,46.0738],[15.2715,46.0741],[15.272,46.0757],[15.2766,46.0739],[15.2766,46.0726],[15.2747,46.0719],[15.2763,46.0701],[15.2753,46.0708],[15.2727,46.0695],[15.2724,46.0674],[15.2744,46.0656],[15.2727,46.0643],[15.272,46.0594],[15.2785,46.0587],[15.2783,46.0578],[15.2826,46.0551],[15.282,46.0669],[15.2803,46.0678],[15.2819,46.0689],[15.2982,46.068],[15.3032,46.071],[15.304,46.0726],[15.3163,46.0752],[15.3277,46.0739],[15.3299,46.0724],[15.3359,46.0738],[15.3407,46.0722],[15.3487,46.0722],[15.3514,46.0733],[15.3562,46.0723],[15.3587,46.0742],[15.3627,46.0758],[15.3619,46.0787],[15.366,46.0798],[15.364,46.0829],[15.3657,46.0846],[15.372,46.0865],[15.3724,46.0881],[15.3745,46.0873],[15.3731,46.0914],[15.3746,46.0941],[15.3754,46.1008],[15.3674,46.1028],[15.3681,46.1062],[15.367,46.107],[15.3683,46.1098],[15.3737,46.1107],[15.3732,46.1119],[15.3751,46.1126],[15.3753,46.1155],[15.3734,46.1157],[15.3731,46.1145],[15.3715,46.116],[15.3693,46.1214],[15.3655,46.1256],[15.3664,46.1263],[15.3644,46.1278],[15.3659,46.1298],[15.3654,46.1337],[15.363,46.1362],[15.3616,46.1399],[15.3571,46.1421],[15.3569,46.1448],[15.3508,46.1498],[15.3539,46.1522],[15.355,46.1558],[15.3691,46.1589],[15.3691,46.1671],[15.3677,46.1693],[15.3716,46.1721],[15.367,46.1759],[15.3623,46.183],[15.3553,46.1828],[15.3551,46.1811],[15.3511,46.1796],[15.342,46.1795],[15.3409,46.1774],[15.3355,46.1762],[15.3308,46.1764],[15.329,46.1795],[15.3274,46.1775],[15.3283,46.1722],[15.3219,46.1717],[15.3201,46.1667],[15.3084,46.1661],[15.2977,46.1632],[15.2969,46.1654],[15.2894,46.1644],[15.2813,46.1667],[15.2792,46.1725],[15.2827,46.1743],[15.2913,46.1742],[15.2917,46.1767],[15.2953,46.175],[15.2958,46.1759],[15.2929,46.1804],[15.2963,46.1799],[15.294,46.1823],[15.299,46.183],[15.2968,46.1871],[15.2943,46.1869],[15.2939,46.1878],[15.2951,46.188],[15.2941,46.1894],[15.2917,46.1886],[15.2871,46.1907],[15.2795,46.1919],[15.2668,46.1909],[15.2539,46.1919],[15.2518,46.1995],[15.2479,46.2009],[15.2438,46.1982],[15.2404,46.1981],[15.2377,46.1953],[15.231,46.1944],[15.2302,46.1934],[15.2317,46.1916],[15.2303,46.1902],[15.2276,46.1891],[15.2277,46.1914],[15.2221,46.1889],[15.22,46.1913],[15.221,46.1933],[15.2154,46.1933],[15.2094,46.1911],[15.2142,46.1971],[15.2108,46.1977],[15.2026,46.1927],[15.2035,46.1922],[15.2024,46.1918],[15.2022,46.1867],[15.1992,46.1856],[15.1932,46.1863],[15.1912,46.1854],[15.189,46.1874],[15.1857,46.1878],[15.1851,46.1853],[15.1809,46.1866],[15.1767,46.1858],[15.1755,46.1838],[15.1675,46.1835],[15.1628,46.1865],[15.1685,46.1897],[15.1629,46.1909],[15.1625,46.1935],[15.1549,46.1888],[15.1511,46.19],[15.1462,46.1859],[15.1323,46.1852],[15.1191,46.1817],[15.1113,46.1817],[15.1159,46.1802],[15.1156,46.1784],[15.1188,46.1772],[15.1205,46.1742],[15.1227,46.1743],[15.1221,46.172],[15.125,46.1704],[15.1237,46.1702],[15.1233,46.1667],[15.1305,46.1662],[15.1261,46.1584],[15.1311,46.1562],[15.1363,46.1564],[15.1459,46.1595],[15.1507,46.1563],[15.1494,46.1541],[15.15,46.1526],[15.1577,46.1507],[15.1561,46.1451],[15.1574,46.1408],[15.1689,46.1379],[15.1706,46.1334],[15.174,46.1335],[15.1753,46.1318],[15.174,46.1271],[15.18,46.126],[15.1794,46.1199],[15.1823,46.1193],[15.181,46.1156],[15.1883,46.1111],[15.1889,46.1099],[15.1814,46.1093],[15.1802,46.1075],[15.1778,46.1088],[15.1732,46.1071],[15.1697,46.1026],[15.1703,46.1],[15.1598,46.1047],[15.1539,46.1043],[15.1516,46.1076],[15.1456,46.1085],[15.1431,46.1125],[15.1376,46.1112],[15.1399,46.1074],[15.1389,46.1058],[15.1351,46.1061],[15.1338,46.1046],[15.151,46.0966],[15.155,46.0931],[15.1589,46.0885],[15.1678,46.0867],[15.1715,46.0839],[15.171,46.0807],[15.1721,46.0786],[15.1746,46.0777],[15.1828,46.0784]]]}},{"type":"Feature","properties":{"id":"110200000110278228","name":"Lendava"},"geometry":{"type":"Polygon","coordinates":[[[16.3441,46.5411],[16.3462,46.5428],[16.3531,46.5438],[16.3558,46.5422],[16.3552,46.5385],[16.3588,46.5385],[16.3587,46.5427],[16.3516,46.5458],[16.3527,46.549],[16.3552,46.5485],[16.3555,46.5458],[16.3583,46.5448],[16.361,46.5466],[16.3667,46.5473],[16.3656,46.5528],[16.3675,46.5548],[16.3743,46.5527],[16.3804,46.5525],[16.3822,46.5506],[16.381,46.5486],[16.3757,46.5471],[16.3709,46.5474],[16.3693,46.545],[16.3758,46.5411],[16.3805,46.5407],[16.3818,46.5425],[16.3845,46.5421],[16.3861,46.5404],[16.3869,46.5361],[16.3963,46.536],[16.4007,46.5396],[16.4027,46.5394],[16.4041,46.5377],[16.4038,46.535],[16.4016,46.5322],[16.4059,46.5295],[16.4071,46.5267],[16.4113,46.5274],[16.4124,46.5302],[16.4087,46.5339],[16.415,46.5321],[16.4181,46.5289],[16.4231,46.5279],[16.4254,46.5278],[16.4239,46.5299],[16.4247,46.5324],[16.4287,46.5328],[16.4311,46.531],[16.4316,46.5272],[16.4349,46.5269],[16.4368,46.5286],[16.4408,46.5255],[16.4379,46.5226],[16.4376,46.5194],[16.4379,46.5173],[16.4406,46.515],[16.4483,46.5163],[16.4509,46.5179],[16.4595,46.5163],[16.4616,46.5209],[16.4636,46.5215],[16.4654,46.5197],[16.4619,46.516],[16.4628,46.5138],[16.4666,46.5126],[16.4655,46.5163],[16.4698,46.5178],[16.4715,46.5156],[16.4702,46.5111],[16.4784,46.5127],[16.4807,46.5107],[16.4795,46.51],[16.4808,46.5089],[16.4882,46.5083],[16.4853,46.503],[16.4875,46.5007],[16.4908,46.5002],[16.4929,46.4976],[16.5088,46.4953],[16.5075,46.4921],[16.5153,46.4928],[16.5179,46.491],[16.518,46.4885],[16.5156,46.4867],[16.5178,46.4841],[16.516,46.4833],[16.5156,46.4814],[16.5101,46.4809],[16.5122,46.4787],[16.5198,46.4778],[16.5242,46.48],[16.5303,46.4796],[16.5301,46.4809],[16.5324,46.4812],[16.5436,46.4758],[16.5547,46.4805],[16.557,46.4797],[16.5576,46.4769],[16.5624,46.4773],[16.5626,46.4744],[16.5661,46.4728],[16.5751,46.4714],[16.5855,46.4719],[16.5861,46.4741],[16.5892,46.4749],[16.5926,46.4747],[16.5956,46.473],[16.5967,46.4759],[16.5953,46.4766],[16.5808,46.4782],[16.5792,46.481],[16.5702,46.4847],[16.5693,46.488],[16.5644,46.4897],[16.5612,46.4894],[16.547,46.4946],[16.5371,46.5],[16.5319,46.5006],[16.5236,46.5054],[16.5244,46.5088],[16.5299,46.5076],[16.5332,46.5145],[16.5258,46.5155],[16.5258,46.5185],[16.5244,46.5196],[16.5288,46.5232],[16.5288,46.5247],[16.5309,46.5252],[16.5301,46.5287],[16.5326,46.5314],[16.529,46.5328],[16.5279,46.5349],[16.52,46.535],[16.5177,46.5363],[16.5181,46.5377],[16.5168,46.5383],[16.518,46.5389],[16.517,46.5395],[16.5178,46.5406],[16.5162,46.5412],[16.5194,46.5464],[16.5183,46.5478],[16.5187,46.5527],[16.5084,46.5653],[16.5012,46.5625],[16.4972,46.5633],[16.4931,46.5625],[16.4931,46.5645],[16.4902,46.5656],[16.483,46.566],[16.4819,46.5674],[16.4827,46.5697],[16.4818,46.5744],[16.4841,46.5776],[16.4834,46.5786],[16.4734,46.5876],[16.4689,46.5858],[16.4615,46.5969],[16.4557,46.5978],[16.4536,46.6007],[16.4522,46.6007],[16.4456,46.6109],[16.4337,46.6131],[16.4249,46.6132],[16.4173,46.6203],[16.4125,46.6276],[16.409,46.6284],[16.4076,46.6309],[16.3996,46.6342],[16.3918,46.6337],[16.392,46.6359],[16.3903,46.6382],[16.384,46.6373],[16.3753,46.632],[16.3734,46.6335],[16.3718,46.6327],[16.37,46.6356],[16.3663,46.634],[16.3595,46.6272],[16.3634,46.6237],[16.3562,46.6172],[16.3553,46.6177],[16.3557,46.6163],[16.3527,46.6122],[16.3701,46.6005],[16.3769,46.5927],[16.3891,46.5841],[16.4004,46.5782],[16.4015,46.5763],[16.4004,46.5736],[16.3855,46.5753],[16.3839,46.5717],[16.3779,46.572],[16.377,46.5707],[16.3729,46.5703],[16.3716,46.5694],[16.3724,46.5668],[16.3685,46.5661],[16.359,46.5597],[16.3542,46.5601],[16.3473,46.5566],[16.342,46.5566],[16.3408,46.5558],[16.3428,46.5542],[16.3418,46.5534],[16.3368,46.5539],[16.3343,46.5556],[16.332,46.5543],[16.3271,46.5567],[16.3245,46.5559],[16.3216,46.5569],[16.3212,46.5555],[16.3169,46.5556],[16.316,46.5544],[16.3169,46.5532],[16.3154,46.5528],[16.3125,46.5486],[16.3192,46.5486],[16.3248,46.5442],[16.3247,46.5423],[16.3269,46.5428],[16.3284,46.5453],[16.335,46.5459],[16.3386,46.5447],[16.337,46.5433],[16.3379,46.5422],[16.3441,46.5411]]]}},{"type":"Feature","properties":{"id":"110200000110278491","name":"Ljubljana"},"geometry":{"type":"Polygon","coordinates":[[[14.4463,45.9742],[14.4485,45.9756],[14.4575,45.9764],[14.459,45.9794],[14.4673,45.9785],[14.4676,45.9762],[14.4729,45.978],[14.4764,45.9774],[14.4782,45.9783],[14.4781,45.9799],[14.472,45.9949],[14.5094,46.0031],[14.5124,45.9966],[14.5195,45.9966],[14.5197,45.9975],[14.5249,45.992],[14.5289,45.9905],[14.5336,45.9906],[14.5381,46.0041],[14.5414,46.0059],[14.5289,46.0139],[14.5301,46.0157],[14.5542,46.0121],[14.5614,46.0123],[14.5684,46.017],[14.5732,46.0167],[14.5735,46.0193],[14.5751,46.0183],[14.5836,46.0191],[14.5828,46.0179],[14.5866,46.017],[14.5861,46.0158],[14.5893,46.0123],[14.5877,46.0114],[14.5904,46.0089],[14.5949,46.008],[14.5978,46.0088],[14.5982,46.0069],[14.6005,46.0051],[14.6076,46.0017],[14.6137,46.0018],[14.6145,46.0],[14.6181,45.9982],[14.6169,45.996],[14.6144,45.9964],[14.6191,45.9897],[14.6209,45.9884],[14.6238,45.9888],[14.6241,45.9874],[14.6366,45.9874],[14.6326,45.9893],[14.6301,45.9943],[14.6333,45.9956],[14.6379,45.9906],[14.6394,45.9907],[14.6389,45.9895],[14.6405,45.9876],[14.6414,45.9902],[14.6451,45.9884],[14.6501,45.9898],[14.6551,45.9877],[14.6574,45.9879],[14.657,45.989],[14.6626,45.9874],[14.6667,45.9877],[14.6692,45.9885],[14.6677,45.9912],[14.6688,45.9936],[14.6726,45.9956],[14.6792,45.9959],[14.6832,45.9989],[14.6755,46.0028],[14.6745,46.0046],[14.6843,46.0107],[14.6942,46.0082],[14.6961,46.0125],[14.6989,46.0104],[14.7045,46.0153],[14.7116,46.0117],[14.7145,46.0119],[14.7135,46.0099],[14.715,46.0091],[14.7146,46.0075],[14.7186,46.0064],[14.7204,46.0007],[14.7226,46.001],[14.7236,46.0037],[14.7254,46.0003],[14.7314,45.9996],[14.7316,45.9978],[14.7411,45.9975],[14.7432,45.9979],[14.7483,46.0021],[14.7475,46.0042],[14.7519,46.0075],[14.7474,46.0085],[14.743,46.0067],[14.7483,46.0127],[14.7471,46.0142],[14.745,46.0133],[14.7419,46.0148],[14.7458,46.0153],[14.7406,46.0171],[14.7418,46.0183],[14.7401,46.0206],[14.7425,46.0211],[14.7415,46.0222],[14.7433,46.0233],[14.7546,46.0238],[14.7545,46.0262],[14.7522,46.0255],[14.7519,46.0264],[14.7553,46.0297],[14.7503,46.0311],[14.7425,46.0394],[14.7365,46.0406],[14.7358,46.0436],[14.7307,46.0456],[14.725,46.052],[14.7315,46.0516],[14.7331,46.0542],[14.7468,46.0594],[14.7457,46.0603],[14.7472,46.0634],[14.746,46.068],[14.7238,46.0656],[14.7188,46.0682],[14.7229,46.0696],[14.7231,46.0724],[14.7173,46.0758],[14.7117,46.0766],[14.7118,46.0781],[14.7037,46.0784],[14.699,46.0759],[14.6966,46.0769],[14.6914,46.073],[14.6869,46.0775],[14.6818,46.0769],[14.6777,46.0792],[14.6775,46.0853],[14.6758,46.0865],[14.6633,46.0785],[14.6504,46.0792],[14.6369,46.0753],[14.6235,46.0753],[14.6016,46.0841],[14.5923,46.0856],[14.5906,46.089],[14.5923,46.0894],[14.5932,46.0958],[14.5924,46.0973],[14.5943,46.0988],[14.5917,46.1042],[14.5855,46.1053],[14.583,46.1082],[14.5823,46.1063],[14.5807,46.1077],[14.5795,46.1063],[14.5796,46.1031],[14.5765,46.1056],[14.5725,46.103],[14.5681,46.1081],[14.5697,46.1096],[14.5676,46.1101],[14.5679,46.1113],[14.565,46.1135],[14.5624,46.1133],[14.5609,46.115],[14.5541,46.1168],[14.5525,46.1168],[14.5485,46.1137],[14.5443,46.1162],[14.5397,46.1159],[14.5394,46.1181],[14.5357,46.1211],[14.5313,46.1206],[14.5294,46.1238],[14.5224,46.1261],[14.5202,46.1311],[14.5204,46.1343],[14.5131,46.139],[14.5153,46.1413],[14.5138,46.1443],[14.5112,46.1439],[14.5057,46.146],[14.5053,46.1442],[14.5009,46.1425],[14.4974,46.143],[14.4971,46.1421],[14.4869,46.1414],[14.4834,46.1374],[14.4787,46.1378],[14.476,46.1357],[14.4744,46.137],[14.475,46.1388],[14.4716,46.1406],[14.4719,46.1421],[14.4695,46.1414],[14.468,46.1414],[14.4677,46.1395],[14.4647,46.1385],[14.4649,46.1369],[14.4675,46.1359],[14.4686,46.1367],[14.4686,46.1345],[14.4645,46.135],[14.4604,46.1334],[14.4603,46.1317],[14.4582,46.1305],[14.4534,46.1305],[14.454,46.1285],[14.4496,46.1285],[14.449,46.1248],[14.444,46.1213],[14.4395,46.1236],[14.4383,46.1277],[14.4369,46.1286],[14.4318,46.1295],[14.4258,46.1287],[14.427,46.1271],[14.4251,46.1252],[14.4255,46.1223],[14.4216,46.121],[14.4224,46.1205],[14.4207,46.1171],[14.4213,46.1153],[14.4202,46.1141],[14.427,46.1151],[14.4276,46.1086],[14.4314,46.1039],[14.4303,46.1019],[14.4402,46.0987],[14.4426,46.0956],[14.4374,46.0947],[14.4367,46.0931],[14.4308,46.0947],[14.4289,46.0926],[14.4212,46.0915],[14.4174,46.0926],[14.4115,46.0887],[14.4118,46.0858],[14.4095,46.0844],[14.4086,46.0814],[14.415,46.082],[14.4187,46.0793],[14.4211,46.0799],[14.4215,46.0815],[14.4243,46.0802],[14.4234,46.0793],[14.4244,46.0774],[14.4219,46.0738],[14.4224,46.0712],[14.429,46.0687],[14.4293,46.0674],[14.4278,46.068],[14.4255,46.0662],[14.4302,46.0659],[14.4311,46.0644],[14.4264,46.0636],[14.4294,46.0606],[14.4312,46.0628],[14.4338,46.0633],[14.4339,46.0595],[14.4346,46.0606],[14.4363,46.0603],[14.4376,46.0588],[14.4369,46.0574],[14.4386,46.0569],[14.4409,46.0531],[14.4393,46.0503],[14.4422,46.0487],[14.4408,46.0471],[14.4368,46.0483],[14.4342,46.047],[14.4356,46.0447],[14.433,46.0425],[14.4346,46.0425],[14.4339,46.0412],[14.4368,46.0396],[14.4367,46.0381],[14.4408,46.0384],[14.4427,46.0339],[14.4308,46.0277],[14.4315,46.0266],[14.4304,46.0262],[14.4333,46.0207],[14.4381,46.0174],[14.438,46.0133],[14.4457,46.0133],[14.4451,46.0123],[14.4515,46.0107],[14.4583,46.0104],[14.4629,46.0086],[14.4649,46.0064],[14.462,46.0008],[14.4564,45.9993],[14.4569,45.9986],[14.4536,45.9972],[14.4454,45.9961],[14.4425,45.9947],[14.4465,45.9937],[14.4309,45.9868],[14.4288,45.9822],[14.4349,45.9759],[14.4418,45.974],[14.4446,45.9762],[14.4463,45.9742]]]}},{"type":"Feature","properties":{"id":"110200000110278574","name":"Ljutomer"},"geometry":{"type":"Polygon","coordinates":[[[16.2523,46.5005],[16.2551,46.5067],[16.2552,46.514],[16.2493,46.5152],[16.2476,46.5134],[16.2425,46.5133],[16.2405,46.5118],[16.2412,46.5093],[16.2374,46.5103],[16.2374,46.5122],[16.2421,46.5153],[16.2455,46.5149],[16.2478,46.5164],[16.247,46.5175],[16.2438,46.5178],[16.246,46.5197],[16.2426,46.5212],[16.2436,46.5234],[16.2468,46.5231],[16.2494,46.5255],[16.2528,46.5261],[16.2542,46.5297],[16.2624,46.5318],[16.2649,46.5339],[16.2659,46.5378],[16.2683,46.5387],[16.2382,46.5539],[16.2271,46.5601],[16.2009,46.5782],[16.1987,46.5769],[16.1954,46.5711],[16.1924,46.5721],[16.1929,46.5702],[16.1949,46.5693],[16.1936,46.5648],[16.1907,46.5671],[16.1855,46.5665],[16.1851,46.5674],[16.1869,46.5682],[16.1857,46.5714],[16.1818,46.5733],[16.1777,46.565],[16.1722,46.5656],[16.1689,46.5632],[16.1705,46.5611],[16.1677,46.5584],[16.164,46.5595],[16.1633,46.5562],[16.1667,46.5537],[16.1707,46.5558],[16.1746,46.553],[16.168,46.5505],[16.1658,46.5371],[16.1605,46.5307],[16.1581,46.5313],[16.1572,46.5304],[16.1563,46.5319],[16.1532,46.5312],[16.1524,46.5325],[16.1491,46.5309],[16.1493,46.5297],[16.1437,46.53],[16.1426,46.5269],[16.1408,46.5259],[16.1315,46.5282],[16.1247,46.5321],[16.1228,46.5304],[16.1167,46.5317],[16.1091,46.529],[16.1049,46.5317],[16.0963,46.5337],[16.0952,46.5355],[16.0966,46.5386],[16.0897,46.5421],[16.0889,46.5438],[16.0891,46.5423],[16.0755,46.5422],[16.0702,46.5407],[16.0559,46.541],[16.0493,46.5431],[16.0489,46.5443],[16.0353,46.5468],[16.0334,46.549],[16.0333,46.544],[16.0303,46.5404],[16.0316,46.5388],[16.0286,46.5393],[16.0252,46.5352],[16.0216,46.5347],[16.0182,46.5313],[16.024,46.5299],[16.0197,46.5262],[16.0204,46.5224],[16.0172,46.5205],[16.0171,46.5153],[16.0144,46.5129],[16.0118,46.5103],[16.0205,46.5095],[16.024,46.5073],[16.0309,46.5091],[16.0357,46.508],[16.0422,46.5092],[16.0638,46.4989],[16.0685,46.4997],[16.0705,46.5016],[16.0776,46.4994],[16.0863,46.501],[16.0981,46.4988],[16.109,46.501],[16.1179,46.4903],[16.1189,46.4893],[16.12,46.4905],[16.1216,46.4892],[16.1236,46.4897],[16.1257,46.4873],[16.1387,46.4844],[16.1439,46.489],[16.1444,46.4958],[16.1498,46.4958],[16.152,46.4938],[16.1593,46.5007],[16.1668,46.4876],[16.1768,46.4906],[16.1781,46.488],[16.1817,46.4873],[16.1805,46.484],[16.1747,46.48],[16.1748,46.4783],[16.1802,46.4755],[16.183,46.4721],[16.1857,46.474],[16.1887,46.4739],[16.1878,46.4713],[16.1889,46.4688],[16.1918,46.469],[16.198,46.4662],[16.192,46.4727],[16.1931,46.4737],[16.1914,46.4745],[16.1948,46.4748],[16.1909,46.4803],[16.1984,46.4807],[16.2049,46.4778],[16.2056,46.4738],[16.2085,46.4732],[16.2088,46.4717],[16.2162,46.4739],[16.2159,46.4792],[16.2151,46.4818],[16.2136,46.4824],[16.2185,46.485],[16.22,46.4845],[16.2216,46.4873],[16.2249,46.4882],[16.2294,46.487],[16.2378,46.4903],[16.2421,46.4901],[16.2417,46.4985],[16.2463,46.4979],[16.2523,46.5005]]]}},{"type":"Feature","properties":{"id":"110200000110278657","name":"Loška dolina"},"geometry":{"type":"Polygon","coordinates":[[[14.5376,45.7394],[14.5268,45.7321],[14.5219,45.7319],[14.5205,45.7345],[14.5198,45.7338],[14.5176,45.735],[14.5116,45.7303],[14.5086,45.7299],[14.5066,45.7316],[14.506,45.7299],[14.5015,45.7343],[14.4999,45.7345],[14.4985,45.7395],[14.4962,45.7418],[14.4914,45.7425],[14.4791,45.7491],[14.4588,45.7419],[14.4582,45.7425],[14.4578,45.7407],[14.4537,45.7407],[14.4532,45.7388],[14.4513,45.7386],[14.4518,45.7375],[14.4481,45.7384],[14.4442,45.7369],[14.4432,45.7343],[14.4446,45.7335],[14.4424,45.7335],[14.4412,45.7312],[14.4341,45.7261],[14.4319,45.7268],[14.4315,45.7294],[14.4252,45.729],[14.4301,45.7233],[14.4276,45.7226],[14.4284,45.7217],[14.4268,45.7202],[14.4238,45.72],[14.4252,45.7194],[14.4008,45.7025],[14.3932,45.7096],[14.3885,45.7093],[14.3922,45.7044],[14.3883,45.7041],[14.3794,45.7001],[14.3992,45.677],[14.4106,45.668],[14.4201,45.6676],[14.4227,45.666],[14.431,45.6651],[14.4357,45.6618],[14.4348,45.6588],[14.4366,45.6552],[14.432,45.6544],[14.4323,45.6521],[14.4289,45.6461],[14.4307,45.6449],[14.4299,45.643],[14.4315,45.6418],[14.4316,45.64],[14.4277,45.6395],[14.4294,45.6376],[14.4279,45.6365],[14.4262,45.6311],[14.4232,45.6295],[14.426,45.6281],[14.4265,45.6235],[14.4241,45.6217],[14.4204,45.622],[14.4178,45.6185],[14.424,45.615],[14.4257,45.6122],[14.4422,45.6099],[14.4432,45.6072],[14.4469,45.6041],[14.4474,45.6008],[14.4534,45.6],[14.4507,45.5984],[14.4474,45.5881],[14.4358,45.59],[14.4377,45.5835],[14.4342,45.5822],[14.4397,45.582],[14.4422,45.5833],[14.4491,45.5816],[14.462,45.5839],[14.4724,45.5799],[14.4732,45.5837],[14.4808,45.5821],[14.4904,45.5846],[14.4925,45.5843],[14.4962,45.5806],[14.5022,45.5793],[14.5054,45.5825],[14.5073,45.591],[14.507,45.5943],[14.5013,45.6078],[14.5144,45.6071],[14.5177,45.6097],[14.5263,45.6102],[14.535,45.6139],[14.5454,45.6242],[14.5452,45.6252],[14.5482,45.6278],[14.5497,45.6327],[14.5581,45.6404],[14.5608,45.646],[14.5633,45.6472],[14.5679,45.6569],[14.5683,45.6619],[14.5672,45.6626],[14.5684,45.6678],[14.5694,45.6673],[14.5689,45.6708],[14.57,45.6729],[14.561,45.6747],[14.5596,45.6929],[14.5549,45.7006],[14.5516,45.7113],[14.5422,45.725],[14.5376,45.7394]]]}},{"type":"Feature","properties":{"id":"110200000110278731","name":"Lukovica"},"geometry":{"type":"Polygon","coordinates":[[[14.8982,46.2055],[14.8925,46.2084],[14.8785,46.206],[14.8771,46.2036],[14.8576,46.2034],[14.8539,46.2001],[14.8472,46.1975],[14.8302,46.198],[14.8241,46.2002],[14.8184,46.2005],[14.8169,46.2018],[14.8142,46.2008],[14.8083,46.2034],[14.8073,46.1994],[14.805,46.197],[14.8027,46.1999],[14.7992,46.1977],[14.7943,46.1983],[14.7877,46.1965],[14.7811,46.1984],[14.7762,46.1956],[14.7641,46.1981],[14.7633,46.1975],[14.7645,46.1956],[14.7649,46.1901],[14.7617,46.1893],[14.7614,46.1906],[14.7572,46.1905],[14.7572,46.1887],[14.7566,46.1902],[14.7525,46.1905],[14.7509,46.1918],[14.7504,46.1954],[14.7438,46.1943],[14.744,46.1976],[14.7402,46.1996],[14.7412,46.2001],[14.7402,46.2013],[14.7367,46.2015],[14.7375,46.2027],[14.732,46.2021],[14.7239,46.2038],[14.7228,46.2027],[14.7178,46.2047],[14.7128,46.2033],[14.7085,46.2047],[14.7067,46.202],[14.7075,46.2004],[14.7053,46.1996],[14.7066,46.1979],[14.7056,46.1968],[14.6999,46.198],[14.6996,46.1965],[14.697,46.1962],[14.6912,46.1993],[14.6829,46.1974],[14.6862,46.1947],[14.6802,46.1932],[14.676,46.1951],[14.672,46.1917],[14.6678,46.1923],[14.6655,46.1913],[14.6694,46.1899],[14.6688,46.1891],[14.6701,46.188],[14.6694,46.1868],[14.6664,46.1869],[14.668,46.1843],[14.6646,46.181],[14.6643,46.1779],[14.6616,46.1767],[14.6606,46.1727],[14.6584,46.1729],[14.658,46.1711],[14.6515,46.1684],[14.6465,46.1649],[14.6426,46.1583],[14.6507,46.1608],[14.6592,46.1592],[14.659,46.1561],[14.6614,46.155],[14.6645,46.1495],[14.668,46.1494],[14.6709,46.1527],[14.6726,46.1522],[14.6721,46.1511],[14.6781,46.1499],[14.6758,46.1474],[14.6797,46.1475],[14.6796,46.1459],[14.6826,46.1438],[14.6815,46.1433],[14.6863,46.1429],[14.689,46.1417],[14.6937,46.1425],[14.6986,46.1463],[14.7002,46.1438],[14.7047,46.1447],[14.7046,46.148],[14.7072,46.1485],[14.7085,46.1515],[14.7107,46.152],[14.7089,46.1524],[14.7083,46.1543],[14.7104,46.1574],[14.7158,46.156],[14.7182,46.1583],[14.7161,46.1595],[14.7199,46.1614],[14.719,46.1642],[14.7332,46.1673],[14.737,46.1652],[14.737,46.164],[14.7508,46.1617],[14.7533,46.1596],[14.7624,46.1626],[14.7699,46.1633],[14.7784,46.1688],[14.788,46.1631],[14.7892,46.1612],[14.7879,46.1602],[14.7889,46.1597],[14.7966,46.1621],[14.8038,46.161],[14.806,46.1645],[14.8068,46.1613],[14.8154,46.1578],[14.8205,46.1574],[14.8258,46.1594],[14.828,46.1625],[14.8263,46.1648],[14.8214,46.1662],[14.8168,46.1659],[14.8124,46.169],[14.8118,46.1706],[14.8444,46.1695],[14.8589,46.1718],[14.8613,46.175],[14.8661,46.1755],[14.871,46.1778],[14.8767,46.1767],[14.8781,46.1776],[14.8901,46.1739],[14.8913,46.1767],[14.8884,46.1799],[14.8902,46.1814],[14.8963,46.1819],[14.8958,46.1827],[14.8974,46.1844],[14.9029,46.188],[14.9006,46.1921],[14.9028,46.1963],[14.901,46.1962],[14.9022,46.1975],[14.9016,46.2],[14.9002,46.2039],[14.8982,46.2055]]]}},{"type":"Feature","properties":{"id":"110200000110278814","name":"Maribor"},"geometry":{"type":"Polygon","coordinates":[[[15.5613,46.5092],[15.565,46.5116],[15.5727,46.5138],[15.5955,46.5168],[15.6114,46.5216],[15.613,46.5207],[15.6137,46.5174],[15.6106,46.5142],[15.6191,46.5137],[15.6209,46.5121],[15.6254,46.5119],[15.624,46.5111],[15.6248,46.5104],[15.6349,46.5107],[15.6373,46.5094],[15.6381,46.5103],[15.641,46.5097],[15.6411,46.5086],[15.653,46.5109],[15.6522,46.5156],[15.6549,46.5151],[15.6608,46.5168],[15.6615,46.5154],[15.6645,46.5162],[15.665,46.5153],[15.6624,46.5143],[15.6631,46.5117],[15.6723,46.5153],[15.6834,46.5176],[15.6881,46.5142],[15.6933,46.5142],[15.7009,46.5169],[15.7043,46.5079],[15.7104,46.5079],[15.7162,46.5046],[15.7206,46.5048],[15.7241,46.5013],[15.7229,46.5003],[15.7286,46.4995],[15.7272,46.5029],[15.7217,46.5055],[15.7168,46.5107],[15.7124,46.5231],[15.7129,46.5276],[15.7224,46.5269],[15.7241,46.5277],[15.7237,46.53],[15.7255,46.5303],[15.7291,46.5288],[15.7337,46.5292],[15.7374,46.533],[15.7377,46.5364],[15.7435,46.5391],[15.7432,46.5409],[15.7466,46.5452],[15.7506,46.5468],[15.7516,46.5495],[15.7576,46.5494],[15.7608,46.5533],[15.7693,46.5548],[15.7697,46.5567],[15.7717,46.5577],[15.7701,46.558],[15.7722,46.5613],[15.7658,46.5606],[15.7601,46.5619],[15.7598,46.565],[15.7566,46.5662],[15.7553,46.5675],[15.7565,46.5679],[15.756,46.5691],[15.7529,46.5709],[15.7497,46.5714],[15.7469,46.568],[15.7451,46.5692],[15.7388,46.5683],[15.7336,46.5657],[15.7291,46.5613],[15.7254,46.5609],[15.7254,46.5597],[15.7213,46.5615],[15.7199,46.5637],[15.7109,46.5699],[15.7022,46.5705],[15.7019,46.572],[15.6967,46.573],[15.6936,46.5771],[15.6897,46.5777],[15.6879,46.5768],[15.6819,46.5796],[15.6855,46.5814],[15.6842,46.5859],[15.6871,46.5881],[15.6851,46.591],[15.6851,46.5931],[15.6821,46.5924],[15.6751,46.5957],[15.6699,46.5938],[15.6652,46.5953],[15.661,46.5948],[15.6562,46.5923],[15.6522,46.5934],[15.6463,46.5924],[15.6339,46.5975],[15.6272,46.598],[15.6296,46.6047],[15.6291,46.6065],[15.6317,46.6089],[15.6291,46.6089],[15.626,46.6116],[15.6224,46.6118],[15.6168,46.6155],[15.6139,46.6159],[15.6106,46.6205],[15.6024,46.6179],[15.6012,46.6209],[15.6033,46.6232],[15.6008,46.6242],[15.6013,46.6256],[15.5965,46.6296],[15.5949,46.628],[15.5925,46.628],[15.5907,46.6299],[15.5871,46.6293],[15.5863,46.6307],[15.5814,46.6261],[15.5756,46.6257],[15.5737,46.627],[15.5664,46.6254],[15.5651,46.6277],[15.5608,46.6269],[15.5574,46.6306],[15.5533,46.6278],[15.5424,46.6299],[15.5407,46.6338],[15.5371,46.6339],[15.5303,46.6301],[15.5296,46.6283],[15.5256,46.6266],[15.5203,46.6217],[15.521,46.6141],[15.5258,46.6136],[15.5217,46.6093],[15.5241,46.6062],[15.517,46.6062],[15.5231,46.6035],[15.5207,46.6007],[15.5267,46.5997],[15.5241,46.5982],[15.5277,46.5974],[15.5291,46.5943],[15.5327,46.5928],[15.5404,46.594],[15.5495,46.5909],[15.5473,46.5867],[15.543,46.5845],[15.5407,46.5807],[15.5475,46.5755],[15.5441,46.5741],[15.5434,46.5686],[15.5512,46.5663],[15.5531,46.5613],[15.5584,46.5617],[15.5606,46.5549],[15.5576,46.5525],[15.5588,46.5514],[15.558,46.5501],[15.5587,46.5474],[15.5543,46.5411],[15.5552,46.5376],[15.5506,46.5334],[15.553,46.5248],[15.5487,46.5234],[15.5498,46.521],[15.5479,46.5164],[15.5547,46.5139],[15.5613,46.5092]]]}},{"type":"Feature","properties":{"id":"110200000110278905","name":"Medvode"},"geometry":{"type":"Polygon","coordinates":[[[14.4585,46.1918],[14.4327,46.1883],[14.4331,46.1905],[14.4233,46.1919],[14.4155,46.1888],[14.4149,46.1897],[14.4095,46.1888],[14.4094,46.1899],[14.4054,46.1901],[14.4082,46.1877],[14.4085,46.1814],[14.4132,46.1766],[14.4143,46.1731],[14.4226,46.1676],[14.4133,46.1636],[14.4046,46.1625],[14.3954,46.1577],[14.3906,46.1591],[14.3816,46.1582],[14.3834,46.1508],[14.3783,46.145],[14.3739,46.1461],[14.3745,46.1508],[14.3712,46.1519],[14.3661,46.1508],[14.3639,46.1526],[14.363,46.1483],[14.3646,46.1473],[14.3635,46.1452],[14.3618,46.1458],[14.3596,46.1441],[14.3557,46.1467],[14.3546,46.1447],[14.3516,46.1437],[14.3495,46.1379],[14.3472,46.1358],[14.3463,46.1368],[14.3452,46.1353],[14.3378,46.1345],[14.3324,46.1308],[14.3283,46.1298],[14.329,46.124],[14.3267,46.1234],[14.3269,46.1177],[14.3325,46.1133],[14.3361,46.1124],[14.3338,46.1097],[14.3365,46.105],[14.3323,46.102],[14.3315,46.0975],[14.3264,46.0964],[14.3321,46.0909],[14.332,46.0868],[14.3333,46.084],[14.3503,46.0864],[14.3509,46.0858],[14.3474,46.0843],[14.3477,46.0832],[14.3501,46.0814],[14.3524,46.0821],[14.3538,46.081],[14.3529,46.0798],[14.3569,46.0775],[14.3724,46.0783],[14.3739,46.0808],[14.3637,46.0833],[14.3583,46.0872],[14.3704,46.0919],[14.3805,46.0922],[14.3825,46.0908],[14.3833,46.0871],[14.3905,46.0855],[14.3981,46.0793],[14.4086,46.0814],[14.4095,46.0844],[14.4118,46.0858],[14.4115,46.0887],[14.4174,46.0926],[14.4212,46.0915],[14.4289,46.0926],[14.4308,46.0947],[14.4367,46.0931],[14.4374,46.0947],[14.4426,46.0956],[14.4402,46.0987],[14.4303,46.1019],[14.4314,46.1039],[14.4276,46.1086],[14.427,46.1151],[14.4202,46.1141],[14.4213,46.1153],[14.4207,46.1171],[14.4224,46.1205],[14.4216,46.121],[14.4255,46.1223],[14.4251,46.1252],[14.427,46.1271],[14.4258,46.1287],[14.4318,46.1295],[14.4369,46.1286],[14.4383,46.1277],[14.4395,46.1236],[14.444,46.1213],[14.449,46.1248],[14.4496,46.1285],[14.454,46.1285],[14.4534,46.1305],[14.4582,46.1305],[14.4603,46.1317],[14.4604,46.1334],[14.4645,46.135],[14.4686,46.1345],[14.4686,46.1367],[14.4675,46.1359],[14.4649,46.1369],[14.4647,46.1385],[14.4677,46.1395],[14.468,46.1414],[14.4695,46.1414],[14.4698,46.1431],[14.4682,46.1442],[14.4692,46.1483],[14.4681,46.151],[14.4659,46.1514],[14.4665,46.1526],[14.464,46.1581],[14.4659,46.1597],[14.4649,46.1637],[14.468,46.1651],[14.4678,46.1699],[14.4601,46.1701],[14.4595,46.1747],[14.4579,46.1749],[14.4556,46.1784],[14.4592,46.1787],[14.4568,46.1836],[14.459,46.1843],[14.4556,46.1883],[14.4581,46.1889],[14.4585,46.1918]]]}},{"type":"Feature","properties":{"id":"110200000110279036","name":"Metlika"},"geometry":{"type":"Polygon","coordinates":[[[15.2103,45.6142],[15.2075,45.6107],[15.2055,45.6045],[15.2123,45.6035],[15.2245,45.5992],[15.23,45.6026],[15.2333,45.6064],[15.2394,45.606],[15.2403,45.6034],[15.2335,45.6009],[15.231,45.5977],[15.235,45.596],[15.2374,45.5977],[15.2395,45.597],[15.2401,45.5963],[15.2376,45.5932],[15.2424,45.5864],[15.2499,45.5843],[15.2562,45.5804],[15.2592,45.5807],[15.2624,45.5831],[15.2685,45.5836],[15.2768,45.5734],[15.2815,45.573],[15.2927,45.5802],[15.2914,45.5838],[15.2974,45.5857],[15.2848,45.5948],[15.2771,45.6045],[15.2815,45.6079],[15.2925,45.6124],[15.3051,45.6126],[15.3081,45.6142],[15.306,45.6191],[15.3016,45.6235],[15.3026,45.6268],[15.3017,45.6294],[15.3043,45.6315],[15.3257,45.6349],[15.3396,45.6331],[15.3475,45.635],[15.3518,45.6376],[15.3517,45.6397],[15.3493,45.6412],[15.3439,45.6412],[15.3418,45.6439],[15.3438,45.646],[15.3507,45.6468],[15.3648,45.6441],[15.3711,45.646],[15.3723,45.645],[15.3724,45.6422],[15.3827,45.6407],[15.3853,45.6384],[15.39,45.6375],[15.3984,45.6413],[15.4018,45.6458],[15.4064,45.6479],[15.4065,45.6491],[15.406,45.6503],[15.3992,45.6508],[15.3953,45.6536],[15.3946,45.6611],[15.3913,45.6627],[15.3917,45.6672],[15.3895,45.6673],[15.3867,45.6705],[15.3845,45.671],[15.3835,45.6748],[15.377,45.6767],[15.3753,45.6808],[15.3687,45.6855],[15.3699,45.6905],[15.372,45.6915],[15.3692,45.6934],[15.3678,45.6912],[15.3688,45.6902],[15.3633,45.6837],[15.3629,45.6781],[15.3599,45.6757],[15.3599,45.6775],[15.3574,45.6769],[15.3584,45.6753],[15.3539,45.6765],[15.3554,45.6734],[15.3513,45.6711],[15.3513,45.6692],[15.3481,45.6711],[15.3496,45.6759],[15.348,45.6779],[15.3501,45.6787],[15.3496,45.6806],[15.3515,45.6828],[15.3501,45.6833],[15.3554,45.6857],[15.3553,45.6865],[15.3602,45.6849],[15.3611,45.6893],[15.3645,45.693],[15.3638,45.6945],[15.3648,45.697],[15.3638,45.6986],[15.3624,45.6993],[15.3593,45.6974],[15.3573,45.6989],[15.3587,45.7015],[15.3574,45.7026],[15.3599,45.7088],[15.3571,45.714],[15.3502,45.7145],[15.345,45.7124],[15.3433,45.7146],[15.3398,45.7146],[15.3362,45.7103],[15.3373,45.709],[15.335,45.7084],[15.3354,45.7052],[15.3326,45.7019],[15.328,45.699],[15.3196,45.6962],[15.3184,45.6948],[15.3206,45.6889],[15.3202,45.6868],[15.3238,45.6832],[15.3266,45.6757],[15.3228,45.6739],[15.3196,45.6742],[15.3182,45.6744],[15.3175,45.6783],[15.311,45.6841],[15.3108,45.6862],[15.3084,45.6858],[15.3082,45.6874],[15.3056,45.6888],[15.3088,45.6901],[15.309,45.6942],[15.3109,45.6976],[15.3086,45.6987],[15.3076,45.6971],[15.3058,45.6972],[15.3046,45.6978],[15.3049,45.6989],[15.3023,45.699],[15.3015,45.6974],[15.2991,45.6972],[15.3004,45.6935],[15.2986,45.6942],[15.2997,45.6926],[15.2977,45.6937],[15.3004,45.6918],[15.2976,45.6903],[15.2973,45.6934],[15.2964,45.6898],[15.2997,45.6888],[15.3005,45.687],[15.3027,45.688],[15.2998,45.686],[15.2928,45.6914],[15.2886,45.6922],[15.2871,45.6965],[15.2874,45.6988],[15.2893,45.7001],[15.2878,45.7057],[15.2833,45.7103],[15.281,45.7108],[15.2741,45.7063],[15.2695,45.7072],[15.2678,45.7119],[15.2685,45.7129],[15.2668,45.7143],[15.2674,45.7169],[15.2635,45.7179],[15.262,45.7195],[15.2567,45.7188],[15.2592,45.7239],[15.2575,45.7245],[15.2596,45.7261],[15.2529,45.7271],[15.2471,45.7244],[15.247,45.7231],[15.2443,45.7243],[15.2403,45.7238],[15.2387,45.721],[15.2336,45.7206],[15.2299,45.7172],[15.2247,45.7157],[15.2251,45.7139],[15.2224,45.7123],[15.2213,45.7128],[15.2194,45.7112],[15.2197,45.7094],[15.2157,45.7073],[15.2187,45.7054],[15.2197,45.7071],[15.2246,45.7075],[15.2245,45.7052],[15.2272,45.7042],[15.2262,45.7006],[15.2285,45.6938],[15.2316,45.692],[15.23,45.6893],[15.2324,45.6823],[15.237,45.6859],[15.2524,45.6798],[15.2517,45.6792],[15.2532,45.6771],[15.2589,45.6717],[15.2529,45.6663],[15.2601,45.661],[15.2674,45.6581],[15.267,45.6563],[15.2705,45.6567],[15.2762,45.6506],[15.2653,45.643],[15.2594,45.6418],[15.2546,45.6422],[15.2534,45.6437],[15.2517,45.6431],[15.2524,45.6421],[15.247,45.6398],[15.2458,45.6382],[15.2465,45.6366],[15.2424,45.6305],[15.2461,45.6279],[15.2454,45.6255],[15.2365,45.6246],[15.2371,45.6235],[15.2336,45.6186],[15.231,45.619],[15.2279,45.6177],[15.2278,45.6133],[15.2225,45.6155],[15.2212,45.6142],[15.2229,45.6122],[15.2161,45.6116],[15.2103,45.6142]],[[15.3021,45.6949],[15.3031,45.6955],[15.3031,45.6937],[15.304,45.6965],[15.3055,45.6933],[15.3005,45.6923],[15.3021,45.6949]],[[15.3039,45.6895],[15.3015,45.6897],[15.3065,45.6912],[15.3058,45.6907],[15.3039,45.6895]]]}},{"type":"Feature","properties":{"id":"110200000110279119","name":"Miren-Kostanjevica"},"geometry":{"type":"Polygon","coordinates":[[[13.7147,45.8636],[13.6955,45.8652],[13.691,45.8663],[13.6897,45.8678],[13.6887,45.8613],[13.6784,45.8617],[13.634,45.8718],[13.6368,45.876],[13.6359,45.8822],[13.6385,45.8845],[13.6313,45.8834],[13.6221,45.8866],[13.6228,45.8886],[13.6256,45.8902],[13.644,45.8884],[13.6457,45.8911],[13.6496,45.889],[13.6497,45.8909],[13.6543,45.8955],[13.6525,45.8962],[13.6496,45.8968],[13.6501,45.8981],[13.6476,45.8992],[13.6422,45.8983],[13.642,45.8991],[13.6404,45.8971],[13.6349,45.8963],[13.6252,45.8965],[13.6214,45.8975],[13.6219,45.8997],[13.6189,45.8998],[13.6186,45.9012],[13.6217,45.9027],[13.6114,45.9037],[13.6089,45.8992],[13.5961,45.895],[13.5956,45.8915],[13.593,45.8914],[13.5935,45.8903],[13.5865,45.8819],[13.5933,45.8747],[13.5872,45.8713],[13.5841,45.8674],[13.5799,45.8564],[13.5751,45.8533],[13.5767,45.851],[13.5751,45.8454],[13.5767,45.8433],[13.5744,45.8434],[13.5746,45.8423],[13.5886,45.8354],[13.5924,45.8234],[13.5971,45.8195],[13.6426,45.8197],[13.657,45.8158],[13.6716,45.816],[13.6725,45.817],[13.6737,45.8161],[13.6825,45.8161],[13.6895,45.8348],[13.6922,45.8362],[13.7024,45.8352],[13.7078,45.8401],[13.7142,45.8435],[13.7159,45.8433],[13.7154,45.8476],[13.7194,45.8569],[13.7158,45.8634],[13.7147,45.8636]]]}},{"type":"Feature","properties":{"id":"110200000110279200","name":"Mozirje"},"geometry":{"type":"Polygon","coordinates":[[[14.9974,46.3749],[14.9985,46.3815],[15.0035,46.3841],[15.0016,46.3857],[14.9954,46.386],[14.9959,46.3912],[14.9886,46.3957],[14.9866,46.3952],[14.986,46.3931],[14.9839,46.3921],[14.9881,46.3921],[14.9881,46.3908],[14.9783,46.3905],[14.9768,46.3914],[14.9704,46.3896],[14.9657,46.392],[14.9656,46.3884],[14.9614,46.3881],[14.9592,46.389],[14.9583,46.3911],[14.9509,46.3934],[14.9405,46.4031],[14.935,46.4035],[14.9301,46.4019],[14.9234,46.4019],[14.9118,46.3915],[14.9078,46.3893],[14.9014,46.3911],[14.901,46.3883],[14.8977,46.3843],[14.8968,46.3794],[14.889,46.3715],[14.8885,46.3693],[14.8938,46.3689],[14.9101,46.3584],[14.9203,46.3572],[14.9196,46.3562],[14.9217,46.3548],[14.9244,46.3493],[14.9261,46.3486],[14.9266,46.346],[14.9274,46.3468],[14.9265,46.3444],[14.9284,46.343],[14.9313,46.3433],[14.9347,46.3403],[14.9387,46.3393],[14.9375,46.334],[14.9415,46.335],[14.9467,46.3339],[14.9485,46.332],[14.9479,46.3294],[14.958,46.3253],[14.9601,46.3206],[14.968,46.3155],[14.9661,46.3103],[14.9685,46.3047],[14.9652,46.3012],[14.9696,46.2992],[14.9737,46.3015],[14.9742,46.305],[14.9767,46.3048],[14.9793,46.3086],[14.9846,46.3084],[14.9895,46.3124],[14.9875,46.3202],[14.9915,46.3243],[14.992,46.3276],[14.9982,46.3287],[15.0005,46.3321],[15.0079,46.334],[15.0072,46.3376],[14.9985,46.3429],[15.0014,46.3448],[15.0024,46.3485],[14.998,46.3498],[14.9955,46.3545],[14.9966,46.3567],[14.9967,46.3645],[15.0016,46.3681],[14.9987,46.3691],[14.9948,46.3686],[14.9944,46.3709],[14.9974,46.3749]]]}},{"type":"Feature","properties":{"id":"110200000110279382","name":"Muta"},"geometry":{"type":"Polygon","coordinates":[[[15.1828,46.6163],[15.1821,46.6186],[15.1876,46.6172],[15.1898,46.6187],[15.1853,46.6231],[15.1781,46.6256],[15.1774,46.6292],[15.1703,46.6337],[15.17,46.6362],[15.1725,46.638],[15.1751,46.6434],[15.1731,46.6452],[15.1741,46.6462],[15.1649,46.6466],[15.1642,46.648],[15.1666,46.6509],[15.1611,46.6521],[15.1603,46.6571],[15.1559,46.6557],[15.1524,46.6583],[15.1432,46.6594],[15.1422,46.6572],[15.1402,46.6564],[15.1379,46.6578],[15.134,46.6565],[15.1312,46.6506],[15.1286,46.65],[15.1264,46.6509],[15.1264,46.653],[15.1213,46.6545],[15.1215,46.656],[15.1187,46.6538],[15.1147,46.656],[15.1162,46.657],[15.1084,46.6598],[15.1004,46.6561],[15.0974,46.6529],[15.0879,46.652],[15.089,46.6514],[15.0824,46.6451],[15.0918,46.6411],[15.0913,46.6378],[15.0931,46.6341],[15.0924,46.633],[15.0894,46.6335],[15.089,46.6323],[15.0951,46.6238],[15.0969,46.618],[15.1021,46.613],[15.1017,46.61],[15.1039,46.6056],[15.1085,46.6064],[15.1174,46.6039],[15.1224,46.5971],[15.1277,46.5944],[15.144,46.5914],[15.1506,46.5925],[15.1583,46.5963],[15.1679,46.6036],[15.1714,46.6101],[15.1745,46.6111],[15.1797,46.6157],[15.1828,46.6163]]]}},{"type":"Feature","properties":{"id":"110200000110279465","name":"Naklo"},"geometry":{"type":"Polygon","coordinates":[[[14.3258,46.3176],[14.3245,46.3171],[14.3215,46.3187],[14.3199,46.3178],[14.3209,46.3169],[14.3176,46.3173],[14.315,46.3185],[14.3173,46.3186],[14.3168,46.3201],[14.3114,46.3224],[14.3054,46.3232],[14.3003,46.3213],[14.3026,46.32],[14.3016,46.3178],[14.2997,46.3164],[14.2963,46.3168],[14.2932,46.3138],[14.2927,46.321],[14.2864,46.321],[14.2863,46.3188],[14.2831,46.3186],[14.2803,46.3224],[14.2764,46.3217],[14.2742,46.3242],[14.2712,46.3234],[14.271,46.3249],[14.2654,46.3234],[14.2623,46.3222],[14.2642,46.3217],[14.2669,46.3158],[14.2634,46.3149],[14.2628,46.3126],[14.2644,46.3115],[14.2618,46.3076],[14.2629,46.3061],[14.2598,46.2993],[14.26,46.2941],[14.2637,46.2871],[14.2663,46.2776],[14.2729,46.2729],[14.2909,46.2701],[14.2941,46.268],[14.3111,46.2638],[14.3185,46.2571],[14.3204,46.2527],[14.3274,46.2498],[14.3317,46.2538],[14.3281,46.2563],[14.3274,46.2604],[14.3299,46.2615],[14.3336,46.2604],[14.3333,46.2632],[14.3344,46.2636],[14.3355,46.2699],[14.3384,46.2703],[14.338,46.2773],[14.3296,46.2768],[14.3233,46.2799],[14.3211,46.2798],[14.3232,46.2831],[14.3218,46.2855],[14.319,46.2859],[14.3142,46.2901],[14.3107,46.2903],[14.3101,46.2892],[14.3088,46.2919],[14.3092,46.2947],[14.3065,46.2966],[14.3247,46.304],[14.3198,46.3111],[14.3247,46.3135],[14.327,46.3132],[14.3275,46.3113],[14.3303,46.3113],[14.3285,46.3136],[14.329,46.3153],[14.326,46.3163],[14.3258,46.3176]]]}},{"type":"Feature","properties":{"id":"110200000110279549","name":"Nazarje"},"geometry":{"type":"Polygon","coordinates":[[[14.8542,46.2503],[14.8605,46.2454],[14.8699,46.2418],[14.8789,46.2407],[14.8852,46.2375],[14.8865,46.2409],[14.8896,46.2419],[14.8894,46.2438],[14.8953,46.2442],[14.8967,46.2488],[14.8995,46.2509],[14.8984,46.2546],[14.8928,46.2583],[14.8938,46.2618],[14.9036,46.2618],[14.9198,46.2576],[14.9209,46.2615],[14.9197,46.2647],[14.9296,46.2696],[14.9373,46.2723],[14.9393,46.27],[14.9447,46.2691],[14.9493,46.2704],[14.9511,46.2743],[14.9463,46.278],[14.9463,46.2811],[14.9527,46.2818],[14.9544,46.2806],[14.954,46.2782],[14.9658,46.2791],[14.9693,46.2803],[14.9705,46.2821],[14.9677,46.2853],[14.9727,46.2912],[14.9703,46.2948],[14.9696,46.2992],[14.9652,46.3012],[14.9685,46.3047],[14.9661,46.3103],[14.968,46.3155],[14.9601,46.3206],[14.958,46.3253],[14.9479,46.3294],[14.9485,46.332],[14.9467,46.3339],[14.9415,46.335],[14.9375,46.334],[14.9364,46.3325],[14.9396,46.3307],[14.9371,46.329],[14.9381,46.3272],[14.9302,46.3276],[14.9313,46.3217],[14.9354,46.3195],[14.9383,46.3206],[14.9385,46.3194],[14.9397,46.3196],[14.938,46.317],[14.9393,46.3164],[14.9378,46.316],[14.9405,46.3135],[14.9387,46.313],[14.9381,46.311],[14.934,46.308],[14.9192,46.3],[14.9125,46.3002],[14.9054,46.295],[14.8958,46.2952],[14.8951,46.297],[14.8877,46.2984],[14.8862,46.2969],[14.8869,46.2987],[14.8811,46.2999],[14.8805,46.2983],[14.8779,46.2987],[14.8763,46.2973],[14.8783,46.2964],[14.8785,46.2942],[14.8727,46.2933],[14.8743,46.2915],[14.874,46.2893],[14.8757,46.2881],[14.874,46.2877],[14.8722,46.2849],[14.8676,46.2831],[14.8645,46.2842],[14.8649,46.2825],[14.8625,46.2807],[14.8633,46.2793],[14.8568,46.2762],[14.8592,46.2744],[14.8559,46.2654],[14.8531,46.2621],[14.8542,46.2503]]]}},{"type":"Feature","properties":{"id":"110200000110279622","name":"Novo mesto"},"geometry":{"type":"Polygon","coordinates":[[[15.2596,45.7261],[15.2755,45.737],[15.2748,45.7401],[15.2785,45.7394],[15.2793,45.7429],[15.2907,45.7457],[15.2949,45.7477],[15.2959,45.7496],[15.2953,45.7509],[15.3,45.7543],[15.3073,45.7548],[15.3164,45.7597],[15.3148,45.7684],[15.3119,45.7715],[15.3136,45.774],[15.3106,45.7782],[15.3097,45.7819],[15.3112,45.7849],[15.31,45.7874],[15.3053,45.789],[15.305,45.7915],[15.2994,45.7946],[15.2969,45.7947],[15.288,45.799],[15.289,45.8012],[15.2877,45.8046],[15.2849,45.8076],[15.2828,45.807],[15.282,45.808],[15.2827,45.8086],[15.2806,45.8116],[15.2816,45.8129],[15.2794,45.8176],[15.2764,45.8201],[15.2677,45.8186],[15.266,45.8197],[15.2598,45.8323],[15.2612,45.8354],[15.2595,45.8353],[15.2589,45.8369],[15.2599,45.8371],[15.2601,45.8415],[15.2588,45.8448],[15.2535,45.8485],[15.2516,45.8497],[15.2526,45.8508],[15.2469,45.853],[15.2459,45.8561],[15.2429,45.8591],[15.2342,45.8582],[15.2315,45.8548],[15.2262,45.8515],[15.2239,45.8526],[15.223,45.8555],[15.2187,45.8538],[15.2163,45.8544],[15.217,45.8573],[15.2157,45.8575],[15.2163,45.8595],[15.2147,45.8604],[15.2149,45.8625],[15.2092,45.8652],[15.1994,45.877],[15.1919,45.8744],[15.1893,45.8709],[15.1765,45.867],[15.1682,45.8708],[15.1613,45.871],[15.1561,45.8739],[15.15,45.8724],[15.1456,45.8762],[15.1419,45.8734],[15.1374,45.8747],[15.1311,45.867],[15.1333,45.8664],[15.1327,45.8658],[15.1343,45.8644],[15.1304,45.8637],[15.1336,45.8545],[15.1314,45.8465],[15.1268,45.8482],[15.1188,45.847],[15.1122,45.8486],[15.1098,45.8465],[15.1148,45.8417],[15.1147,45.8356],[15.112,45.8324],[15.1071,45.8312],[15.1063,45.8292],[15.1076,45.8277],[15.1079,45.8216],[15.1063,45.8205],[15.1006,45.8212],[15.0951,45.8248],[15.0958,45.8229],[15.0925,45.8177],[15.095,45.8161],[15.0968,45.8173],[15.1086,45.8144],[15.1129,45.8123],[15.1123,45.8118],[15.1137,45.8108],[15.1156,45.8109],[15.1149,45.8099],[15.1166,45.8092],[15.1157,45.8067],[15.1171,45.8051],[15.1154,45.8027],[15.1188,45.8034],[15.1186,45.801],[15.1221,45.8009],[15.1203,45.7974],[15.1248,45.7936],[15.1168,45.7897],[15.12,45.7861],[15.1161,45.7841],[15.1147,45.7853],[15.1106,45.7816],[15.1099,45.7786],[15.1126,45.7755],[15.1102,45.7725],[15.1117,45.7717],[15.1099,45.7697],[15.1121,45.7687],[15.1123,45.7671],[15.114,45.7669],[15.1155,45.7639],[15.1084,45.7625],[15.1078,45.7603],[15.1104,45.7583],[15.1063,45.7544],[15.1027,45.7538],[15.1028,45.7491],[15.1177,45.7398],[15.1105,45.7336],[15.1093,45.7309],[15.1078,45.7242],[15.1137,45.7228],[15.119,45.7187],[15.1184,45.7173],[15.1204,45.716],[15.1166,45.7079],[15.1208,45.7064],[15.1199,45.7045],[15.1175,45.7039],[15.1126,45.7065],[15.1118,45.7037],[15.1131,45.7012],[15.103,45.6999],[15.1037,45.7017],[15.1024,45.7006],[15.1025,45.6987],[15.1004,45.6989],[15.0986,45.6952],[15.0973,45.695],[15.1007,45.6886],[15.1057,45.6883],[15.1107,45.6901],[15.1137,45.6881],[15.1232,45.6923],[15.1273,45.6931],[15.1332,45.6915],[15.1396,45.6947],[15.146,45.6946],[15.1461,45.6962],[15.1496,45.6957],[15.1501,45.6937],[15.1539,45.6948],[15.1588,45.6893],[15.1664,45.6869],[15.1676,45.6861],[15.1673,45.685],[15.1718,45.6845],[15.1757,45.6866],[15.1782,45.6904],[15.2031,45.6975],[15.2047,45.6997],[15.2069,45.6996],[15.2054,45.7028],[15.2077,45.7054],[15.2106,45.7071],[15.2125,45.7059],[15.2157,45.7073],[15.2197,45.7094],[15.2194,45.7112],[15.2213,45.7128],[15.2224,45.7123],[15.2251,45.7139],[15.2247,45.7157],[15.2299,45.7172],[15.2336,45.7206],[15.2387,45.721],[15.2403,45.7238],[15.2443,45.7243],[15.247,45.7231],[15.2471,45.7244],[15.2529,45.7271],[15.2596,45.7261]]]}},{"type":"Feature","properties":{"id":"110200000110279895","name":"Osilnica"},"geometry":{"type":"Polygon","coordinates":[[[14.7223,45.6008],[14.6922,45.5892],[14.695,45.5876],[14.6889,45.5813],[14.6903,45.5807],[14.6904,45.5784],[14.6928,45.5773],[14.6939,45.5712],[14.6978,45.5686],[14.6974,45.5666],[14.7002,45.5627],[14.6987,45.562],[14.6954,45.5558],[14.6909,45.5557],[14.6889,45.553],[14.6906,45.5511],[14.6909,45.5485],[14.6873,45.5454],[14.6885,45.5432],[14.6874,45.541],[14.6886,45.5396],[14.6851,45.5347],[14.6864,45.5308],[14.6906,45.5266],[14.6931,45.5278],[14.7004,45.5254],[14.7023,45.527],[14.7026,45.5301],[14.7014,45.5325],[14.7033,45.5345],[14.7075,45.5348],[14.711,45.5331],[14.7134,45.5347],[14.7156,45.5333],[14.7206,45.5341],[14.7305,45.5289],[14.7354,45.5298],[14.7387,45.524],[14.7555,45.515],[14.7596,45.5104],[14.7691,45.5122],[14.7666,45.5086],[14.7681,45.506],[14.7726,45.5076],[14.7864,45.5067],[14.7891,45.5036],[14.7868,45.5017],[14.7876,45.5007],[14.7913,45.5031],[14.7924,45.5058],[14.7923,45.5202],[14.7954,45.5214],[14.7882,45.5281],[14.7727,45.5365],[14.7561,45.5484],[14.7253,45.5598],[14.7298,45.5664],[14.7295,45.5693],[14.7329,45.5691],[14.7356,45.5725],[14.732,45.5749],[14.7275,45.5756],[14.7223,45.6008]]]}},{"type":"Feature","properties":{"id":"110200000110279978","name":"Piran"},"geometry":{"type":"Polygon","coordinates":[[[13.676,45.4944],[13.673,45.4926],[13.6751,45.4893],[13.6713,45.4815],[13.6719,45.4758],[13.6699,45.4747],[13.6662,45.4755],[13.657,45.4727],[13.656,45.4745],[13.6538,45.4735],[13.6512,45.4749],[13.6502,45.4761],[13.6541,45.4792],[13.6476,45.4837],[13.6468,45.488],[13.6416,45.4876],[13.6404,45.4887],[13.6413,45.4895],[13.6398,45.4913],[13.6437,45.4933],[13.6392,45.4926],[13.6405,45.4947],[13.6376,45.4944],[13.6371,45.4933],[13.628,45.4959],[13.6319,45.4987],[13.6279,45.5031],[13.628,45.5059],[13.6293,45.5062],[13.6295,45.5093],[13.6311,45.5103],[13.6297,45.5106],[13.6294,45.5135],[13.6263,45.5148],[13.6197,45.5224],[13.621,45.5317],[13.6149,45.5342],[13.6163,45.5354],[13.6149,45.536],[13.6157,45.5399],[13.613,45.5398],[13.6108,45.5375],[13.602,45.537],[13.6004,45.531],[13.6037,45.528],[13.6019,45.531],[13.6052,45.5323],[13.6075,45.5312],[13.6074,45.5288],[13.6031,45.5279],[13.5999,45.5253],[13.5929,45.5264],[13.581,45.5252],[13.5735,45.5287],[13.5629,45.5303],[13.567,45.5274],[13.5663,45.5262],[13.5681,45.5281],[13.5687,45.5265],[13.5676,45.5255],[13.5668,45.5262],[13.5664,45.5211],[13.5688,45.5167],[13.572,45.5143],[13.573,45.5137],[13.5739,45.5142],[13.573,45.5148],[13.5777,45.516],[13.5838,45.5131],[13.5928,45.5133],[13.594,45.5118],[13.5932,45.5089],[13.5949,45.508],[13.5946,45.5055],[13.5952,45.5054],[13.595,45.5069],[13.5967,45.5068],[13.5969,45.5051],[13.5955,45.5052],[13.5943,45.5028],[13.5885,45.5027],[13.5844,45.4981],[13.5889,45.4949],[13.5881,45.493],[13.591,45.4912],[13.5929,45.4851],[13.5929,45.4833],[13.5898,45.4793],[13.5884,45.48],[13.5856,45.4784],[13.5953,45.4712],[13.6049,45.4661],[13.6434,45.4591],[13.6502,45.4567],[13.6516,45.4539],[13.6548,45.4522],[13.6616,45.4518],[13.6644,45.4472],[13.6702,45.4455],[13.671,45.4475],[13.6734,45.4478],[13.6735,45.4495],[13.6766,45.4512],[13.6774,45.4497],[13.6843,45.451],[13.6797,45.4554],[13.6789,45.4579],[13.6842,45.455],[13.6875,45.4576],[13.6869,45.4603],[13.6844,45.4614],[13.6863,45.4625],[13.6854,45.4637],[13.6885,45.4674],[13.6874,45.4696],[13.6899,45.4677],[13.6976,45.4724],[13.6992,45.4748],[13.7044,45.4739],[13.709,45.4826],[13.7124,45.486],[13.7113,45.4881],[13.7122,45.4904],[13.708,45.4922],[13.689,45.4938],[13.6812,45.4957],[13.676,45.4944]]]}},{"type":"Feature","properties":{"id":"110200000110280042","name":"Pivka"},"geometry":{"type":"Polygon","coordinates":[[[14.0971,45.625],[14.0994,45.6255],[14.1025,45.6207],[14.1086,45.6213],[14.1157,45.6254],[14.1164,45.6307],[14.1191,45.6338],[14.125,45.6362],[14.1308,45.6324],[14.1329,45.6339],[14.1412,45.6354],[14.1442,45.6312],[14.1564,45.6271],[14.1644,45.6219],[14.1786,45.6224],[14.1876,45.6245],[14.1961,45.6291],[14.2049,45.6254],[14.2104,45.6269],[14.219,45.6268],[14.2314,45.6329],[14.2312,45.6347],[14.2398,45.6402],[14.2396,45.6424],[14.241,45.6435],[14.2445,45.6453],[14.2474,45.6447],[14.2585,45.6474],[14.2671,45.6506],[14.2736,45.6531],[14.2824,45.6592],[14.2848,45.6568],[14.294,45.6573],[14.3004,45.6552],[14.3064,45.658],[14.3208,45.6596],[14.327,45.6618],[14.3315,45.6604],[14.3384,45.6614],[14.3398,45.6631],[14.3396,45.6652],[14.3366,45.6701],[14.3339,45.6713],[14.3256,45.6709],[14.3259,45.6723],[14.3285,45.6722],[14.3284,45.6736],[14.326,45.6743],[14.3284,45.6767],[14.3262,45.6774],[14.3267,45.6784],[14.3492,45.6853],[14.3651,45.6718],[14.3781,45.6578],[14.3751,45.6491],[14.3792,45.6448],[14.3841,45.6443],[14.3852,45.6458],[14.3883,45.6446],[14.3948,45.6467],[14.4021,45.6436],[14.4146,45.6432],[14.4289,45.6461],[14.4323,45.6521],[14.432,45.6544],[14.4366,45.6552],[14.4348,45.6588],[14.4357,45.6618],[14.431,45.6651],[14.4227,45.666],[14.4201,45.6676],[14.4106,45.668],[14.3992,45.677],[14.3794,45.7001],[14.3883,45.7041],[14.3922,45.7044],[14.3885,45.7093],[14.3711,45.719],[14.3447,45.7388],[14.3451,45.7402],[14.3376,45.7384],[14.3306,45.7425],[14.3262,45.7569],[14.3039,45.7496],[14.3019,45.7473],[14.2768,45.7389],[14.2783,45.7378],[14.2708,45.7373],[14.27,45.7365],[14.2751,45.7352],[14.27,45.7346],[14.2691,45.7327],[14.2596,45.729],[14.2575,45.725],[14.2436,45.7255],[14.2404,45.722],[14.2234,45.7177],[14.217,45.7264],[14.2036,45.7177],[14.2036,45.7151],[14.2011,45.7143],[14.1998,45.7161],[14.1977,45.7146],[14.1974,45.7143],[14.1974,45.7132],[14.1986,45.71],[14.1928,45.7107],[14.1907,45.7097],[14.1906,45.7081],[14.1862,45.7082],[14.1719,45.7043],[14.1658,45.7049],[14.1491,45.7015],[14.145,45.7041],[14.1233,45.7107],[14.1178,45.7099],[14.1146,45.7127],[14.1147,45.7143],[14.1125,45.7132],[14.0993,45.7164],[14.0956,45.7089],[14.0864,45.7113],[14.0856,45.7096],[14.0822,45.7104],[14.083,45.7119],[14.0817,45.7124],[14.0801,45.7114],[14.0809,45.71],[14.0778,45.7095],[14.0795,45.7087],[14.0756,45.7055],[14.0753,45.7075],[14.073,45.7077],[14.0734,45.699],[14.0666,45.6927],[14.0694,45.6924],[14.0666,45.6845],[14.0709,45.6823],[14.078,45.6822],[14.0798,45.677],[14.0791,45.6748],[14.08,45.6746],[14.0774,45.671],[14.08,45.6712],[14.0771,45.6683],[14.0819,45.6668],[14.0769,45.6612],[14.0776,45.6597],[14.0735,45.6582],[14.0737,45.655],[14.0779,45.6548],[14.0874,45.6475],[14.0865,45.6464],[14.0878,45.645],[14.0867,45.6442],[14.0877,45.6431],[14.0872,45.6404],[14.0926,45.6371],[14.0924,45.6358],[14.0881,45.633],[14.0833,45.6314],[14.085,45.6296],[14.0971,45.625]]]}},{"type":"Feature","properties":{"id":"110200000110280125","name":"Podvelka"},"geometry":{"type":"Polygon","coordinates":[[[15.2712,46.5687],[15.2803,46.5632],[15.2838,46.5625],[15.2855,46.5599],[15.287,46.5601],[15.2924,46.5559],[15.2932,46.5524],[15.2902,46.5489],[15.2919,46.5459],[15.2963,46.5459],[15.3018,46.5497],[15.3095,46.5501],[15.3112,46.5516],[15.3114,46.5484],[15.3102,46.5474],[15.3153,46.5447],[15.3184,46.5389],[15.3171,46.537],[15.3115,46.5354],[15.3106,46.5259],[15.3131,46.5246],[15.3136,46.521],[15.3096,46.5156],[15.3108,46.5127],[15.3259,46.5119],[15.3269,46.5132],[15.3265,46.5161],[15.3242,46.516],[15.3245,46.5189],[15.3281,46.5189],[15.331,46.5214],[15.3358,46.5213],[15.3371,46.526],[15.3417,46.5291],[15.3382,46.5304],[15.3386,46.5322],[15.3407,46.5328],[15.3404,46.5356],[15.3414,46.5365],[15.339,46.5392],[15.3418,46.5396],[15.3463,46.5457],[15.3441,46.5484],[15.344,46.5526],[15.346,46.5545],[15.3489,46.5535],[15.3503,46.5512],[15.3541,46.5505],[15.3538,46.5554],[15.3579,46.5628],[15.3596,46.5625],[15.3617,46.56],[15.3661,46.5608],[15.3657,46.5633],[15.3698,46.5628],[15.3688,46.5656],[15.3702,46.5666],[15.3677,46.5683],[15.3708,46.5698],[15.3694,46.5726],[15.3723,46.5747],[15.3711,46.5754],[15.369,46.5734],[15.3636,46.5802],[15.3737,46.585],[15.3819,46.583],[15.397,46.5827],[15.4038,46.5802],[15.4059,46.5763],[15.4205,46.5657],[15.425,46.5636],[15.4288,46.5633],[15.4359,46.565],[15.4399,46.5677],[15.4385,46.5783],[15.4403,46.5813],[15.4435,46.5824],[15.4464,46.5854],[15.4435,46.5885],[15.4419,46.5875],[15.4421,46.5858],[15.4346,46.5844],[15.4294,46.5891],[15.4335,46.592],[15.4321,46.5928],[15.4319,46.5977],[15.4367,46.5988],[15.4372,46.6005],[15.4347,46.601],[15.4407,46.6044],[15.441,46.6062],[15.4439,46.6067],[15.4419,46.6071],[15.4417,46.6086],[15.4438,46.6086],[15.4415,46.6119],[15.4449,46.6138],[15.4453,46.6126],[15.4467,46.6129],[15.4447,46.6154],[15.4472,46.616],[15.4477,46.6176],[15.434,46.6186],[15.4325,46.6244],[15.4341,46.6253],[15.4328,46.6259],[15.4344,46.6275],[15.4325,46.6302],[15.4335,46.6315],[15.432,46.6321],[15.4307,46.6352],[15.4181,46.6414],[15.4127,46.6407],[15.4104,46.6429],[15.4112,46.6466],[15.4093,46.6469],[15.4065,46.6509],[15.402,46.6536],[15.3943,46.6519],[15.3885,46.6529],[15.3834,46.6515],[15.3759,46.6519],[15.3723,46.6497],[15.3681,46.6513],[15.3557,46.6515],[15.3537,46.655],[15.3477,46.6537],[15.3442,46.6508],[15.3355,46.6532],[15.3302,46.6414],[15.3339,46.6375],[15.3341,46.6314],[15.331,46.6291],[15.3308,46.6248],[15.3282,46.6224],[15.3288,46.6205],[15.3335,46.6164],[15.3357,46.612],[15.3258,46.6083],[15.3239,46.6093],[15.3098,46.6083],[15.3049,46.6046],[15.3001,46.6067],[15.297,46.6051],[15.2936,46.5997],[15.2851,46.6011],[15.2816,46.5944],[15.2804,46.5941],[15.2843,46.5931],[15.2828,46.5924],[15.285,46.5879],[15.2777,46.5876],[15.2752,46.5823],[15.2778,46.5779],[15.2763,46.5748],[15.2716,46.5729],[15.2712,46.5687]]]}},{"type":"Feature","properties":{"id":"110200000110280398","name":"Ptuj"},"geometry":{"type":"Polygon","coordinates":[[[15.863,46.3856],[15.8694,46.3873],[15.8693,46.3885],[15.873,46.3909],[15.8751,46.3898],[15.8786,46.3906],[15.8753,46.3942],[15.8883,46.3973],[15.8868,46.4008],[15.8948,46.3961],[15.9024,46.4044],[15.9095,46.4053],[15.9062,46.4067],[15.9067,46.408],[15.9103,46.4056],[15.9151,46.4051],[15.9228,46.4096],[15.9338,46.4113],[15.9346,46.4196],[15.9403,46.4209],[15.9357,46.4213],[15.9351,46.4226],[15.9356,46.4284],[15.9402,46.4375],[15.9365,46.4386],[15.9413,46.4428],[15.94,46.4438],[15.9451,46.4475],[15.9462,46.4511],[15.9441,46.4521],[15.9393,46.4533],[15.94,46.4552],[15.939,46.455],[15.9351,46.4603],[15.9347,46.462],[15.9381,46.4617],[15.9378,46.4654],[15.9348,46.471],[15.9379,46.4769],[15.9377,46.4805],[15.9358,46.4832],[15.9261,46.4778],[15.9235,46.4756],[15.9254,46.4755],[15.9242,46.4744],[15.9115,46.4722],[15.9106,46.4694],[15.9115,46.4686],[15.9058,46.4662],[15.9038,46.4634],[15.8987,46.4625],[15.8997,46.4573],[15.8965,46.4566],[15.8964,46.4549],[15.8929,46.4538],[15.8847,46.4531],[15.8833,46.4514],[15.8849,46.449],[15.8759,46.4518],[15.8743,46.4536],[15.8715,46.4524],[15.8646,46.4578],[15.8604,46.4575],[15.8545,46.4616],[15.8569,46.4621],[15.8562,46.464],[15.8499,46.4666],[15.8488,46.4695],[15.8458,46.4692],[15.8488,46.4703],[15.8494,46.4747],[15.843,46.4795],[15.8414,46.4832],[15.836,46.4843],[15.8336,46.4832],[15.8292,46.4868],[15.8224,46.4876],[15.8177,46.4912],[15.8178,46.4935],[15.8203,46.4948],[15.817,46.4948],[15.8112,46.4968],[15.8076,46.4975],[15.8062,46.4955],[15.8034,46.4958],[15.8045,46.4944],[15.8106,46.4925],[15.8117,46.491],[15.8095,46.4896],[15.8104,46.488],[15.8003,46.4874],[15.7959,46.4822],[15.7927,46.4813],[15.7907,46.4823],[15.7846,46.4774],[15.7818,46.478],[15.7779,46.475],[15.7751,46.4689],[15.7903,46.4694],[15.7991,46.4741],[15.8037,46.4691],[15.801,46.4649],[15.8022,46.4618],[15.8161,46.4569],[15.8216,46.4535],[15.8355,46.4376],[15.8397,46.4348],[15.8387,46.4343],[15.8441,46.4285],[15.8462,46.4239],[15.8405,46.4217],[15.8452,46.4198],[15.8448,46.415],[15.8519,46.4155],[15.8539,46.4109],[15.8458,46.4081],[15.8457,46.4059],[15.8497,46.4056],[15.854,46.4026],[15.8472,46.4006],[15.8544,46.3935],[15.8627,46.3976],[15.8683,46.391],[15.8615,46.3884],[15.863,46.3856]]]}},{"type":"Feature","properties":{"id":"110200000110280471","name":"Puconci"},"geometry":{"type":"Polygon","coordinates":[[[16.1073,46.6888],[16.1115,46.6875],[16.1229,46.688],[16.128,46.6855],[16.1312,46.6905],[16.1377,46.6889],[16.1436,46.69],[16.1524,46.6842],[16.1603,46.6962],[16.1632,46.6969],[16.1625,46.6992],[16.165,46.6982],[16.1671,46.6952],[16.1765,46.693],[16.1757,46.6959],[16.1714,46.7033],[16.1697,46.7128],[16.1722,46.7205],[16.176,46.7199],[16.1815,46.7258],[16.1842,46.7226],[16.1876,46.7213],[16.1872,46.7203],[16.1897,46.7203],[16.1891,46.719],[16.1906,46.7209],[16.1924,46.7204],[16.1919,46.7189],[16.1944,46.7185],[16.2018,46.7252],[16.1976,46.7268],[16.2012,46.7316],[16.2041,46.7409],[16.205,46.7419],[16.2084,46.7412],[16.2102,46.7431],[16.2118,46.7445],[16.2074,46.7487],[16.2016,46.7481],[16.1976,46.7498],[16.2004,46.7541],[16.1986,46.7546],[16.1955,46.7521],[16.1852,46.7549],[16.1915,46.7628],[16.1984,46.7684],[16.2133,46.7746],[16.2112,46.7801],[16.2053,46.7847],[16.2035,46.7905],[16.1926,46.7923],[16.188,46.7896],[16.1843,46.7916],[16.1766,46.797],[16.1736,46.8024],[16.1705,46.8036],[16.1651,46.8035],[16.1611,46.807],[16.1624,46.8086],[16.1656,46.8094],[16.1681,46.8128],[16.1658,46.8162],[16.1569,46.8202],[16.1527,46.8231],[16.1517,46.8254],[16.1395,46.826],[16.1356,46.8191],[16.1329,46.8075],[16.1377,46.8018],[16.1374,46.7997],[16.1352,46.7978],[16.1288,46.785],[16.1297,46.7799],[16.1288,46.7784],[16.1242,46.7778],[16.1138,46.7802],[16.1128,46.7756],[16.114,46.7715],[16.1162,46.7698],[16.116,46.7656],[16.1149,46.7632],[16.1122,46.7616],[16.1124,46.7593],[16.1094,46.759],[16.1085,46.7601],[16.1036,46.7584],[16.0968,46.7584],[16.0951,46.765],[16.0887,46.7648],[16.0878,46.7663],[16.0852,46.7664],[16.0847,46.7641],[16.083,46.7633],[16.069,46.7681],[16.0646,46.7611],[16.0634,46.7593],[16.0595,46.758],[16.0572,46.754],[16.0564,46.7523],[16.0611,46.7493],[16.0614,46.7451],[16.0632,46.7428],[16.0634,46.7417],[16.0593,46.7413],[16.0611,46.7381],[16.0575,46.7338],[16.0573,46.7325],[16.0608,46.7308],[16.0585,46.7269],[16.0442,46.7219],[16.0453,46.719],[16.0528,46.7118],[16.0521,46.7107],[16.0553,46.7084],[16.0562,46.7033],[16.06,46.7009],[16.0731,46.6989],[16.0737,46.7004],[16.08,46.6997],[16.0813,46.7008],[16.0858,46.6983],[16.0933,46.6907],[16.1013,46.691],[16.1073,46.6888]]]}},{"type":"Feature","properties":{"id":"110200000110280554","name":"Radeče"},"geometry":{"type":"Polygon","coordinates":[[[15.0829,46.0774],[15.0832,46.0761],[15.0858,46.0753],[15.0841,46.072],[15.0857,46.0713],[15.0836,46.0679],[15.0779,46.0713],[15.0753,46.0711],[15.0675,46.0655],[15.0661,46.061],[15.0682,46.0598],[15.067,46.0595],[15.067,46.0563],[15.0725,46.0514],[15.0716,46.0466],[15.0781,46.0418],[15.0884,46.0408],[15.1008,46.0386],[15.1155,46.0421],[15.1188,46.0418],[15.1211,46.0433],[15.1256,46.0433],[15.1275,46.0461],[15.1358,46.046],[15.1559,46.0404],[15.1666,46.0397],[15.1727,46.0375],[15.1982,46.0343],[15.1993,46.0328],[15.1975,46.0322],[15.1992,46.0291],[15.2054,46.0253],[15.2125,46.0284],[15.2177,46.0275],[15.2224,46.0316],[15.2243,46.032],[15.2252,46.0308],[15.2292,46.0329],[15.2327,46.0327],[15.2362,46.0363],[15.2244,46.0462],[15.2117,46.0448],[15.2047,46.0471],[15.2034,46.0561],[15.2048,46.0591],[15.1978,46.0619],[15.2007,46.0655],[15.1983,46.0677],[15.1997,46.0692],[15.1965,46.0719],[15.1922,46.072],[15.1918,46.0742],[15.1828,46.0784],[15.1746,46.0777],[15.1721,46.0786],[15.171,46.0807],[15.1715,46.0839],[15.1678,46.0867],[15.1589,46.0885],[15.155,46.0931],[15.1522,46.0906],[15.1456,46.0909],[15.1478,46.0886],[15.1404,46.0862],[15.1231,46.0862],[15.1199,46.0903],[15.1146,46.0896],[15.1074,46.0909],[15.102,46.0936],[15.1004,46.0922],[15.1024,46.0903],[15.1028,46.0895],[15.1016,46.0891],[15.1026,46.0884],[15.0993,46.0869],[15.0979,46.0842],[15.099,46.0819],[15.1024,46.0823],[15.1004,46.0795],[15.091,46.0771],[15.0875,46.0792],[15.0847,46.079],[15.0829,46.0774]]]}},{"type":"Feature","properties":{"id":"110200000110280638","name":"Videm"},"geometry":{"type":"Polygon","coordinates":[[[15.9717,46.3072],[15.9679,46.3109],[15.9712,46.3134],[15.9711,46.3162],[15.9661,46.3191],[15.9694,46.3215],[15.9687,46.3232],[15.9576,46.3329],[15.963,46.3347],[15.962,46.3365],[15.9638,46.3378],[15.9612,46.3388],[15.9648,46.341],[15.9644,46.3442],[15.9588,46.3479],[15.9561,46.3472],[15.9523,46.3484],[15.9517,46.3496],[15.955,46.3515],[15.9571,46.3546],[15.9566,46.3559],[15.9585,46.3573],[15.9573,46.3613],[15.9479,46.3641],[15.9434,46.3692],[15.9324,46.3674],[15.9263,46.3678],[15.9273,46.3846],[15.9235,46.3865],[15.9156,46.3851],[15.9078,46.3864],[15.9032,46.3888],[15.8948,46.3961],[15.8868,46.4008],[15.8883,46.3973],[15.8753,46.3942],[15.8786,46.3906],[15.8751,46.3898],[15.873,46.3909],[15.8693,46.3885],[15.8694,46.3873],[15.863,46.3856],[15.8545,46.3857],[15.8571,46.3831],[15.8519,46.3833],[15.8539,46.3862],[15.8497,46.3869],[15.8447,46.384],[15.8439,46.3848],[15.8418,46.3828],[15.8365,46.3885],[15.8309,46.3923],[15.8243,46.3946],[15.8233,46.3963],[15.8138,46.3873],[15.8148,46.37],[15.8123,46.3697],[15.8143,46.3662],[15.812,46.3661],[15.8131,46.364],[15.8121,46.3577],[15.8137,46.3562],[15.8143,46.3516],[15.812,46.35],[15.813,46.3486],[15.811,46.3478],[15.8119,46.3468],[15.8088,46.3446],[15.8075,46.3419],[15.8044,46.341],[15.8031,46.3418],[15.8006,46.3404],[15.8007,46.3371],[15.7967,46.3338],[15.7992,46.3291],[15.7963,46.326],[15.7923,46.3246],[15.7908,46.322],[15.7958,46.3202],[15.7964,46.318],[15.8008,46.3168],[15.8005,46.3137],[15.8036,46.314],[15.8058,46.3161],[15.8132,46.3099],[15.8178,46.3094],[15.8204,46.3103],[15.8197,46.3141],[15.8215,46.3152],[15.8188,46.3178],[15.8197,46.3224],[15.8219,46.3232],[15.8231,46.3255],[15.8237,46.3294],[15.8223,46.3321],[15.8229,46.3338],[15.8152,46.3366],[15.8161,46.339],[15.8266,46.3396],[15.8285,46.3447],[15.8264,46.3465],[15.8306,46.35],[15.8343,46.3497],[15.8366,46.3464],[15.8397,46.3457],[15.846,46.3491],[15.8481,46.3527],[15.8519,46.3508],[15.8592,46.3549],[15.86,46.3526],[15.8617,46.3519],[15.8693,46.3527],[15.8739,46.3551],[15.8742,46.3527],[15.8783,46.3479],[15.8842,46.3485],[15.8878,46.3465],[15.8928,46.3473],[15.8986,46.3441],[15.901,46.3404],[15.9059,46.339],[15.9062,46.3361],[15.9039,46.3333],[15.9093,46.3279],[15.9011,46.3246],[15.9028,46.3184],[15.9014,46.3158],[15.9017,46.3144],[15.9056,46.3123],[15.9057,46.3099],[15.9079,46.3082],[15.9087,46.305],[15.9112,46.3036],[15.9086,46.2955],[15.9125,46.2916],[15.9139,46.2919],[15.9144,46.2904],[15.9129,46.2897],[15.9152,46.2877],[15.9155,46.2857],[15.917,46.2854],[15.9221,46.2873],[15.9244,46.2866],[15.9286,46.2887],[15.9322,46.2886],[15.934,46.2901],[15.9424,46.29],[15.9483,46.2941],[15.9549,46.2941],[15.9572,46.2966],[15.9645,46.2975],[15.967,46.2993],[15.9696,46.3057],[15.9717,46.3072]]]}},{"type":"Feature","properties":{"id":"110200000110280711","name":"Vitanje"},"geometry":{"type":"Polygon","coordinates":[[[15.3258,46.3641],[15.3322,46.3692],[15.329,46.3708],[15.3338,46.3728],[15.3349,46.3719],[15.3371,46.3734],[15.34,46.373],[15.3352,46.3765],[15.3364,46.3781],[15.341,46.3768],[15.3411,46.381],[15.3462,46.3805],[15.347,46.3814],[15.3463,46.3836],[15.3538,46.3822],[15.3532,46.3853],[15.3564,46.3862],[15.3553,46.3882],[15.3559,46.3926],[15.3544,46.3944],[15.356,46.3992],[15.3545,46.4014],[15.3546,46.4049],[15.3472,46.4029],[15.3389,46.406],[15.3298,46.4065],[15.3247,46.4054],[15.3249,46.4153],[15.3287,46.4212],[15.3196,46.4285],[15.3181,46.4322],[15.3215,46.4336],[15.3199,46.4356],[15.3203,46.4369],[15.3237,46.4384],[15.3254,46.442],[15.3278,46.4411],[15.331,46.4414],[15.3343,46.439],[15.3412,46.4444],[15.3434,46.4421],[15.3444,46.4441],[15.3438,46.4457],[15.3407,46.4454],[15.3376,46.4481],[15.337,46.4466],[15.339,46.4435],[15.3364,46.4414],[15.3277,46.4415],[15.3236,46.444],[15.3262,46.4448],[15.3263,46.4469],[15.3207,46.4493],[15.319,46.4483],[15.2941,46.449],[15.2916,46.4472],[15.2822,46.4447],[15.2763,46.4441],[15.2716,46.445],[15.2678,46.4422],[15.2663,46.4425],[15.2668,46.4393],[15.2593,46.4335],[15.2591,46.4305],[15.2555,46.4271],[15.2568,46.4215],[15.2527,46.418],[15.2549,46.4144],[15.254,46.4124],[15.25,46.4104],[15.248,46.4108],[15.2477,46.4078],[15.2455,46.4047],[15.2372,46.399],[15.2363,46.397],[15.2315,46.3972],[15.2313,46.3938],[15.2332,46.3935],[15.234,46.3904],[15.2276,46.3901],[15.2356,46.3875],[15.245,46.382],[15.2482,46.3781],[15.2507,46.3713],[15.2534,46.3695],[15.2539,46.3667],[15.2627,46.3664],[15.2654,46.3642],[15.2757,46.3647],[15.2788,46.3636],[15.278,46.3615],[15.2813,46.366],[15.2938,46.3619],[15.2972,46.3672],[15.3003,46.3674],[15.3258,46.3641]]]}},{"type":"Feature","properties":{"id":"110200000110280802","name":"Vojnik"},"geometry":{"type":"Polygon","coordinates":[[[15.3523,46.261],[15.3558,46.2639],[15.3562,46.2658],[15.3519,46.2693],[15.3507,46.2728],[15.3513,46.2746],[15.3535,46.2754],[15.3527,46.278],[15.3548,46.2847],[15.3593,46.2851],[15.3656,46.2835],[15.3669,46.2865],[15.3717,46.287],[15.3714,46.2894],[15.3789,46.2964],[15.3753,46.2965],[15.3691,46.2992],[15.3666,46.2975],[15.3616,46.302],[15.3641,46.3034],[15.3654,46.3069],[15.3706,46.3117],[15.3676,46.3155],[15.3631,46.3161],[15.3618,46.3191],[15.3563,46.3222],[15.3578,46.3241],[15.3561,46.3249],[15.3565,46.3259],[15.3615,46.3286],[15.365,46.3341],[15.3616,46.3333],[15.3579,46.3343],[15.3374,46.3442],[15.3324,46.3432],[15.3369,46.349],[15.3363,46.3509],[15.3332,46.3524],[15.3342,46.3553],[15.3332,46.3628],[15.3258,46.3641],[15.3003,46.3674],[15.2972,46.3672],[15.2938,46.3619],[15.2813,46.366],[15.278,46.3615],[15.2788,46.3636],[15.2757,46.3647],[15.2654,46.3642],[15.2631,46.3629],[15.2676,46.3604],[15.2618,46.3586],[15.2624,46.357],[15.2566,46.3578],[15.2538,46.3527],[15.2548,46.3485],[15.2535,46.3471],[15.2547,46.3446],[15.254,46.3428],[15.2584,46.3392],[15.2486,46.3386],[15.2464,46.3332],[15.2412,46.33],[15.2417,46.3288],[15.2391,46.3252],[15.2358,46.3226],[15.2359,46.3194],[15.2375,46.3163],[15.2411,46.3148],[15.2513,46.3127],[15.2523,46.3108],[15.2561,46.3111],[15.26,46.3094],[15.2616,46.3102],[15.2677,46.3076],[15.2694,46.3043],[15.2744,46.3002],[15.2718,46.2933],[15.2746,46.293],[15.2758,46.2925],[15.2752,46.2914],[15.2845,46.2877],[15.2786,46.2845],[15.279,46.283],[15.2775,46.282],[15.2791,46.2801],[15.2816,46.2798],[15.2807,46.2773],[15.2842,46.277],[15.2862,46.2783],[15.2893,46.2764],[15.2989,46.2756],[15.2995,46.2718],[15.3008,46.2711],[15.3015,46.2728],[15.3031,46.2731],[15.3062,46.2729],[15.3061,46.2714],[15.3078,46.2727],[15.3089,46.2721],[15.3092,46.2748],[15.3113,46.2761],[15.3155,46.2727],[15.3148,46.2748],[15.3182,46.2781],[15.3284,46.2708],[15.3331,46.2704],[15.3357,46.2678],[15.3403,46.2681],[15.3407,46.266],[15.3443,46.2665],[15.347,46.2654],[15.3461,46.2639],[15.3492,46.2646],[15.3523,46.261]]]}},{"type":"Feature","properties":{"id":"110200000110280984","name":"Vuzenica"},"geometry":{"type":"Polygon","coordinates":[[[15.104,46.5647],[15.1043,46.562],[15.1062,46.5603],[15.1144,46.5561],[15.1206,46.5557],[15.1264,46.553],[15.1282,46.5501],[15.1372,46.5477],[15.1384,46.5457],[15.1374,46.5426],[15.139,46.5376],[15.1375,46.5331],[15.1341,46.5298],[15.138,46.5279],[15.1398,46.5249],[15.1499,46.5242],[15.1514,46.521],[15.1563,46.5189],[15.1614,46.5186],[15.1691,46.5219],[15.177,46.516],[15.1885,46.5134],[15.1979,46.5212],[15.1994,46.5259],[15.1941,46.5238],[15.186,46.5231],[15.1797,46.5248],[15.1783,46.5262],[15.1798,46.5293],[15.1777,46.5317],[15.178,46.5353],[15.1744,46.5358],[15.1715,46.5384],[15.1709,46.5428],[15.1775,46.5435],[15.1763,46.5473],[15.1771,46.5491],[15.1867,46.553],[15.1852,46.5545],[15.1852,46.5576],[15.1899,46.5587],[15.1913,46.5605],[15.1912,46.5638],[15.1872,46.5657],[15.1875,46.5668],[15.1944,46.5694],[15.1903,46.5703],[15.1862,46.5694],[15.1791,46.5752],[15.184,46.5754],[15.19,46.5731],[15.1928,46.574],[15.1988,46.5698],[15.2004,46.5702],[15.2011,46.5726],[15.2088,46.5819],[15.2093,46.5843],[15.2179,46.5922],[15.2141,46.5934],[15.2151,46.595],[15.2124,46.5965],[15.2116,46.5985],[15.2134,46.5998],[15.2093,46.6032],[15.2054,46.6045],[15.2003,46.6031],[15.1976,46.6037],[15.1893,46.6127],[15.1828,46.6163],[15.1797,46.6157],[15.1745,46.6111],[15.1714,46.6101],[15.1679,46.6036],[15.1583,46.5963],[15.1506,46.5925],[15.144,46.5914],[15.1277,46.5944],[15.1231,46.5916],[15.1186,46.5945],[15.1168,46.594],[15.1168,46.5957],[15.1125,46.5961],[15.1105,46.5938],[15.1112,46.591],[15.109,46.5899],[15.1085,46.5879],[15.1116,46.5846],[15.1002,46.5828],[15.1045,46.579],[15.1038,46.5772],[15.1061,46.5746],[15.1061,46.5727],[15.1092,46.5715],[15.1086,46.5696],[15.1066,46.5703],[15.1089,46.5677],[15.1081,46.5664],[15.104,46.5647]]]}},{"type":"Feature","properties":{"id":"110200000110281016","name":"Zavrč"},"geometry":{"type":"Polygon","coordinates":[[[16.022,46.381],[16.0233,46.3774],[16.0227,46.3726],[16.0186,46.3721],[16.0213,46.3678],[16.0158,46.3653],[16.0181,46.3612],[16.0156,46.3585],[16.0184,46.3559],[16.0213,46.3563],[16.0232,46.3542],[16.0278,46.3554],[16.028,46.3524],[16.0303,46.349],[16.0275,46.3404],[16.0297,46.3364],[16.033,46.3378],[16.0351,46.3362],[16.0426,46.3376],[16.0484,46.335],[16.0532,46.3351],[16.0615,46.3419],[16.0667,46.3419],[16.0688,46.3398],[16.0723,46.341],[16.0732,46.3433],[16.0774,46.3458],[16.0743,46.355],[16.0751,46.357],[16.0725,46.3613],[16.0725,46.3648],[16.0639,46.3733],[16.0611,46.3742],[16.0609,46.3761],[16.0557,46.3784],[16.0554,46.3801],[16.0524,46.3803],[16.0503,46.3821],[16.0526,46.3834],[16.0528,46.3855],[16.0555,46.3867],[16.0538,46.3883],[16.0559,46.39],[16.0508,46.3922],[16.042,46.3922],[16.0396,46.391],[16.0406,46.3897],[16.022,46.381]]]}},{"type":"Feature","properties":{"id":"110200000110281289","name":"Železniki"},"geometry":{"type":"Polygon","coordinates":[[[14.2476,46.2413],[14.2448,46.2413],[14.2354,46.2464],[14.2331,46.2525],[14.2327,46.252],[14.2333,46.2502],[14.229,46.2492],[14.2289,46.2456],[14.2251,46.2483],[14.2219,46.246],[14.2199,46.2481],[14.218,46.2466],[14.2056,46.2475],[14.2034,46.2496],[14.2051,46.2532],[14.1974,46.2531],[14.1949,46.2569],[14.1945,46.261],[14.191,46.2615],[14.1888,46.2689],[14.1865,46.2712],[14.1787,46.2749],[14.1702,46.2754],[14.1638,46.2791],[14.1621,46.2796],[14.1571,46.276],[14.1499,46.2746],[14.1391,46.2762],[14.1298,46.2811],[14.1149,46.281],[14.1081,46.283],[14.1071,46.2812],[14.1012,46.2807],[14.097,46.2782],[14.0961,46.2759],[14.0984,46.2723],[14.0973,46.2691],[14.0947,46.2667],[14.0952,46.2582],[14.092,46.2496],[14.0954,46.2418],[14.0926,46.2376],[14.0801,46.2368],[14.0754,46.2402],[14.0702,46.2395],[14.0616,46.2434],[14.0567,46.2428],[14.049,46.2472],[14.0298,46.252],[14.0276,46.2493],[14.0108,46.2471],[14.0067,46.2442],[13.9957,46.2427],[13.9999,46.2387],[13.9932,46.2369],[14.0067,46.2296],[14.0063,46.2265],[14.0078,46.226],[14.0067,46.2205],[14.0085,46.2177],[14.0064,46.2173],[14.0044,46.2117],[14.0056,46.2097],[13.997,46.2088],[13.9946,46.2073],[13.9895,46.2007],[13.9882,46.193],[13.9895,46.1916],[13.9891,46.1877],[13.9855,46.1834],[13.9894,46.1805],[13.9859,46.18],[13.9867,46.1764],[13.9912,46.1759],[13.9901,46.1734],[13.9971,46.1704],[14.0049,46.1696],[14.0077,46.1714],[14.0115,46.1707],[14.0158,46.1728],[14.0243,46.1691],[14.0275,46.169],[14.0324,46.1716],[14.0396,46.1723],[14.0472,46.1688],[14.0516,46.1684],[14.0525,46.1696],[14.0589,46.1669],[14.0613,46.1678],[14.0625,46.1665],[14.066,46.1663],[14.0659,46.1649],[14.0738,46.1655],[14.0734,46.1564],[14.0755,46.1561],[14.0752,46.1536],[14.0782,46.1536],[14.08,46.1552],[14.0846,46.1561],[14.0901,46.1661],[14.083,46.1686],[14.0875,46.1705],[14.0886,46.1693],[14.0951,46.1684],[14.0996,46.1686],[14.0998,46.1701],[14.1054,46.1712],[14.1043,46.1686],[14.106,46.1669],[14.1135,46.165],[14.115,46.1652],[14.1083,46.1699],[14.1118,46.1722],[14.1157,46.173],[14.1172,46.172],[14.123,46.1721],[14.1275,46.1743],[14.1304,46.1736],[14.1397,46.1782],[14.1415,46.1781],[14.1424,46.1756],[14.1475,46.1772],[14.1488,46.1751],[14.1513,46.1746],[14.1559,46.1752],[14.1595,46.1784],[14.1616,46.177],[14.1634,46.181],[14.1617,46.1827],[14.1614,46.1877],[14.1696,46.1896],[14.1755,46.1945],[14.1833,46.1968],[14.1883,46.2016],[14.1999,46.1995],[14.202,46.2004],[14.2013,46.2039],[14.205,46.204],[14.2118,46.2012],[14.2183,46.2047],[14.2213,46.2046],[14.2226,46.2027],[14.2318,46.2036],[14.2302,46.2053],[14.2319,46.2056],[14.2303,46.2068],[14.2321,46.2068],[14.2306,46.21],[14.2324,46.2107],[14.2307,46.2151],[14.233,46.2161],[14.2323,46.2187],[14.2341,46.2179],[14.2377,46.2188],[14.2391,46.2177],[14.2389,46.219],[14.2405,46.2203],[14.2397,46.2212],[14.2372,46.2205],[14.2305,46.2256],[14.2263,46.2265],[14.2264,46.2279],[14.2313,46.2299],[14.2307,46.2322],[14.2442,46.2322],[14.2458,46.2357],[14.2436,46.2379],[14.2459,46.2395],[14.2456,46.2409],[14.2476,46.2413]]]}},{"type":"Feature","properties":{"id":"110200000214276243","name":"Benedikt"},"geometry":{"type":"Polygon","coordinates":[[[15.8527,46.6119],[15.8528,46.61],[15.8568,46.6122],[15.8654,46.6112],[15.8694,46.6007],[15.8769,46.5991],[15.8773,46.5963],[15.8812,46.5942],[15.8858,46.5839],[15.8888,46.581],[15.8949,46.5816],[15.8919,46.5853],[15.8922,46.589],[15.8958,46.5887],[15.8956,46.5868],[15.8977,46.5887],[15.9031,46.5881],[15.9044,46.5852],[15.9078,46.5865],[15.9085,46.5907],[15.9142,46.5897],[15.9173,46.5932],[15.9233,46.5961],[15.924,46.5972],[15.9203,46.5982],[15.9124,46.6062],[15.9105,46.6116],[15.9121,46.6155],[15.9092,46.6169],[15.9081,46.6202],[15.9057,46.6217],[15.9085,46.6248],[15.9161,46.624],[15.9213,46.626],[15.9225,46.6272],[15.9211,46.6294],[15.9218,46.6301],[15.9286,46.6306],[15.9288,46.6329],[15.9342,46.6357],[15.9348,46.6389],[15.9339,46.64],[15.9267,46.6384],[15.9191,46.6411],[15.9174,46.6409],[15.9159,46.6382],[15.9106,46.6371],[15.906,46.6381],[15.9045,46.6408],[15.9017,46.642],[15.899,46.6409],[15.8936,46.6415],[15.8919,46.6422],[15.8911,46.6447],[15.8857,46.6452],[15.8835,46.6439],[15.8728,46.6471],[15.8692,46.6459],[15.8685,46.6469],[15.8705,46.6433],[15.8679,46.6424],[15.8651,46.6387],[15.8675,46.6358],[15.8678,46.6305],[15.8646,46.63],[15.865,46.6284],[15.8633,46.6257],[15.8605,46.6265],[15.858,46.6228],[15.8556,46.6231],[15.8526,46.6209],[15.8552,46.619],[15.8547,46.6176],[15.8515,46.6177],[15.8527,46.6119]]]}},{"type":"Feature","properties":{"id":"110200000214276326","name":"Bistrica ob Sotli"},"geometry":{"type":"Polygon","coordinates":[[[15.6515,46.0306],[15.6579,46.0308],[15.6563,46.0335],[15.6582,46.0349],[15.6587,46.0379],[15.6647,46.0437],[15.664,46.045],[15.6666,46.0464],[15.6777,46.0476],[15.6865,46.0445],[15.6889,46.0452],[15.6898,46.0439],[15.702,46.0514],[15.7093,46.0514],[15.7129,46.05],[15.7103,46.0492],[15.7151,46.049],[15.7189,46.0527],[15.7217,46.0518],[15.7199,46.0549],[15.7155,46.0574],[15.7142,46.0598],[15.71,46.0584],[15.698,46.0621],[15.6905,46.0627],[15.6896,46.0635],[15.6911,46.0635],[15.691,46.0647],[15.6871,46.0643],[15.688,46.066],[15.6861,46.0667],[15.6899,46.0672],[15.6906,46.0685],[15.688,46.068],[15.6869,46.0699],[15.6864,46.0676],[15.6831,46.0669],[15.6823,46.0679],[15.6847,46.069],[15.683,46.0702],[15.6816,46.0702],[15.682,46.0686],[15.6814,46.0682],[15.6801,46.069],[15.6815,46.0693],[15.6803,46.0715],[15.6787,46.0716],[15.6789,46.0704],[15.6762,46.0715],[15.6741,46.0705],[15.6701,46.0723],[15.6732,46.0733],[15.6706,46.074],[15.6667,46.0734],[15.6624,46.0703],[15.6584,46.0713],[15.6573,46.0739],[15.6589,46.0804],[15.6563,46.0809],[15.6548,46.0844],[15.6527,46.0825],[15.6486,46.083],[15.6481,46.084],[15.6492,46.0833],[15.6503,46.0845],[15.6486,46.0849],[15.6485,46.0872],[15.6425,46.088],[15.6434,46.0872],[15.6411,46.0842],[15.6357,46.0833],[15.6346,46.0853],[15.6327,46.0835],[15.6302,46.0859],[15.6273,46.086],[15.6266,46.0852],[15.6281,46.084],[15.6236,46.0821],[15.6244,46.0813],[15.6153,46.0748],[15.6135,46.0723],[15.6148,46.0716],[15.6125,46.0718],[15.6092,46.0752],[15.6048,46.0755],[15.6045,46.0733],[15.6008,46.0713],[15.5988,46.0725],[15.5977,46.0689],[15.6008,46.0616],[15.6008,46.0561],[15.5993,46.0545],[15.6017,46.0502],[15.6004,46.0482],[15.6044,46.0452],[15.6055,46.04],[15.6086,46.0382],[15.6147,46.0393],[15.6184,46.0373],[15.6221,46.0377],[15.6215,46.036],[15.6225,46.0346],[15.6362,46.0352],[15.6387,46.0368],[15.6388,46.0385],[15.6464,46.0412],[15.6504,46.038],[15.6559,46.0365],[15.6466,46.0325],[15.6468,46.0315],[15.6535,46.0313],[15.6515,46.0306]]]}},{"type":"Feature","properties":{"id":"110200000214276599","name":"Bloke"},"geometry":{"type":"Polygon","coordinates":[[[14.5057,45.8424],[14.5048,45.8439],[14.4992,45.8412],[14.499,45.8381],[14.4974,45.8373],[14.4876,45.8359],[14.4814,45.8364],[14.4849,45.8326],[14.4837,45.8292],[14.4803,45.8278],[14.4744,45.8285],[14.4728,45.8266],[14.4649,45.8239],[14.468,45.8225],[14.4693,45.8191],[14.4709,45.8182],[14.4652,45.8195],[14.4591,45.8184],[14.4566,45.8191],[14.454,45.8159],[14.4494,45.8133],[14.4475,45.8096],[14.4507,45.8085],[14.4507,45.8029],[14.4437,45.7982],[14.4401,45.7992],[14.4371,45.7978],[14.4396,45.7943],[14.4408,45.7955],[14.4422,45.795],[14.4402,45.7935],[14.4411,45.7928],[14.4447,45.791],[14.4466,45.7924],[14.4502,45.7895],[14.4515,45.7834],[14.4471,45.7801],[14.4495,45.7772],[14.4465,45.7759],[14.4479,45.7759],[14.4532,45.7783],[14.4633,45.7719],[14.4627,45.7697],[14.4636,45.7685],[14.4682,45.7671],[14.4709,45.7696],[14.4772,45.7691],[14.4799,45.7654],[14.4822,45.7671],[14.4866,45.7677],[14.4949,45.7607],[14.4946,45.7579],[14.4986,45.7569],[14.4791,45.7491],[14.4914,45.7425],[14.4962,45.7418],[14.4985,45.7395],[14.4999,45.7345],[14.5015,45.7343],[14.506,45.7299],[14.5066,45.7316],[14.5086,45.7299],[14.5116,45.7303],[14.5176,45.735],[14.5198,45.7338],[14.5205,45.7345],[14.5219,45.7319],[14.5268,45.7321],[14.5376,45.7394],[14.5479,45.7439],[14.5573,45.7342],[14.5641,45.7335],[14.5656,45.7356],[14.5683,45.7365],[14.5752,45.7373],[14.5766,45.7358],[14.5789,45.7376],[14.5763,45.7378],[14.5767,45.7401],[14.5714,45.7443],[14.5709,45.7477],[14.5704,45.7467],[14.5691,45.7475],[14.5706,45.7483],[14.569,45.7513],[14.5655,45.7528],[14.5659,45.7569],[14.5675,45.7581],[14.5661,45.7602],[14.5707,45.7636],[14.5713,45.7667],[14.5687,45.7739],[14.5698,45.7773],[14.5676,45.7788],[14.5545,45.7787],[14.546,45.7852],[14.5474,45.7886],[14.5509,45.7874],[14.5542,45.7889],[14.5628,45.7886],[14.5649,45.7915],[14.5636,45.7946],[14.5605,45.7966],[14.5561,45.7971],[14.5511,45.7999],[14.5482,45.8081],[14.5497,45.8108],[14.5466,45.8138],[14.5353,45.8152],[14.532,45.8136],[14.5297,45.8148],[14.5288,45.8174],[14.5302,45.8189],[14.5286,45.8217],[14.5249,45.8237],[14.5239,45.8276],[14.5162,45.831],[14.5126,45.8359],[14.5109,45.8361],[14.5108,45.8376],[14.5055,45.8397],[14.5057,45.8424]]]}},{"type":"Feature","properties":{"id":"110200000214276672","name":"Braslovče"},"geometry":{"type":"Polygon","coordinates":[[[15.0457,46.227],[15.0487,46.2296],[15.0524,46.2283],[15.053,46.2305],[15.06,46.2296],[15.0622,46.2346],[15.066,46.2364],[15.0662,46.2394],[15.0733,46.2403],[15.0684,46.2459],[15.0768,46.2474],[15.0756,46.2503],[15.0798,46.2511],[15.079,46.2552],[15.0852,46.2561],[15.0846,46.2569],[15.0914,46.2586],[15.0785,46.2669],[15.067,46.2791],[15.0595,46.2875],[15.0617,46.2875],[15.062,46.2897],[15.0533,46.2957],[15.0493,46.3012],[15.0483,46.305],[15.0476,46.3103],[15.0373,46.3172],[15.037,46.3213],[15.0303,46.3216],[15.0293,46.3247],[15.024,46.3262],[15.0217,46.3285],[15.0176,46.329],[15.0161,46.328],[15.0079,46.334],[15.0005,46.3321],[14.9982,46.3287],[14.992,46.3276],[14.9915,46.3243],[14.9875,46.3202],[14.9895,46.3124],[14.9846,46.3084],[14.9793,46.3086],[14.9767,46.3048],[14.9742,46.305],[14.9737,46.3015],[14.9696,46.2992],[14.9703,46.2948],[14.9727,46.2912],[14.9677,46.2853],[14.9705,46.2821],[14.9693,46.2803],[14.9658,46.2791],[14.9753,46.2772],[14.987,46.2651],[14.9946,46.2656],[14.9984,46.2605],[15.0105,46.2596],[15.0169,46.2593],[15.0171,46.2581],[15.0217,46.256],[15.0224,46.257],[15.0263,46.2573],[15.0299,46.2544],[15.0275,46.2498],[15.0306,46.2488],[15.0308,46.2476],[15.0351,46.2475],[15.0354,46.2458],[15.0333,46.2456],[15.0329,46.2433],[15.0454,46.242],[15.0397,46.2397],[15.0417,46.2375],[15.0392,46.233],[15.0442,46.2347],[15.0437,46.2333],[15.0451,46.2317],[15.044,46.2314],[15.0454,46.2291],[15.0441,46.2292],[15.0438,46.2277],[15.0457,46.227]]]}},{"type":"Feature","properties":{"id":"110200000214276755","name":"Cankova"},"geometry":{"type":"Polygon","coordinates":[[[16.0395,46.6909],[16.0436,46.6913],[16.044,46.6931],[16.0501,46.6913],[16.06,46.7009],[16.0562,46.7033],[16.0553,46.7084],[16.0521,46.7107],[16.0528,46.7118],[16.0453,46.719],[16.0442,46.7219],[16.0585,46.7269],[16.0608,46.7308],[16.0573,46.7325],[16.0575,46.7338],[16.0611,46.7381],[16.0593,46.7413],[16.0634,46.7417],[16.0632,46.7428],[16.0614,46.7451],[16.0611,46.7493],[16.0564,46.7523],[16.0572,46.754],[16.0537,46.7549],[16.0532,46.757],[16.0405,46.7574],[16.036,46.7586],[16.0209,46.7556],[16.0153,46.7589],[16.0151,46.7622],[16.0076,46.7686],[16.0082,46.7736],[15.9891,46.7748],[15.9903,46.7722],[15.9887,46.7694],[15.9892,46.7638],[15.9882,46.7614],[15.9898,46.7578],[15.9848,46.7521],[15.9865,46.7504],[15.9887,46.7443],[15.9882,46.7408],[15.9917,46.7375],[15.9933,46.7312],[16.0036,46.7231],[16.0017,46.7193],[16.0037,46.7171],[16.0081,46.7161],[16.0118,46.7175],[16.0144,46.7169],[16.0168,46.7159],[16.0214,46.7109],[16.0297,46.7118],[16.0273,46.7056],[16.0294,46.7041],[16.0288,46.7009],[16.0343,46.6974],[16.0395,46.6909]]]}},{"type":"Feature","properties":{"id":"110200000214276839","name":"Cerkvenjak"},"geometry":{"type":"Polygon","coordinates":[[[15.9211,46.5392],[15.9207,46.5426],[15.9217,46.5434],[15.9327,46.5434],[15.9389,46.5414],[15.9391,46.5381],[15.9418,46.538],[15.9409,46.5321],[15.9442,46.5326],[15.9462,46.5308],[15.9518,46.5321],[15.9525,46.5307],[15.9529,46.534],[15.9553,46.5331],[15.9592,46.5343],[15.9587,46.5364],[15.9598,46.5383],[15.9613,46.5374],[15.9624,46.5385],[15.9637,46.5371],[15.9648,46.5388],[15.9707,46.538],[15.9727,46.543],[15.9746,46.5423],[15.9811,46.5464],[15.9763,46.5503],[15.9778,46.5517],[15.9763,46.5526],[15.9753,46.5518],[15.9754,46.5533],[15.9706,46.5543],[15.9663,46.5569],[15.9666,46.5605],[15.9638,46.5652],[15.9729,46.574],[15.974,46.5855],[15.966,46.5881],[15.9597,46.5885],[15.9535,46.5867],[15.9444,46.5888],[15.94,46.5828],[15.9275,46.5831],[15.9204,46.5772],[15.9171,46.5765],[15.9121,46.5725],[15.9031,46.5714],[15.9028,46.5691],[15.905,46.5681],[15.9046,46.5651],[15.9036,46.5649],[15.9049,46.5641],[15.9039,46.5638],[15.904,46.5602],[15.9056,46.5582],[15.9026,46.5563],[15.9083,46.5543],[15.9086,46.5517],[15.9139,46.5454],[15.9128,46.5411],[15.9146,46.5393],[15.9163,46.5381],[15.9211,46.5392]]]}},{"type":"Feature","properties":{"id":"110200000214276912","name":"Dobje"},"geometry":{"type":"Polygon","coordinates":[[[15.3751,46.1126],[15.3765,46.1102],[15.3791,46.1094],[15.3841,46.1106],[15.3951,46.1095],[15.3968,46.1172],[15.4004,46.1188],[15.4056,46.1187],[15.406,46.12],[15.4121,46.1222],[15.4131,46.1268],[15.4112,46.129],[15.4153,46.1292],[15.415,46.1307],[15.4176,46.1293],[15.4159,46.1288],[15.4165,46.1272],[15.4225,46.1204],[15.4275,46.1179],[15.4286,46.1198],[15.4317,46.1197],[15.4344,46.1218],[15.4293,46.1275],[15.4298,46.1284],[15.4358,46.1273],[15.4342,46.1284],[15.4347,46.1292],[15.437,46.1282],[15.4357,46.1347],[15.437,46.139],[15.4314,46.1393],[15.4293,46.1379],[15.427,46.1381],[15.4264,46.1416],[15.4147,46.1428],[15.4134,46.1457],[15.4159,46.147],[15.415,46.1481],[15.4075,46.147],[15.4061,46.1485],[15.4062,46.1511],[15.4048,46.1518],[15.4067,46.1533],[15.4043,46.1556],[15.41,46.1575],[15.4095,46.1589],[15.4063,46.1602],[15.3957,46.1555],[15.3916,46.155],[15.3905,46.1537],[15.3914,46.1505],[15.3858,46.1495],[15.384,46.1478],[15.3826,46.1483],[15.3788,46.1451],[15.3791,46.1439],[15.372,46.1443],[15.3712,46.1455],[15.3699,46.1449],[15.3694,46.1426],[15.3675,46.1422],[15.3689,46.1382],[15.363,46.1362],[15.3654,46.1337],[15.3659,46.1298],[15.3644,46.1278],[15.3664,46.1263],[15.3655,46.1256],[15.3693,46.1214],[15.3715,46.116],[15.3731,46.1145],[15.3734,46.1157],[15.3753,46.1155],[15.3751,46.1126]]]}},{"type":"Feature","properties":{"id":"110200000214277050","name":"Dobrna"},"geometry":{"type":"Polygon","coordinates":[[[15.1876,46.3867],[15.1891,46.3831],[15.1868,46.3813],[15.1868,46.379],[15.1897,46.3762],[15.1893,46.3743],[15.1923,46.3721],[15.1911,46.3692],[15.194,46.3658],[15.1931,46.3619],[15.2028,46.3523],[15.2046,46.3488],[15.2023,46.3474],[15.2042,46.3465],[15.2039,46.3446],[15.2058,46.3434],[15.2045,46.3407],[15.2001,46.3399],[15.2013,46.335],[15.1964,46.3326],[15.1953,46.3286],[15.1924,46.3264],[15.1935,46.3257],[15.1988,46.3261],[15.2063,46.3241],[15.2089,46.3225],[15.2081,46.3202],[15.2143,46.3191],[15.217,46.317],[15.2223,46.3155],[15.2308,46.321],[15.2359,46.3194],[15.2358,46.3226],[15.2391,46.3252],[15.2417,46.3288],[15.2412,46.33],[15.2464,46.3332],[15.2486,46.3386],[15.2584,46.3392],[15.254,46.3428],[15.2547,46.3446],[15.2535,46.3471],[15.2548,46.3485],[15.2538,46.3527],[15.2566,46.3578],[15.2624,46.357],[15.2618,46.3586],[15.2676,46.3604],[15.2631,46.3629],[15.2654,46.3642],[15.2627,46.3664],[15.2539,46.3667],[15.2534,46.3695],[15.2507,46.3713],[15.2482,46.3781],[15.245,46.382],[15.2356,46.3875],[15.2276,46.3901],[15.1876,46.3867]]]}},{"type":"Feature","properties":{"id":"110200000214277134","name":"Dobrovnik"},"geometry":{"type":"Polygon","coordinates":[[[16.3934,46.6618],[16.3828,46.6613],[16.3717,46.6644],[16.3707,46.668],[16.3619,46.6733],[16.3574,46.6754],[16.3529,46.6745],[16.3537,46.6802],[16.3528,46.6825],[16.3448,46.683],[16.3382,46.6871],[16.3387,46.6899],[16.3343,46.6875],[16.3315,46.6834],[16.3291,46.6821],[16.3253,46.6829],[16.3254,46.6795],[16.3213,46.6802],[16.3218,46.6768],[16.3185,46.6761],[16.3187,46.6742],[16.3162,46.6702],[16.3169,46.6672],[16.3126,46.6599],[16.3129,46.6549],[16.3115,46.6552],[16.3094,46.6526],[16.3102,46.6508],[16.3038,46.6523],[16.3088,46.6434],[16.3323,46.6266],[16.3296,46.6252],[16.3373,46.6199],[16.3355,46.6178],[16.3406,46.6145],[16.3491,46.6143],[16.3527,46.6122],[16.3557,46.6163],[16.3553,46.6177],[16.3562,46.6172],[16.3634,46.6237],[16.3595,46.6272],[16.3663,46.634],[16.37,46.6356],[16.3718,46.6327],[16.3734,46.6335],[16.3753,46.632],[16.384,46.6373],[16.3903,46.6382],[16.3897,46.6399],[16.3921,46.6409],[16.3859,46.6442],[16.3853,46.6539],[16.3911,46.6551],[16.3915,46.6591],[16.3931,46.6592],[16.3934,46.6618]]]}},{"type":"Feature","properties":{"id":"110200000214277217","name":"Dolenjske Toplice"},"geometry":{"type":"Polygon","coordinates":[[[15.0265,45.6357],[15.0388,45.6475],[15.029,45.6551],[15.0306,45.6584],[15.0337,45.6623],[15.0376,45.6646],[15.0508,45.6692],[15.0502,45.6744],[15.0518,45.6777],[15.054,45.6796],[15.0593,45.6804],[15.0588,45.6835],[15.056,45.6868],[15.0591,45.6894],[15.0646,45.6922],[15.0687,45.6904],[15.0778,45.6934],[15.0813,45.6914],[15.0914,45.6897],[15.0906,45.6887],[15.097,45.6832],[15.099,45.6834],[15.1007,45.6886],[15.0973,45.695],[15.0986,45.6952],[15.1004,45.6989],[15.1025,45.6987],[15.1024,45.7006],[15.1037,45.7017],[15.103,45.6999],[15.1131,45.7012],[15.1118,45.7037],[15.1126,45.7065],[15.1175,45.7039],[15.1199,45.7045],[15.1208,45.7064],[15.1166,45.7079],[15.1204,45.716],[15.1184,45.7173],[15.119,45.7187],[15.1137,45.7228],[15.1078,45.7242],[15.1093,45.7309],[15.0874,45.74],[15.073,45.7496],[15.0779,45.7548],[15.0641,45.7673],[15.0542,45.7739],[15.0566,45.7785],[15.0546,45.7793],[15.0527,45.782],[15.0524,45.7847],[15.0468,45.7851],[15.0414,45.7815],[15.0358,45.7817],[15.0329,45.7836],[15.0322,45.7862],[15.0268,45.7924],[15.0193,45.7939],[15.0122,45.7929],[15.002,45.794],[14.9952,45.7861],[14.9922,45.7871],[14.9921,45.7861],[14.9947,45.7855],[14.979,45.7666],[14.9799,45.765],[14.9778,45.7621],[14.9805,45.7575],[14.9769,45.7523],[14.9829,45.7512],[14.983,45.7492],[14.9789,45.7447],[14.9768,45.7454],[14.9731,45.7405],[14.9777,45.7389],[14.9758,45.7349],[14.9694,45.7353],[14.968,45.7366],[14.9649,45.7315],[14.9667,45.7251],[14.9663,45.7226],[14.9634,45.7236],[14.9653,45.7081],[14.9607,45.7077],[14.9628,45.7053],[14.9763,45.7015],[14.9765,45.6986],[14.9804,45.6988],[14.9807,45.6951],[14.9949,45.6848],[15.0007,45.6829],[15.0029,45.6806],[15.0123,45.6784],[15.0112,45.6581],[15.0176,45.6412],[15.0265,45.6357]]]}},{"type":"Feature","properties":{"id":"110200000214277308","name":"Grad"},"geometry":{"type":"Polygon","coordinates":[[[16.0646,46.7611],[16.069,46.7681],[16.083,46.7633],[16.0847,46.7641],[16.0852,46.7664],[16.0878,46.7663],[16.0887,46.7648],[16.0951,46.765],[16.0968,46.7584],[16.1036,46.7584],[16.1085,46.7601],[16.1094,46.759],[16.1124,46.7593],[16.1122,46.7616],[16.1149,46.7632],[16.116,46.7656],[16.1162,46.7698],[16.114,46.7715],[16.1128,46.7756],[16.1138,46.7802],[16.1242,46.7778],[16.1288,46.7784],[16.1297,46.7799],[16.1288,46.785],[16.1352,46.7978],[16.1374,46.7997],[16.1377,46.8018],[16.1329,46.8075],[16.1356,46.8191],[16.1395,46.826],[16.1304,46.8285],[16.1148,46.8248],[16.1099,46.8274],[16.0984,46.8266],[16.0948,46.8309],[16.089,46.8264],[16.0864,46.8211],[16.0781,46.8176],[16.0724,46.8107],[16.0634,46.8112],[16.0582,46.813],[16.0586,46.8117],[16.0559,46.8073],[16.0516,46.8054],[16.0564,46.8053],[16.0583,46.8035],[16.0562,46.8028],[16.0585,46.8016],[16.0582,46.8001],[16.0562,46.8003],[16.0554,46.7981],[16.0572,46.7937],[16.0534,46.7918],[16.0543,46.7913],[16.0532,46.7879],[16.0536,46.7825],[16.0565,46.7812],[16.0515,46.7721],[16.0504,46.7676],[16.0517,46.7671],[16.0506,46.765],[16.0571,46.7624],[16.0646,46.7611]]]}},{"type":"Feature","properties":{"id":"110200000214277480","name":"Hajdina"},"geometry":{"type":"Polygon","coordinates":[[[15.863,46.3856],[15.8615,46.3884],[15.8683,46.391],[15.8627,46.3976],[15.8544,46.3935],[15.8472,46.4006],[15.854,46.4026],[15.8497,46.4056],[15.8457,46.4059],[15.8458,46.4081],[15.8539,46.4109],[15.8519,46.4155],[15.8448,46.415],[15.8452,46.4198],[15.8405,46.4217],[15.8462,46.4239],[15.8441,46.4285],[15.8387,46.4343],[15.8397,46.4348],[15.8355,46.4376],[15.8216,46.4535],[15.8161,46.4569],[15.8078,46.4523],[15.7967,46.4516],[15.7929,46.4485],[15.7975,46.4453],[15.7925,46.4416],[15.7934,46.4398],[15.7972,46.4367],[15.8041,46.4339],[15.8017,46.4331],[15.8005,46.434],[15.7954,46.431],[15.7935,46.4321],[15.7916,46.4303],[15.7919,46.4271],[15.7987,46.4269],[15.7996,46.4261],[15.7975,46.4239],[15.8004,46.4228],[15.7994,46.4201],[15.8067,46.4188],[15.8072,46.4083],[15.8088,46.4098],[15.811,46.4084],[15.8127,46.4096],[15.8137,46.4081],[15.815,46.4084],[15.815,46.4068],[15.8183,46.4063],[15.8184,46.4052],[15.816,46.4039],[15.8173,46.4028],[15.8173,46.3999],[15.8233,46.3963],[15.8243,46.3946],[15.8309,46.3923],[15.8365,46.3885],[15.8418,46.3828],[15.8439,46.3848],[15.8447,46.384],[15.8497,46.3869],[15.8539,46.3862],[15.8519,46.3833],[15.8571,46.3831],[15.8545,46.3857],[15.863,46.3856]]]}},{"type":"Feature","properties":{"id":"110200000214277563","name":"Hoče-Slivnica"},"geometry":{"type":"Polygon","coordinates":[[[15.6881,46.5142],[15.6834,46.5176],[15.6723,46.5153],[15.6631,46.5117],[15.6624,46.5143],[15.665,46.5153],[15.6645,46.5162],[15.6615,46.5154],[15.6608,46.5168],[15.6549,46.5151],[15.6522,46.5156],[15.653,46.5109],[15.6411,46.5086],[15.641,46.5097],[15.6381,46.5103],[15.6373,46.5094],[15.6349,46.5107],[15.6248,46.5104],[15.624,46.5111],[15.6254,46.5119],[15.6209,46.5121],[15.6191,46.5137],[15.6106,46.5142],[15.6137,46.5174],[15.613,46.5207],[15.6114,46.5216],[15.5955,46.5168],[15.5727,46.5138],[15.565,46.5116],[15.5613,46.5092],[15.5534,46.5062],[15.5439,46.5052],[15.5406,46.4997],[15.537,46.497],[15.539,46.4953],[15.5359,46.4923],[15.5402,46.4881],[15.5414,46.4835],[15.5497,46.4865],[15.5547,46.4846],[15.5635,46.4843],[15.5691,46.4809],[15.5774,46.4789],[15.5788,46.4764],[15.5912,46.4716],[15.59,46.4742],[15.5949,46.4788],[15.6058,46.4805],[15.6126,46.4792],[15.612,46.476],[15.6131,46.4749],[15.6112,46.4728],[15.6157,46.4707],[15.626,46.4706],[15.6342,46.4685],[15.639,46.4628],[15.6475,46.4586],[15.6555,46.4617],[15.6604,46.4606],[15.6664,46.4624],[15.6728,46.4598],[15.6746,46.4601],[15.6786,46.4613],[15.6768,46.4632],[15.6866,46.4662],[15.6883,46.4631],[15.6914,46.4645],[15.6967,46.4629],[15.7034,46.4651],[15.7066,46.4606],[15.7087,46.4611],[15.7106,46.4596],[15.7105,46.4598],[15.6958,46.4794],[15.6868,46.4843],[15.6806,46.4914],[15.6867,46.4953],[15.6938,46.4942],[15.6973,46.4952],[15.695,46.5024],[15.6894,46.507],[15.6877,46.5063],[15.6873,46.5085],[15.6823,46.5127],[15.6881,46.5142]]]}},{"type":"Feature","properties":{"id":"110200000214277647","name":"Hodoš"},"geometry":{"type":"Polygon","coordinates":[[[16.2974,46.8665],[16.2906,46.8584],[16.2997,46.8513],[16.3037,46.8433],[16.2966,46.8406],[16.3019,46.8334],[16.3089,46.8328],[16.3096,46.8268],[16.3113,46.8248],[16.3089,46.8154],[16.3059,46.8155],[16.3058,46.812],[16.3032,46.8119],[16.3021,46.8098],[16.2966,46.8065],[16.2958,46.8045],[16.2973,46.802],[16.2967,46.8001],[16.3058,46.7984],[16.3067,46.797],[16.313,46.7977],[16.3154,46.7977],[16.3179,46.8006],[16.334,46.802],[16.3399,46.804],[16.3414,46.8111],[16.3414,46.8136],[16.3399,46.8147],[16.3403,46.8218],[16.3437,46.8219],[16.3446,46.8297],[16.3506,46.8298],[16.3505,46.8324],[16.3482,46.8356],[16.3474,46.841],[16.3432,46.8432],[16.3391,46.8431],[16.3403,46.8469],[16.3296,46.8446],[16.3278,46.8475],[16.3214,46.8517],[16.3186,46.8562],[16.3085,46.8564],[16.3076,46.8566],[16.3086,46.8594],[16.3015,46.8595],[16.2996,46.8629],[16.2981,46.8626],[16.2974,46.8665]]]}},{"type":"Feature","properties":{"id":"110200000214277720","name":"Horjul"},"geometry":{"type":"Polygon","coordinates":[[[14.2426,46.0228],[14.2453,46.021],[14.2469,46.0174],[14.251,46.0175],[14.2502,46.0165],[14.2518,46.0164],[14.2532,46.0152],[14.2528,46.014],[14.2548,46.0133],[14.2497,46.013],[14.2438,46.0147],[14.24,46.0135],[14.2343,46.0098],[14.2363,46.0078],[14.2357,46.0062],[14.2396,46.0052],[14.2394,46.0041],[14.2443,46.001],[14.2481,46.001],[14.2604,45.997],[14.2657,45.9987],[14.2732,45.9961],[14.2723,45.9927],[14.2745,45.9918],[14.2828,45.9937],[14.2809,45.997],[14.2786,45.9985],[14.2776,46.003],[14.2793,46.0046],[14.2817,46.0052],[14.2839,46.0035],[14.2999,46.0032],[14.313,46.007],[14.3139,46.0098],[14.3175,46.0109],[14.3255,46.012],[14.3323,46.0107],[14.3368,46.0113],[14.3385,46.0125],[14.3378,46.0197],[14.3425,46.0212],[14.3397,46.0249],[14.3404,46.0269],[14.3393,46.0324],[14.3375,46.0328],[14.3372,46.0365],[14.3359,46.0378],[14.3305,46.0396],[14.3302,46.0414],[14.3262,46.0419],[14.3245,46.0443],[14.3192,46.0408],[14.3087,46.0406],[14.3001,46.0423],[14.2971,46.0461],[14.2928,46.0435],[14.2907,46.0452],[14.2858,46.045],[14.2847,46.0468],[14.278,46.0477],[14.2653,46.0443],[14.2624,46.0421],[14.2531,46.0434],[14.2498,46.0414],[14.251,46.0387],[14.2471,46.0351],[14.2451,46.0339],[14.241,46.0344],[14.2366,46.0296],[14.2427,46.0276],[14.2438,46.0246],[14.2426,46.0228]]]}},{"type":"Feature","properties":{"id":"110200000214277993","name":"Jezersko"},"geometry":{"type":"Polygon","coordinates":[[[14.4046,46.3502],[14.4183,46.3455],[14.4288,46.3471],[14.4297,46.3496],[14.427,46.3519],[14.4334,46.3544],[14.4367,46.3659],[14.4435,46.3664],[14.4462,46.365],[14.4538,46.366],[14.4661,46.3618],[14.4763,46.3636],[14.4782,46.362],[14.4931,46.3588],[14.5057,46.3623],[14.5188,46.3563],[14.5254,46.3608],[14.531,46.3601],[14.5357,46.3576],[14.5401,46.3628],[14.5618,46.3638],[14.5652,46.3678],[14.5652,46.3725],[14.563,46.3725],[14.5569,46.3765],[14.5573,46.3776],[14.5559,46.3787],[14.5568,46.3852],[14.5507,46.3961],[14.5421,46.4036],[14.5405,46.4063],[14.5399,46.4116],[14.5362,46.4143],[14.5321,46.4146],[14.5221,46.4238],[14.5218,46.4273],[14.5113,46.4262],[14.5056,46.4242],[14.5032,46.4229],[14.5026,46.4203],[14.4975,46.4189],[14.4922,46.4129],[14.4844,46.4154],[14.4788,46.4135],[14.4783,46.4177],[14.4764,46.4198],[14.4668,46.422],[14.4468,46.4216],[14.4423,46.4237],[14.4374,46.4172],[14.4327,46.4157],[14.4304,46.4115],[14.4305,46.4039],[14.4364,46.402],[14.4337,46.4011],[14.4312,46.4018],[14.421,46.397],[14.4173,46.3927],[14.4198,46.3893],[14.4194,46.3824],[14.4175,46.382],[14.4151,46.3782],[14.4058,46.377],[14.4026,46.3751],[14.4015,46.3697],[14.4061,46.3652],[14.4079,46.3578],[14.4069,46.3518],[14.4046,46.3502]]]}},{"type":"Feature","properties":{"id":"110200000214278025","name":"Komenda"},"geometry":{"type":"Polygon","coordinates":[[[14.5539,46.2425],[14.5506,46.2413],[14.5478,46.2358],[14.5423,46.2325],[14.5423,46.2296],[14.5407,46.2277],[14.532,46.2219],[14.5326,46.2208],[14.5289,46.2197],[14.5301,46.2183],[14.5263,46.2172],[14.5214,46.2192],[14.5193,46.2163],[14.5169,46.2172],[14.5141,46.2162],[14.5101,46.2118],[14.5082,46.212],[14.5064,46.2048],[14.5005,46.2005],[14.5074,46.197],[14.5083,46.1937],[14.5074,46.1917],[14.5085,46.1904],[14.5121,46.1907],[14.5233,46.1839],[14.5232,46.1811],[14.5212,46.1793],[14.5237,46.1748],[14.529,46.1755],[14.5305,46.1725],[14.5377,46.1722],[14.542,46.1756],[14.5487,46.1771],[14.5535,46.1818],[14.5687,46.1873],[14.5725,46.1904],[14.5739,46.1939],[14.5792,46.1928],[14.5811,46.1968],[14.5733,46.2003],[14.5718,46.2029],[14.5707,46.2029],[14.5695,46.2067],[14.567,46.2085],[14.5673,46.211],[14.5686,46.2115],[14.5675,46.2147],[14.5683,46.2169],[14.5657,46.2176],[14.5677,46.2221],[14.5606,46.2238],[14.5609,46.2297],[14.5591,46.231],[14.5586,46.2334],[14.561,46.2365],[14.5537,46.2368],[14.5556,46.2406],[14.5539,46.2425]]]}},{"type":"Feature","properties":{"id":"110200000214278298","name":"Kostel"},"geometry":{"type":"Polygon","coordinates":[[[14.9622,45.5113],[14.9618,45.5174],[14.9364,45.5338],[14.9293,45.534],[14.9177,45.5317],[14.9144,45.5299],[14.9132,45.5262],[14.9051,45.5259],[14.9041,45.5222],[14.8976,45.5248],[14.8786,45.5285],[14.8738,45.5315],[14.8731,45.5339],[14.8627,45.5391],[14.8578,45.5399],[14.8394,45.5346],[14.8413,45.5325],[14.836,45.5312],[14.8424,45.5247],[14.8397,45.5169],[14.8325,45.5058],[14.8279,45.5054],[14.8241,45.5031],[14.8169,45.5036],[14.812,45.5025],[14.8084,45.5057],[14.8086,45.5107],[14.8067,45.5142],[14.8024,45.5147],[14.7954,45.5214],[14.7923,45.5202],[14.7924,45.5058],[14.7913,45.5031],[14.7876,45.5007],[14.7907,45.5001],[14.7956,45.5033],[14.7999,45.4994],[14.8005,45.4974],[14.8036,45.4959],[14.8026,45.494],[14.799,45.492],[14.8005,45.4894],[14.8054,45.4864],[14.8062,45.4812],[14.8052,45.4788],[14.816,45.4717],[14.8167,45.4604],[14.8187,45.4593],[14.824,45.4607],[14.8336,45.4606],[14.8471,45.4627],[14.861,45.4667],[14.8688,45.466],[14.8713,45.4672],[14.8752,45.4723],[14.8812,45.4725],[14.893,45.4764],[14.9024,45.4754],[14.9094,45.4783],[14.9117,45.4816],[14.9105,45.4883],[14.9158,45.494],[14.915,45.4961],[14.912,45.4981],[14.9116,45.501],[14.9166,45.5041],[14.9131,45.5107],[14.9134,45.5183],[14.9194,45.5226],[14.9212,45.5277],[14.9321,45.5292],[14.9441,45.5234],[14.9622,45.5113]]]}},{"type":"Feature","properties":{"id":"110200000214278371","name":"Križevci"},"geometry":{"type":"Polygon","coordinates":[[[16.0702,46.5407],[16.0755,46.5422],[16.0891,46.5423],[16.0889,46.5438],[16.0897,46.5421],[16.0966,46.5386],[16.0952,46.5355],[16.0963,46.5337],[16.1049,46.5317],[16.1091,46.529],[16.1167,46.5317],[16.1228,46.5304],[16.1247,46.5321],[16.1315,46.5282],[16.1408,46.5259],[16.1426,46.5269],[16.1437,46.53],[16.1493,46.5297],[16.1491,46.5309],[16.1524,46.5325],[16.1532,46.5312],[16.1563,46.5319],[16.1572,46.5304],[16.1581,46.5313],[16.1605,46.5307],[16.1658,46.5371],[16.168,46.5505],[16.1746,46.553],[16.1707,46.5558],[16.1667,46.5537],[16.1633,46.5562],[16.164,46.5595],[16.1677,46.5584],[16.1705,46.5611],[16.1689,46.5632],[16.1655,46.5632],[16.1645,46.5655],[16.1614,46.5646],[16.1587,46.5675],[16.1462,46.5653],[16.157,46.575],[16.1535,46.5749],[16.1527,46.576],[16.1561,46.5787],[16.1557,46.5796],[16.1505,46.5796],[16.1509,46.5808],[16.1537,46.5811],[16.1544,46.5836],[16.1481,46.5828],[16.1495,46.5855],[16.1485,46.5867],[16.1469,46.5848],[16.1442,46.5853],[16.1428,46.5837],[16.1353,46.587],[16.1342,46.5896],[16.1288,46.5921],[16.1334,46.5939],[16.1366,46.5933],[16.1367,46.5952],[16.1281,46.5964],[16.1279,46.5995],[16.1259,46.6002],[16.1284,46.6017],[16.128,46.6033],[16.113,46.6013],[16.1059,46.6049],[16.1088,46.6076],[16.1005,46.606],[16.0912,46.6069],[16.0737,46.5949],[16.0741,46.5928],[16.0825,46.5838],[16.0813,46.5808],[16.0826,46.5805],[16.0828,46.5781],[16.0811,46.5759],[16.0814,46.5741],[16.0893,46.5703],[16.0896,46.5691],[16.0874,46.5671],[16.0864,46.563],[16.0837,46.563],[16.0825,46.5645],[16.0715,46.5637],[16.0713,46.5585],[16.0682,46.5556],[16.0708,46.5483],[16.0702,46.5407]]]}},{"type":"Feature","properties":{"id":"110200000214278454","name":"Lovrenc na Pohorju"},"geometry":{"type":"Polygon","coordinates":[[[15.4435,46.5824],[15.4403,46.5813],[15.4385,46.5783],[15.4399,46.5677],[15.4359,46.565],[15.4288,46.5633],[15.425,46.5636],[15.4205,46.5657],[15.4059,46.5763],[15.4038,46.5802],[15.397,46.5827],[15.3819,46.583],[15.3737,46.585],[15.3636,46.5802],[15.369,46.5734],[15.3711,46.5754],[15.3723,46.5747],[15.3694,46.5726],[15.3708,46.5698],[15.3677,46.5683],[15.3702,46.5666],[15.3688,46.5656],[15.3698,46.5628],[15.3657,46.5633],[15.3661,46.5608],[15.3617,46.56],[15.3596,46.5625],[15.3579,46.5628],[15.3538,46.5554],[15.3541,46.5505],[15.3503,46.5512],[15.3489,46.5535],[15.346,46.5545],[15.344,46.5526],[15.3441,46.5484],[15.3463,46.5457],[15.3418,46.5396],[15.339,46.5392],[15.3414,46.5365],[15.3404,46.5356],[15.3407,46.5328],[15.3386,46.5322],[15.3382,46.5304],[15.3417,46.5291],[15.3371,46.526],[15.3358,46.5213],[15.331,46.5214],[15.3281,46.5189],[15.3245,46.5189],[15.3242,46.516],[15.3265,46.5161],[15.3269,46.5132],[15.3259,46.5119],[15.3129,46.4992],[15.3112,46.4902],[15.3159,46.4834],[15.314,46.4795],[15.3188,46.4786],[15.3217,46.4746],[15.3247,46.4755],[15.3286,46.4743],[15.3337,46.4752],[15.3411,46.4758],[15.3468,46.4778],[15.3544,46.477],[15.3607,46.4805],[15.365,46.4754],[15.3631,46.4731],[15.3648,46.4696],[15.3711,46.4691],[15.3749,46.4643],[15.3773,46.4636],[15.3783,46.4666],[15.3847,46.4693],[15.3858,46.4706],[15.3854,46.4732],[15.3904,46.4761],[15.4061,46.4764],[15.4017,46.479],[15.4001,46.4821],[15.3976,46.4836],[15.403,46.4861],[15.4052,46.4908],[15.4091,46.4949],[15.4059,46.5017],[15.409,46.5055],[15.4218,46.5072],[15.4352,46.5151],[15.4361,46.5168],[15.4353,46.5195],[15.4331,46.5225],[15.4342,46.5261],[15.4382,46.5253],[15.4425,46.5274],[15.444,46.5326],[15.4505,46.5364],[15.4477,46.538],[15.4494,46.5396],[15.4379,46.5399],[15.4445,46.5437],[15.4447,46.5465],[15.4485,46.5489],[15.4467,46.55],[15.4535,46.5515],[15.454,46.5608],[15.4552,46.5623],[15.4569,46.5618],[15.457,46.5681],[15.4555,46.5733],[15.4474,46.5807],[15.4435,46.5824]]]}},{"type":"Feature","properties":{"id":"110200000214278538","name":"Mirna Peč"},"geometry":{"type":"Polygon","coordinates":[[[15.0961,45.8976],[15.0885,45.8971],[15.0866,45.8989],[15.0867,45.8972],[15.0853,45.8974],[15.0811,45.8928],[15.083,45.8863],[15.0807,45.8855],[15.0784,45.8808],[15.073,45.8803],[15.0687,45.8819],[15.0663,45.8809],[15.064,45.8821],[15.0601,45.8806],[15.0559,45.8832],[15.0533,45.8802],[15.0524,45.8721],[15.047,45.8701],[15.0429,45.8728],[15.0396,45.8715],[15.0352,45.8717],[15.0353,45.8696],[15.0328,45.8688],[15.0347,45.8662],[15.0277,45.8657],[15.0299,45.8432],[15.0379,45.8454],[15.0366,45.843],[15.0387,45.8378],[15.0377,45.8347],[15.04,45.8344],[15.0387,45.8317],[15.0409,45.8312],[15.0452,45.8263],[15.0625,45.8253],[15.0835,45.8097],[15.0864,45.8094],[15.0896,45.8118],[15.093,45.8119],[15.0925,45.8177],[15.0958,45.8229],[15.0951,45.8248],[15.1006,45.8212],[15.1063,45.8205],[15.1079,45.8216],[15.1076,45.8277],[15.1063,45.8292],[15.1071,45.8312],[15.112,45.8324],[15.1147,45.8356],[15.1148,45.8417],[15.1098,45.8465],[15.1122,45.8486],[15.1188,45.847],[15.1268,45.8482],[15.1314,45.8465],[15.1336,45.8545],[15.1304,45.8637],[15.1343,45.8644],[15.1327,45.8658],[15.1333,45.8664],[15.1311,45.867],[15.1374,45.8747],[15.1329,45.8776],[15.1184,45.8802],[15.1129,45.8854],[15.111,45.885],[15.1072,45.8871],[15.1054,45.8902],[15.0956,45.8939],[15.0961,45.8976]]]}},{"type":"Feature","properties":{"id":"110200000214278611","name":"Oplotnica"},"geometry":{"type":"Polygon","coordinates":[[[15.4193,46.4245],[15.412,46.4192],[15.4136,46.4137],[15.4102,46.4101],[15.4104,46.4048],[15.4028,46.4061],[15.3988,46.404],[15.4045,46.3986],[15.4139,46.3961],[15.4184,46.3921],[15.4185,46.3896],[15.4137,46.3899],[15.4128,46.3886],[15.4139,46.3861],[15.4112,46.3851],[15.4114,46.3831],[15.4018,46.3827],[15.3991,46.3836],[15.3966,46.3822],[15.4086,46.376],[15.4226,46.3744],[15.4213,46.3701],[15.4262,46.3687],[15.4306,46.3653],[15.4346,46.3657],[15.4373,46.3644],[15.4424,46.3658],[15.4419,46.3651],[15.4431,46.3643],[15.4478,46.3635],[15.4455,46.3581],[15.4496,46.356],[15.453,46.3571],[15.4532,46.3547],[15.4545,46.3545],[15.4607,46.3567],[15.4629,46.3553],[15.4664,46.3549],[15.4668,46.3561],[15.4702,46.3546],[15.4788,46.3584],[15.4859,46.3529],[15.4965,46.3598],[15.4953,46.3605],[15.4938,46.3696],[15.4865,46.3811],[15.4892,46.3808],[15.4882,46.3841],[15.4904,46.3871],[15.4874,46.3917],[15.489,46.3935],[15.4912,46.3931],[15.493,46.3958],[15.478,46.4015],[15.4743,46.4047],[15.4718,46.4014],[15.4683,46.4017],[15.4659,46.4002],[15.4646,46.4019],[15.4627,46.4018],[15.4587,46.3969],[15.4584,46.3948],[15.4556,46.3976],[15.4528,46.3974],[15.4498,46.3995],[15.4501,46.4053],[15.4486,46.4085],[15.4458,46.4087],[15.4438,46.4108],[15.441,46.4101],[15.44,46.4122],[15.441,46.4132],[15.4349,46.4216],[15.4215,46.4251],[15.4193,46.4245]]]}},{"type":"Feature","properties":{"id":"110200000214278702","name":"Podlehnik"},"geometry":{"type":"Polygon","coordinates":[[[15.9129,46.2897],[15.9144,46.2904],[15.9139,46.2919],[15.9125,46.2916],[15.9086,46.2955],[15.9112,46.3036],[15.9087,46.305],[15.9079,46.3082],[15.9057,46.3099],[15.9056,46.3123],[15.9017,46.3144],[15.9014,46.3158],[15.9028,46.3184],[15.9011,46.3246],[15.9093,46.3279],[15.9039,46.3333],[15.9062,46.3361],[15.9059,46.339],[15.901,46.3404],[15.8986,46.3441],[15.8928,46.3473],[15.8878,46.3465],[15.8842,46.3485],[15.8783,46.3479],[15.8742,46.3527],[15.8739,46.3551],[15.8693,46.3527],[15.8617,46.3519],[15.86,46.3526],[15.8592,46.3549],[15.8519,46.3508],[15.8481,46.3527],[15.846,46.3491],[15.8397,46.3457],[15.8366,46.3464],[15.8343,46.3497],[15.8306,46.35],[15.8264,46.3465],[15.8285,46.3447],[15.8266,46.3396],[15.8161,46.339],[15.8152,46.3366],[15.8229,46.3338],[15.8223,46.3321],[15.8237,46.3294],[15.8231,46.3255],[15.8219,46.3232],[15.8197,46.3224],[15.8188,46.3178],[15.8215,46.3152],[15.8197,46.3141],[15.8204,46.3103],[15.8178,46.3094],[15.8158,46.3076],[15.8185,46.3044],[15.8228,46.3022],[15.8281,46.3034],[15.8348,46.2968],[15.8374,46.2903],[15.8416,46.2898],[15.8385,46.2861],[15.8426,46.2844],[15.8481,46.2842],[15.8504,46.2827],[15.8553,46.2823],[15.8591,46.284],[15.8623,46.2787],[15.8665,46.2755],[15.8738,46.2797],[15.884,46.2798],[15.8975,46.2838],[15.8995,46.2869],[15.8989,46.2884],[15.9012,46.2893],[15.9037,46.287],[15.9129,46.2897]]]}},{"type":"Feature","properties":{"id":"110200000214278884","name":"Prebold"},"geometry":{"type":"Polygon","coordinates":[[[15.1073,46.1875],[15.1107,46.1892],[15.1154,46.1896],[15.1283,46.1976],[15.1274,46.2015],[15.1296,46.2057],[15.1292,46.2115],[15.1286,46.2129],[15.1266,46.2135],[15.1261,46.2168],[15.1304,46.2166],[15.1281,46.2182],[15.1294,46.2215],[15.1273,46.223],[15.1288,46.2272],[15.1284,46.2301],[15.1321,46.2301],[15.132,46.2315],[15.1342,46.2327],[15.1389,46.23],[15.1413,46.2323],[15.1423,46.2361],[15.1399,46.2373],[15.1399,46.2386],[15.1362,46.24],[15.1291,46.24],[15.1141,46.2428],[15.1056,46.2515],[15.0986,46.2568],[15.0914,46.2586],[15.0846,46.2569],[15.0852,46.2561],[15.079,46.2552],[15.0798,46.2511],[15.0756,46.2503],[15.0768,46.2474],[15.0684,46.2459],[15.0733,46.2403],[15.0662,46.2394],[15.066,46.2364],[15.0622,46.2346],[15.06,46.2296],[15.053,46.2305],[15.0524,46.2283],[15.0487,46.2296],[15.0457,46.227],[15.0439,46.2215],[15.0529,46.2101],[15.0488,46.2104],[15.0465,46.2048],[15.0468,46.2006],[15.0439,46.1975],[15.0462,46.1959],[15.0448,46.1937],[15.0464,46.1905],[15.0629,46.1856],[15.0711,46.1852],[15.0751,46.1836],[15.0876,46.1863],[15.0985,46.1909],[15.1073,46.1875]]]}},{"type":"Feature","properties":{"id":"110200000214278967","name":"Razkrižje"},"geometry":{"type":"Polygon","coordinates":[[[16.313,46.5245],[16.301,46.5241],[16.2943,46.5279],[16.2868,46.5295],[16.2837,46.5333],[16.2779,46.5346],[16.2725,46.5319],[16.27,46.5333],[16.271,46.5373],[16.2683,46.5387],[16.2659,46.5378],[16.2649,46.5339],[16.2624,46.5318],[16.2542,46.5297],[16.2528,46.5261],[16.2494,46.5255],[16.2468,46.5231],[16.2436,46.5234],[16.2426,46.5212],[16.246,46.5197],[16.2438,46.5178],[16.247,46.5175],[16.2478,46.5164],[16.2455,46.5149],[16.2421,46.5153],[16.2374,46.5122],[16.2374,46.5103],[16.2412,46.5093],[16.2405,46.5118],[16.2425,46.5133],[16.2476,46.5134],[16.2493,46.5152],[16.2552,46.514],[16.2551,46.5067],[16.2523,46.5005],[16.2558,46.4986],[16.2542,46.5],[16.255,46.5009],[16.2603,46.501],[16.2634,46.5049],[16.267,46.5049],[16.2678,46.5096],[16.266,46.5153],[16.2707,46.5153],[16.272,46.5178],[16.2737,46.5181],[16.2719,46.5167],[16.2746,46.5166],[16.275,46.5142],[16.2769,46.5155],[16.2822,46.5153],[16.2837,46.5164],[16.2849,46.5144],[16.2859,46.5157],[16.2895,46.5148],[16.2909,46.5161],[16.2925,46.5158],[16.292,46.5149],[16.2933,46.5144],[16.2924,46.5136],[16.2939,46.5129],[16.2956,46.5148],[16.295,46.5131],[16.3017,46.512],[16.3026,46.5132],[16.3077,46.5138],[16.3073,46.5157],[16.3085,46.5168],[16.3077,46.5172],[16.3107,46.5204],[16.3146,46.52],[16.3148,46.5234],[16.3133,46.5232],[16.313,46.5245]]]}},{"type":"Feature","properties":{"id":"110200000214279007","name":"Selnica ob Dravi"},"geometry":{"type":"Polygon","coordinates":[[[15.402,46.6536],[15.4065,46.6509],[15.4093,46.6469],[15.4112,46.6466],[15.4104,46.6429],[15.4127,46.6407],[15.4181,46.6414],[15.4307,46.6352],[15.432,46.6321],[15.4335,46.6315],[15.4325,46.6302],[15.4344,46.6275],[15.4328,46.6259],[15.4341,46.6253],[15.4325,46.6244],[15.434,46.6186],[15.4477,46.6176],[15.4472,46.616],[15.4447,46.6154],[15.4467,46.6129],[15.4453,46.6126],[15.4449,46.6138],[15.4415,46.6119],[15.4438,46.6086],[15.4417,46.6086],[15.4419,46.6071],[15.4439,46.6067],[15.441,46.6062],[15.4407,46.6044],[15.4347,46.601],[15.4372,46.6005],[15.4367,46.5988],[15.4319,46.5977],[15.4321,46.5928],[15.4335,46.592],[15.4294,46.5891],[15.4346,46.5844],[15.4421,46.5858],[15.4419,46.5875],[15.4435,46.5885],[15.4464,46.5854],[15.4435,46.5824],[15.4474,46.5807],[15.4555,46.5733],[15.457,46.5681],[15.4569,46.5618],[15.4547,46.5503],[15.4504,46.5424],[15.4583,46.5342],[15.4716,46.5327],[15.4829,46.5339],[15.4893,46.5413],[15.5116,46.5475],[15.5238,46.5566],[15.5531,46.5613],[15.5512,46.5663],[15.5434,46.5686],[15.5441,46.5741],[15.5475,46.5755],[15.5407,46.5807],[15.543,46.5845],[15.5473,46.5867],[15.5495,46.5909],[15.5404,46.594],[15.5327,46.5928],[15.5291,46.5943],[15.5277,46.5974],[15.5241,46.5982],[15.5267,46.5997],[15.5207,46.6007],[15.5231,46.6035],[15.517,46.6062],[15.5241,46.6062],[15.5217,46.6093],[15.5258,46.6136],[15.521,46.6141],[15.5203,46.6217],[15.5155,46.6234],[15.5124,46.6222],[15.5101,46.6201],[15.5116,46.6188],[15.5118,46.6166],[15.5044,46.616],[15.504,46.6143],[15.5023,46.6139],[15.5004,46.6147],[15.5006,46.6176],[15.4996,46.6182],[15.4882,46.6207],[15.4839,46.6189],[15.4822,46.616],[15.4782,46.6131],[15.4731,46.612],[15.4691,46.6128],[15.4621,46.6153],[15.4622,46.6179],[15.4638,46.6196],[15.4637,46.623],[15.4621,46.6259],[15.4597,46.6262],[15.4551,46.6301],[15.4558,46.6377],[15.4569,46.639],[15.4496,46.6423],[15.4394,46.6399],[15.4337,46.6424],[15.4302,46.6467],[15.4217,46.6472],[15.4233,46.6527],[15.4204,46.6549],[15.4134,46.6555],[15.402,46.6536]]]}},{"type":"Feature","properties":{"id":"110200000214279189","name":"Solčava"},"geometry":{"type":"Polygon","coordinates":[[[14.5652,46.3678],[14.5877,46.3549],[14.5924,46.3594],[14.5968,46.3598],[14.6145,46.3575],[14.6375,46.3641],[14.668,46.3614],[14.6927,46.3799],[14.7001,46.3755],[14.7157,46.3823],[14.7203,46.3856],[14.7245,46.3839],[14.733,46.3838],[14.74,46.3875],[14.741,46.3906],[14.7316,46.4048],[14.736,46.4088],[14.7495,46.4163],[14.7528,46.4194],[14.7479,46.4241],[14.7447,46.4332],[14.7398,46.4358],[14.7392,46.4402],[14.7318,46.445],[14.7236,46.445],[14.7212,46.4497],[14.6895,46.448],[14.6857,46.4495],[14.6782,46.4493],[14.6749,46.4508],[14.6666,46.45],[14.6632,46.4462],[14.6597,46.4445],[14.6524,46.445],[14.6409,46.443],[14.6315,46.4395],[14.6222,46.4387],[14.6131,46.4398],[14.6074,46.4391],[14.6047,46.4369],[14.596,46.4368],[14.5954,46.4332],[14.5864,46.4297],[14.5838,46.419],[14.5825,46.4181],[14.5833,46.4159],[14.5887,46.4144],[14.5894,46.4096],[14.5883,46.4057],[14.5866,46.4042],[14.5876,46.396],[14.5861,46.3923],[14.584,46.3884],[14.5787,46.3841],[14.5817,46.3816],[14.5781,46.377],[14.5661,46.375],[14.5652,46.3725],[14.5652,46.3678]]]}},{"type":"Feature","properties":{"id":"110200000214279262","name":"Šempeter-Vrtojba"},"geometry":{"type":"Polygon","coordinates":[[[13.6525,45.8962],[13.6542,45.8964],[13.6565,45.8996],[13.6593,45.8997],[13.6561,45.9019],[13.658,45.9017],[13.6585,45.9031],[13.6555,45.9034],[13.6524,45.9055],[13.6654,45.9064],[13.6657,45.9089],[13.6615,45.9091],[13.6627,45.9106],[13.6675,45.9114],[13.668,45.913],[13.671,45.9124],[13.673,45.9146],[13.6755,45.9135],[13.6774,45.9107],[13.6794,45.911],[13.6826,45.9091],[13.6844,45.9155],[13.6834,45.9176],[13.6853,45.9193],[13.6842,45.9211],[13.6862,45.9238],[13.6856,45.9249],[13.6847,45.9256],[13.6862,45.9269],[13.6836,45.9272],[13.6824,45.9255],[13.6808,45.9263],[13.6777,45.9231],[13.6762,45.9232],[13.6712,45.9264],[13.6715,45.9287],[13.67,45.9301],[13.6581,45.9268],[13.6486,45.9329],[13.6495,45.9337],[13.6471,45.9361],[13.6393,45.9394],[13.6395,45.9384],[13.6372,45.938],[13.638,45.9352],[13.6309,45.9298],[13.6267,45.9245],[13.6268,45.9221],[13.6245,45.9202],[13.6226,45.921],[13.618,45.9156],[13.6157,45.9077],[13.614,45.9077],[13.6114,45.9037],[13.6217,45.9027],[13.6186,45.9012],[13.6189,45.8998],[13.6219,45.8997],[13.6214,45.8975],[13.6252,45.8965],[13.6349,45.8963],[13.6404,45.8971],[13.642,45.8991],[13.6422,45.8983],[13.6476,45.8992],[13.6501,45.8981],[13.6496,45.8968],[13.6525,45.8962]]]}},{"type":"Feature","properties":{"id":"110200000214279346","name":"Tabor"},"geometry":{"type":"Polygon","coordinates":[[[15.0105,46.2596],[15.0107,46.2582],[15.0044,46.2583],[15.0045,46.2565],[15.0024,46.2545],[15.0038,46.248],[14.9975,46.2483],[14.9969,46.2439],[14.9891,46.2445],[14.9878,46.2401],[14.9824,46.2387],[14.983,46.2373],[14.9807,46.2361],[14.9797,46.2318],[14.9783,46.2311],[14.9783,46.2299],[14.9796,46.2299],[14.9781,46.2274],[14.9736,46.2265],[14.9639,46.2163],[14.9636,46.2104],[14.965,46.2041],[14.9643,46.2018],[14.9686,46.194],[14.9743,46.194],[14.9775,46.1966],[14.9822,46.1972],[14.9852,46.1951],[14.9893,46.1945],[15.004,46.1975],[15.0054,46.1973],[15.004,46.1966],[15.0049,46.1958],[15.01,46.1967],[15.0093,46.1947],[15.0131,46.1958],[15.0091,46.1911],[15.0143,46.1917],[15.0148,46.1907],[15.0188,46.1928],[15.0284,46.1926],[15.0335,46.1948],[15.0424,46.1965],[15.038,46.1952],[15.0331,46.1946],[15.0309,46.1932],[15.0284,46.1926],[15.0246,46.1927],[15.0299,46.1909],[15.0397,46.1934],[15.0439,46.1975],[15.0468,46.2006],[15.0465,46.2048],[15.0488,46.2104],[15.0529,46.2101],[15.0439,46.2215],[15.0457,46.227],[15.0438,46.2277],[15.0441,46.2292],[15.0454,46.2291],[15.044,46.2314],[15.0451,46.2317],[15.0437,46.2333],[15.0442,46.2347],[15.0392,46.233],[15.0417,46.2375],[15.0397,46.2397],[15.0454,46.242],[15.0329,46.2433],[15.0333,46.2456],[15.0354,46.2458],[15.0351,46.2475],[15.0308,46.2476],[15.0306,46.2488],[15.0275,46.2498],[15.0299,46.2544],[15.0263,46.2573],[15.0224,46.257],[15.0217,46.256],[15.0171,46.2581],[15.0169,46.2593],[15.0105,46.2596]]]}},{"type":"Feature","properties":{"id":"110200000214279429","name":"Trnovska vas"},"geometry":{"type":"Polygon","coordinates":[[[15.8625,46.5367],[15.8617,46.5349],[15.8584,46.5343],[15.8576,46.5324],[15.8586,46.5306],[15.8597,46.5307],[15.8599,46.5289],[15.8569,46.5286],[15.8577,46.5275],[15.855,46.5265],[15.8563,46.5251],[15.854,46.5216],[15.8552,46.5198],[15.8543,46.5185],[15.8513,46.518],[15.851,46.5153],[15.8484,46.5145],[15.847,46.5071],[15.8538,46.5057],[15.8566,46.5035],[15.8576,46.5005],[15.8643,46.4995],[15.868,46.5018],[15.8732,46.502],[15.8738,46.5003],[15.876,46.5004],[15.8768,46.5042],[15.8781,46.5048],[15.8767,46.5053],[15.8776,46.5053],[15.877,46.507],[15.8814,46.5085],[15.8862,46.5082],[15.8863,46.5072],[15.8818,46.5052],[15.8887,46.5065],[15.8897,46.5057],[15.8892,46.5032],[15.8925,46.5051],[15.8952,46.5044],[15.8947,46.5032],[15.8984,46.504],[15.8983,46.5029],[15.9042,46.5022],[15.9118,46.5038],[15.9108,46.5047],[15.9166,46.5046],[15.9163,46.5064],[15.9209,46.5066],[15.9202,46.5075],[15.9226,46.5075],[15.9233,46.5104],[15.9218,46.5143],[15.9288,46.5146],[15.9247,46.5223],[15.9254,46.5271],[15.9206,46.5349],[15.9158,46.5331],[15.9167,46.5364],[15.9153,46.5351],[15.9139,46.5374],[15.9109,46.5371],[15.9123,46.5378],[15.9108,46.539],[15.9121,46.5403],[15.9093,46.54],[15.909,46.5419],[15.9085,46.5409],[15.9047,46.5412],[15.904,46.542],[15.9057,46.5437],[15.9021,46.5432],[15.9021,46.5449],[15.8991,46.544],[15.8998,46.5453],[15.8978,46.5458],[15.9009,46.5486],[15.8988,46.5484],[15.8998,46.5492],[15.8982,46.5506],[15.8957,46.5502],[15.892,46.5519],[15.8906,46.5507],[15.8913,46.5524],[15.8872,46.5513],[15.8832,46.5527],[15.882,46.5504],[15.8831,46.5494],[15.8822,46.5473],[15.8701,46.5382],[15.8675,46.5346],[15.8625,46.5367]]]}},{"type":"Feature","properties":{"id":"110200000214279692","name":"Trzin"},"geometry":{"type":"Polygon","coordinates":[[[14.5202,46.1311],[14.5224,46.1261],[14.5294,46.1238],[14.5313,46.1206],[14.5357,46.1211],[14.5394,46.1181],[14.5397,46.1159],[14.5443,46.1162],[14.5485,46.1137],[14.5525,46.1168],[14.5541,46.1168],[14.5609,46.115],[14.5624,46.1133],[14.565,46.1135],[14.5679,46.1113],[14.5676,46.1101],[14.5697,46.1096],[14.5714,46.1114],[14.5744,46.1119],[14.5711,46.1152],[14.571,46.1175],[14.5667,46.1231],[14.5682,46.1236],[14.5679,46.1292],[14.5689,46.1287],[14.5694,46.1325],[14.5704,46.1326],[14.5699,46.1374],[14.576,46.1384],[14.575,46.1401],[14.5782,46.1405],[14.5776,46.1432],[14.5829,46.1445],[14.583,46.1455],[14.5612,46.1444],[14.5582,46.1413],[14.5594,46.1396],[14.558,46.1385],[14.5564,46.139],[14.5569,46.138],[14.5551,46.137],[14.5503,46.1365],[14.5505,46.1348],[14.54,46.1354],[14.5364,46.134],[14.5293,46.1344],[14.5226,46.1331],[14.5202,46.1311]]]}},{"type":"Feature","properties":{"id":"110200000214279775","name":"Veržej"},"geometry":{"type":"Polygon","coordinates":[[[16.128,46.6033],[16.1284,46.6017],[16.1259,46.6002],[16.1279,46.5995],[16.1281,46.5964],[16.1367,46.5952],[16.1366,46.5933],[16.1334,46.5939],[16.1288,46.5921],[16.1342,46.5896],[16.1353,46.587],[16.1428,46.5837],[16.1442,46.5853],[16.1469,46.5848],[16.1485,46.5867],[16.1495,46.5855],[16.1481,46.5828],[16.1544,46.5836],[16.1537,46.5811],[16.1509,46.5808],[16.1505,46.5796],[16.1557,46.5796],[16.1561,46.5787],[16.1527,46.576],[16.1535,46.5749],[16.157,46.575],[16.1462,46.5653],[16.1587,46.5675],[16.1614,46.5646],[16.1645,46.5655],[16.1655,46.5632],[16.1689,46.5632],[16.1722,46.5656],[16.1777,46.565],[16.1818,46.5733],[16.1857,46.5714],[16.1869,46.5682],[16.1851,46.5674],[16.1855,46.5665],[16.1907,46.5671],[16.1936,46.5648],[16.1949,46.5693],[16.1929,46.5702],[16.1924,46.5721],[16.1954,46.5711],[16.1987,46.5769],[16.2009,46.5782],[16.193,46.5839],[16.1847,46.5876],[16.1791,46.5888],[16.1737,46.5916],[16.1655,46.593],[16.158,46.5973],[16.1482,46.5985],[16.1444,46.6016],[16.128,46.6033]]]}},{"type":"Feature","properties":{"id":"110200000214279858","name":"Žetale"},"geometry":{"type":"Polygon","coordinates":[[[15.7915,46.2593],[15.801,46.2597],[15.811,46.262],[15.8296,46.2622],[15.8398,46.2658],[15.8482,46.2652],[15.8633,46.2676],[15.8677,46.2708],[15.8684,46.2738],[15.8665,46.2755],[15.8623,46.2787],[15.8591,46.284],[15.8553,46.2823],[15.8504,46.2827],[15.8481,46.2842],[15.8426,46.2844],[15.8385,46.2861],[15.8416,46.2898],[15.8374,46.2903],[15.8348,46.2968],[15.8281,46.3034],[15.8228,46.3022],[15.8185,46.3044],[15.8158,46.3076],[15.8178,46.3094],[15.8132,46.3099],[15.8058,46.3161],[15.8036,46.314],[15.8005,46.3137],[15.8008,46.3168],[15.7964,46.318],[15.7958,46.3202],[15.7908,46.322],[15.7842,46.3186],[15.7854,46.314],[15.7823,46.3123],[15.7812,46.3092],[15.7816,46.304],[15.7776,46.301],[15.7763,46.2983],[15.7733,46.2969],[15.7696,46.2988],[15.7679,46.2967],[15.7563,46.2948],[15.7538,46.293],[15.7542,46.2904],[15.7498,46.2866],[15.7494,46.2836],[15.751,46.2828],[15.7495,46.2808],[15.7522,46.2809],[15.7513,46.2799],[15.7538,46.2789],[15.754,46.2774],[15.7527,46.2755],[15.7515,46.2759],[15.7494,46.272],[15.7523,46.2688],[15.753,46.2661],[15.7531,46.2636],[15.7561,46.2617],[15.7544,46.26],[15.7589,46.2589],[15.7601,46.2552],[15.7626,46.2544],[15.765,46.2555],[15.7699,46.2544],[15.7764,46.2552],[15.7831,46.258],[15.7915,46.2593]]]}},{"type":"Feature","properties":{"id":"110200000214279932","name":"Žužemberk"},"geometry":{"type":"Polygon","coordinates":[[[14.8556,45.8572],[14.85,45.8562],[14.8483,45.8577],[14.8436,45.8561],[14.8435,45.8504],[14.8461,45.8449],[14.8533,45.8445],[14.8487,45.8395],[14.8502,45.8396],[14.8507,45.8359],[14.8538,45.8338],[14.8584,45.8347],[14.8587,45.8176],[14.8565,45.8102],[14.8565,45.8071],[14.8588,45.8034],[14.8578,45.8011],[14.852,45.7958],[14.8349,45.7956],[14.8265,45.7996],[14.8186,45.8012],[14.8133,45.798],[14.8119,45.7997],[14.8048,45.7985],[14.8029,45.796],[14.8065,45.7926],[14.8044,45.7927],[14.8026,45.7894],[14.7995,45.7883],[14.7994,45.7868],[14.8015,45.7868],[14.7992,45.7845],[14.8001,45.7807],[14.8022,45.7786],[14.7995,45.7768],[14.8014,45.7764],[14.809,45.7609],[14.8264,45.7563],[14.8302,45.758],[14.829,45.7585],[14.8301,45.7598],[14.8316,45.7591],[14.8322,45.7621],[14.8357,45.7654],[14.8396,45.763],[14.8384,45.7627],[14.837,45.7585],[14.8397,45.7566],[14.8429,45.756],[14.8467,45.7586],[14.8522,45.757],[14.86,45.7591],[14.867,45.757],[14.8731,45.7523],[14.8716,45.7504],[14.8716,45.7467],[14.8727,45.7453],[14.8773,45.7443],[14.8808,45.7464],[14.8852,45.747],[14.8873,45.7459],[14.8871,45.7446],[14.8938,45.7432],[14.9021,45.7515],[14.9069,45.7529],[14.9072,45.7568],[14.9057,45.7601],[14.9032,45.7613],[14.9036,45.7624],[14.9072,45.7654],[14.9101,45.7654],[14.9124,45.7681],[14.9121,45.7699],[14.9145,45.7716],[14.923,45.7709],[14.9255,45.773],[14.9257,45.7763],[14.9316,45.776],[14.9526,45.7686],[14.979,45.7666],[14.9947,45.7855],[14.9921,45.7861],[14.9922,45.7871],[14.9952,45.7861],[15.002,45.794],[15.0122,45.7929],[15.0193,45.7939],[15.0268,45.7924],[15.0322,45.7862],[15.0329,45.7836],[15.0358,45.7817],[15.0414,45.7815],[15.0468,45.7851],[15.0524,45.7847],[15.058,45.7862],[15.0714,45.7944],[15.0806,45.8052],[15.0808,45.8083],[15.0835,45.8097],[15.0625,45.8253],[15.0452,45.8263],[15.0409,45.8312],[15.0387,45.8317],[15.04,45.8344],[15.0377,45.8347],[15.0387,45.8378],[15.0366,45.843],[15.0379,45.8454],[15.0299,45.8432],[15.0202,45.8399],[15.0197,45.8387],[15.0129,45.8392],[15.0112,45.8382],[15.01,45.8413],[15.007,45.8405],[15.0107,45.8471],[15.0102,45.8491],[15.0079,45.848],[15.0048,45.8496],[15.0002,45.8478],[14.9994,45.8493],[14.9976,45.8493],[14.9866,45.8451],[14.9801,45.8386],[14.9735,45.8396],[14.9693,45.8423],[14.9674,45.8404],[14.96,45.8415],[14.9541,45.8481],[14.9528,45.8475],[14.9536,45.8488],[14.9512,45.8527],[14.9541,45.8544],[14.9524,45.8569],[14.9535,45.8577],[14.9482,45.863],[14.9464,45.8622],[14.9419,45.8713],[14.9335,45.8709],[14.9321,45.8692],[14.9283,45.8687],[14.9231,45.8659],[14.9215,45.8637],[14.9197,45.864],[14.9183,45.8619],[14.9125,45.8665],[14.8899,45.8703],[14.887,45.8663],[14.8761,45.8701],[14.8758,45.8687],[14.8781,45.8667],[14.8824,45.8655],[14.8825,45.8607],[14.8789,45.861],[14.8775,45.8598],[14.8813,45.8591],[14.8797,45.8584],[14.8801,45.855],[14.8671,45.8566],[14.8611,45.8556],[14.8579,45.8568],[14.8556,45.8572]]]}},{"type":"Feature","properties":{"id":"110200000214280195","name":"Markovci"},"geometry":{"type":"Polygon","coordinates":[[[15.9403,46.4209],[15.9346,46.4196],[15.9338,46.4113],[15.9228,46.4096],[15.9151,46.4051],[15.9103,46.4056],[15.9067,46.408],[15.9062,46.4067],[15.9095,46.4053],[15.9024,46.4044],[15.8948,46.3961],[15.9032,46.3888],[15.9078,46.3864],[15.9156,46.3851],[15.9235,46.3865],[15.9273,46.3846],[15.9263,46.3678],[15.9324,46.3674],[15.9434,46.3692],[15.9479,46.3641],[15.9573,46.3613],[15.9819,46.3647],[15.9926,46.3698],[15.9906,46.3723],[15.9897,46.3778],[15.9876,46.3788],[15.9856,46.3843],[15.9856,46.3843],[15.9856,46.3843],[15.9835,46.389],[15.9817,46.3895],[15.9814,46.3939],[15.9837,46.3941],[15.983,46.3972],[15.9719,46.3963],[15.9769,46.4064],[15.9752,46.4096],[15.9754,46.4121],[15.9716,46.4123],[15.9735,46.4176],[15.9615,46.4186],[15.9555,46.4177],[15.9556,46.4194],[15.9403,46.4209]]]}},{"type":"Feature","properties":{"id":"110200000214280278","name":"Miklavž na Dravskem polju"},"geometry":{"type":"Polygon","coordinates":[[[15.7105,46.4598],[15.7216,46.4679],[15.7269,46.4702],[15.7267,46.4714],[15.7331,46.4745],[15.724,46.4853],[15.7141,46.493],[15.7173,46.4939],[15.724,46.4908],[15.7236,46.4931],[15.7252,46.4964],[15.7303,46.4992],[15.7286,46.4995],[15.7229,46.5003],[15.7241,46.5013],[15.7206,46.5048],[15.7162,46.5046],[15.7104,46.5079],[15.7043,46.5079],[15.7009,46.5169],[15.6933,46.5142],[15.6881,46.5142],[15.6823,46.5127],[15.6873,46.5085],[15.6877,46.5063],[15.6894,46.507],[15.695,46.5024],[15.6973,46.4952],[15.6938,46.4942],[15.6867,46.4953],[15.6806,46.4914],[15.6868,46.4843],[15.6958,46.4794],[15.7105,46.4598]]]}},{"type":"Feature","properties":{"id":"110200000214280351","name":"Polzela"},"geometry":{"type":"Polygon","coordinates":[[[15.1201,46.3145],[15.1115,46.3162],[15.1091,46.3242],[15.1078,46.3249],[15.1087,46.328],[15.1053,46.3305],[15.105,46.3334],[15.0971,46.3304],[15.0942,46.3338],[15.0874,46.3356],[15.0835,46.3383],[15.0795,46.3376],[15.0789,46.3395],[15.0733,46.3406],[15.0717,46.3448],[15.0673,46.3496],[15.0646,46.3487],[15.0638,46.3403],[15.061,46.3412],[15.0567,46.3399],[15.0583,46.336],[15.0572,46.334],[15.0579,46.3281],[15.0562,46.3241],[15.058,46.3188],[15.053,46.3144],[15.0551,46.3106],[15.0533,46.3096],[15.0577,46.3084],[15.0586,46.3062],[15.0547,46.3075],[15.0509,46.3048],[15.0483,46.305],[15.0493,46.3012],[15.0533,46.2957],[15.062,46.2897],[15.0617,46.2875],[15.0595,46.2875],[15.067,46.2791],[15.0785,46.2669],[15.0914,46.2586],[15.0986,46.2568],[15.1025,46.2614],[15.1044,46.2616],[15.1059,46.264],[15.1079,46.2639],[15.1093,46.266],[15.0972,46.2722],[15.0995,46.2755],[15.1053,46.2792],[15.1089,46.2794],[15.1099,46.278],[15.112,46.283],[15.1147,46.2836],[15.1157,46.2863],[15.1198,46.2895],[15.1167,46.2904],[15.1188,46.2933],[15.1178,46.2951],[15.1195,46.296],[15.1169,46.2971],[15.1188,46.2985],[15.1175,46.3012],[15.1191,46.3057],[15.1181,46.3093],[15.1207,46.3125],[15.1201,46.3145]]]}},{"type":"Feature","properties":{"id":"110200000214280435","name":"Prevalje"},"geometry":{"type":"Polygon","coordinates":[[[14.9213,46.5],[14.929,46.5037],[14.9335,46.5022],[14.9348,46.5051],[14.9325,46.5069],[14.9364,46.5071],[14.9436,46.5154],[14.95,46.5152],[14.9533,46.5166],[14.9504,46.5185],[14.9471,46.518],[14.9482,46.5203],[14.9516,46.5223],[14.9525,46.5248],[14.9501,46.5258],[14.9469,46.5251],[14.9435,46.5269],[14.9469,46.5301],[14.9419,46.5317],[14.9387,46.5419],[14.9348,46.5418],[14.9336,46.5431],[14.9372,46.5444],[14.9376,46.5455],[14.9357,46.5457],[14.9383,46.5485],[14.9372,46.5495],[14.945,46.5496],[14.9473,46.5548],[14.9437,46.56],[14.9399,46.5614],[14.9324,46.5583],[14.9238,46.5594],[14.9294,46.5645],[14.9229,46.5708],[14.922,46.5726],[14.923,46.5741],[14.9205,46.5758],[14.9143,46.585],[14.9106,46.5834],[14.9081,46.5837],[14.9072,46.5876],[14.9057,46.5891],[14.9027,46.5854],[14.8986,46.5865],[14.8969,46.5922],[14.893,46.5967],[14.8883,46.5961],[14.8885,46.5994],[14.8901,46.6016],[14.8895,46.6026],[14.892,46.6034],[14.8921,46.6046],[14.8887,46.6045],[14.8883,46.6065],[14.8839,46.6084],[14.8844,46.6118],[14.8797,46.6113],[14.8803,46.6098],[14.8787,46.6083],[14.8705,46.6073],[14.8673,46.6047],[14.8664,46.6022],[14.8674,46.5987],[14.8648,46.5933],[14.8615,46.5939],[14.8565,46.5922],[14.8562,46.5867],[14.8521,46.5825],[14.852,46.5806],[14.8438,46.5771],[14.838,46.5691],[14.8402,46.5659],[14.8363,46.5657],[14.8345,46.5632],[14.8375,46.5608],[14.838,46.5581],[14.8343,46.5536],[14.8346,46.5523],[14.832,46.5512],[14.8323,46.5485],[14.8275,46.5478],[14.8305,46.5457],[14.8424,46.5477],[14.8444,46.5451],[14.848,46.5458],[14.8481,46.5479],[14.8519,46.5479],[14.8536,46.5463],[14.8638,46.5505],[14.8682,46.5472],[14.8637,46.5399],[14.8658,46.5395],[14.8659,46.5418],[14.8675,46.5418],[14.8698,46.5372],[14.8702,46.5393],[14.8725,46.5398],[14.8779,46.5368],[14.8797,46.5399],[14.88,46.5355],[14.8752,46.5351],[14.8754,46.5316],[14.8733,46.5266],[14.8751,46.5256],[14.8802,46.5263],[14.8822,46.5197],[14.886,46.5171],[14.8906,46.5166],[14.8926,46.5151],[14.9019,46.5156],[14.903,46.5144],[14.9029,46.5092],[14.8983,46.5093],[14.8989,46.5069],[14.8976,46.5052],[14.901,46.504],[14.8995,46.5036],[14.8988,46.5003],[14.9005,46.5004],[14.903,46.4982],[14.9062,46.5002],[14.9163,46.4986],[14.919,46.5002],[14.9213,46.5]]]}},{"type":"Feature","properties":{"id":"110200000214280518","name":"Ribnica na Pohorju"},"geometry":{"type":"Polygon","coordinates":[[[15.3259,46.5119],[15.3108,46.5127],[15.3096,46.5156],[15.3136,46.521],[15.3131,46.5246],[15.3106,46.5259],[15.3115,46.5354],[15.3171,46.537],[15.3184,46.5389],[15.3153,46.5447],[15.3102,46.5474],[15.3114,46.5484],[15.3112,46.5516],[15.3095,46.5501],[15.3018,46.5497],[15.2963,46.5459],[15.2919,46.5459],[15.2902,46.5489],[15.2932,46.5524],[15.2924,46.5559],[15.287,46.5601],[15.2855,46.5599],[15.2838,46.5625],[15.2803,46.5632],[15.2712,46.5687],[15.2645,46.5688],[15.2637,46.5659],[15.2579,46.5647],[15.2534,46.5604],[15.2445,46.5571],[15.2421,46.5596],[15.2375,46.5557],[15.2375,46.5571],[15.233,46.5552],[15.2317,46.5511],[15.2279,46.5471],[15.2251,46.5461],[15.2255,46.545],[15.2213,46.5474],[15.2207,46.5456],[15.2158,46.5439],[15.2146,46.5455],[15.2093,46.5461],[15.2103,46.5418],[15.2056,46.5399],[15.2066,46.5381],[15.2097,46.5367],[15.2088,46.5337],[15.2059,46.5319],[15.2055,46.5302],[15.2097,46.5299],[15.2052,46.526],[15.2048,46.5235],[15.1994,46.5259],[15.1979,46.5212],[15.1885,46.5134],[15.191,46.5083],[15.1953,46.5075],[15.2113,46.5031],[15.2223,46.4912],[15.2262,46.4907],[15.2337,46.4867],[15.2411,46.4881],[15.2477,46.4909],[15.2554,46.4961],[15.2668,46.4928],[15.2676,46.4938],[15.2709,46.4936],[15.2755,46.4903],[15.2836,46.491],[15.2935,46.4945],[15.2985,46.4899],[15.3112,46.4902],[15.3129,46.4992],[15.3259,46.5119]]]}},{"type":"Feature","properties":{"id":"110200000214280609","name":"Sodražica"},"geometry":{"type":"Polygon","coordinates":[[[14.5789,45.7376],[14.5852,45.7387],[14.5887,45.736],[14.5904,45.7369],[14.5909,45.735],[14.5953,45.7334],[14.5983,45.7304],[14.6024,45.732],[14.6047,45.7303],[14.6082,45.73],[14.6112,45.733],[14.6165,45.7328],[14.6157,45.734],[14.6203,45.7345],[14.62,45.7334],[14.621,45.7337],[14.6243,45.729],[14.6323,45.7286],[14.6326,45.7267],[14.6341,45.7271],[14.6346,45.7228],[14.6379,45.7208],[14.6379,45.7189],[14.6401,45.7188],[14.6397,45.7179],[14.6433,45.7148],[14.6442,45.7156],[14.6463,45.7141],[14.6512,45.7166],[14.6559,45.7168],[14.6543,45.7174],[14.6564,45.7194],[14.6563,45.7229],[14.6581,45.7244],[14.6581,45.7266],[14.6639,45.7306],[14.662,45.7319],[14.665,45.7338],[14.6637,45.7338],[14.6643,45.7365],[14.6672,45.738],[14.6701,45.7377],[14.6679,45.7415],[14.6723,45.7478],[14.6728,45.7522],[14.6792,45.7534],[14.6778,45.7589],[14.6834,45.76],[14.6787,45.763],[14.6787,45.7645],[14.6749,45.7653],[14.675,45.7662],[14.6663,45.7659],[14.6681,45.7674],[14.6675,45.7698],[14.6737,45.7724],[14.6734,45.7742],[14.6555,45.7751],[14.655,45.7766],[14.6514,45.7759],[14.6506,45.7779],[14.6487,45.7766],[14.6373,45.7766],[14.6307,45.7808],[14.6256,45.7808],[14.6211,45.783],[14.622,45.7848],[14.6193,45.7847],[14.6199,45.7832],[14.6116,45.7832],[14.6073,45.7852],[14.5964,45.787],[14.5919,45.7898],[14.5839,45.7901],[14.583,45.7912],[14.585,45.7939],[14.5683,45.7957],[14.5649,45.7915],[14.5628,45.7886],[14.5542,45.7889],[14.5509,45.7874],[14.5474,45.7886],[14.546,45.7852],[14.5545,45.7787],[14.5676,45.7788],[14.5698,45.7773],[14.5687,45.7739],[14.5713,45.7667],[14.5707,45.7636],[14.5661,45.7602],[14.5675,45.7581],[14.5659,45.7569],[14.5655,45.7528],[14.569,45.7513],[14.5706,45.7483],[14.5691,45.7475],[14.5704,45.7467],[14.5709,45.7477],[14.5714,45.7443],[14.5767,45.7401],[14.5763,45.7378],[14.5789,45.7376]]]}},{"type":"Feature","properties":{"id":"110200000214280781","name":"Sveta Ana"},"geometry":{"type":"Polygon","coordinates":[[[15.891,46.6644],[15.8854,46.6651],[15.8821,46.6643],[15.8801,46.666],[15.8754,46.667],[15.8722,46.6643],[15.8708,46.6649],[15.8705,46.6626],[15.8678,46.6624],[15.8651,46.6666],[15.8647,46.6695],[15.8618,46.6688],[15.86,46.6668],[15.8569,46.6695],[15.8521,46.6682],[15.85,46.6711],[15.8435,46.67],[15.84,46.6721],[15.8361,46.6789],[15.8346,46.6796],[15.8321,46.6776],[15.832,46.6786],[15.8255,46.6792],[15.823,46.6827],[15.8186,46.6845],[15.821,46.6871],[15.8259,46.6887],[15.8204,46.6934],[15.817,46.6989],[15.815,46.6996],[15.8157,46.7003],[15.813,46.7011],[15.8061,46.6977],[15.8036,46.6931],[15.8001,46.6906],[15.8032,46.6896],[15.8017,46.6848],[15.8054,46.6807],[15.8039,46.6782],[15.7991,46.6763],[15.7967,46.6719],[15.8036,46.6691],[15.7969,46.6663],[15.7891,46.6652],[15.7877,46.6628],[15.7935,46.6533],[15.7955,46.6522],[15.7961,46.6497],[15.7993,46.6487],[15.8,46.6462],[15.8017,46.6447],[15.803,46.6461],[15.8091,46.6476],[15.8134,46.6467],[15.8131,46.643],[15.8161,46.6376],[15.8178,46.6287],[15.8227,46.6245],[15.8177,46.6234],[15.8154,46.6193],[15.8178,46.6198],[15.8215,46.6183],[15.8208,46.6173],[15.8282,46.6149],[15.8312,46.616],[15.8377,46.6138],[15.8404,46.6134],[15.8416,46.6112],[15.8394,46.6109],[15.8383,46.6085],[15.844,46.607],[15.85,46.608],[15.8527,46.6119],[15.8515,46.6177],[15.8547,46.6176],[15.8552,46.619],[15.8526,46.6209],[15.8556,46.6231],[15.858,46.6228],[15.8605,46.6265],[15.8633,46.6257],[15.865,46.6284],[15.8646,46.63],[15.8678,46.6305],[15.8675,46.6358],[15.8651,46.6387],[15.8679,46.6424],[15.8705,46.6433],[15.8685,46.6469],[15.8692,46.6459],[15.8728,46.6471],[15.8835,46.6439],[15.8857,46.6452],[15.8891,46.6526],[15.8921,46.6551],[15.8925,46.6571],[15.8899,46.6619],[15.891,46.6644]]]}},{"type":"Feature","properties":{"id":"110200000214280864","name":"Sveti Andraž v Slov. goricah"},"geometry":{"type":"Polygon","coordinates":[[[15.9393,46.49],[15.9397,46.5021],[15.9423,46.5031],[15.9416,46.5037],[15.944,46.5075],[15.9466,46.5073],[15.9489,46.5095],[15.9515,46.5094],[15.9558,46.5116],[15.9609,46.511],[15.9687,46.5137],[15.9749,46.5172],[15.9783,46.5218],[15.9935,46.5237],[15.9972,46.5255],[16.002,46.5238],[15.9988,46.5298],[15.9893,46.5345],[15.9883,46.5402],[15.9811,46.5464],[15.9746,46.5423],[15.9727,46.543],[15.9707,46.538],[15.9648,46.5388],[15.9637,46.5371],[15.9624,46.5385],[15.9613,46.5374],[15.9598,46.5383],[15.9587,46.5364],[15.9592,46.5343],[15.9553,46.5331],[15.9529,46.534],[15.9525,46.5307],[15.9518,46.5321],[15.9462,46.5308],[15.9442,46.5326],[15.9409,46.5321],[15.9418,46.538],[15.9391,46.5381],[15.9389,46.5414],[15.9327,46.5434],[15.9217,46.5434],[15.9207,46.5426],[15.9211,46.5392],[15.9224,46.5355],[15.9206,46.5349],[15.9254,46.5271],[15.9247,46.5223],[15.9288,46.5146],[15.9218,46.5143],[15.9233,46.5104],[15.9226,46.5075],[15.9202,46.5075],[15.9209,46.5066],[15.9268,46.4951],[15.9306,46.4957],[15.9311,46.4928],[15.935,46.4905],[15.9393,46.49]]]}},{"type":"Feature","properties":{"id":"110200000214280948","name":"Velika Polana"},"geometry":{"type":"Polygon","coordinates":[[[16.3216,46.5569],[16.3245,46.5559],[16.3271,46.5567],[16.332,46.5543],[16.3343,46.5556],[16.3368,46.5539],[16.3418,46.5534],[16.3428,46.5542],[16.3408,46.5558],[16.342,46.5566],[16.3473,46.5566],[16.3542,46.5601],[16.359,46.5597],[16.3685,46.5661],[16.3724,46.5668],[16.3716,46.5694],[16.3729,46.5703],[16.377,46.5707],[16.3779,46.572],[16.3839,46.5717],[16.3855,46.5753],[16.4004,46.5736],[16.4015,46.5763],[16.4004,46.5782],[16.3891,46.5841],[16.3769,46.5927],[16.3701,46.6005],[16.3678,46.6006],[16.3701,46.5986],[16.3647,46.5926],[16.3551,46.5979],[16.3547,46.5972],[16.3348,46.603],[16.3323,46.5977],[16.3285,46.5989],[16.3271,46.5971],[16.3301,46.594],[16.3284,46.5922],[16.327,46.5925],[16.325,46.588],[16.326,46.5875],[16.3241,46.5856],[16.3245,46.5842],[16.3266,46.5837],[16.3271,46.5823],[16.326,46.5815],[16.3271,46.5809],[16.3239,46.5737],[16.3264,46.5731],[16.325,46.57],[16.3224,46.5701],[16.3317,46.563],[16.3216,46.5569]]]}},{"type":"Feature","properties":{"id":"110200000214281086","name":"Vransko"},"geometry":{"type":"Polygon","coordinates":[[[14.9686,46.194],[14.9643,46.2018],[14.965,46.2041],[14.9636,46.2104],[14.9639,46.2163],[14.9736,46.2265],[14.9781,46.2274],[14.9796,46.2299],[14.9783,46.2299],[14.9783,46.2311],[14.9797,46.2318],[14.9807,46.2361],[14.983,46.2373],[14.9824,46.2387],[14.9878,46.2401],[14.9891,46.2445],[14.9969,46.2439],[14.9975,46.2483],[15.0038,46.248],[15.0024,46.2545],[15.0045,46.2565],[15.0044,46.2583],[15.0107,46.2582],[15.0105,46.2596],[14.9984,46.2605],[14.9946,46.2656],[14.987,46.2651],[14.9753,46.2772],[14.9658,46.2791],[14.954,46.2782],[14.9544,46.2806],[14.9527,46.2818],[14.9463,46.2811],[14.9463,46.278],[14.9511,46.2743],[14.9493,46.2704],[14.9447,46.2691],[14.9393,46.27],[14.9373,46.2723],[14.9296,46.2696],[14.9197,46.2647],[14.9209,46.2615],[14.9198,46.2576],[14.9036,46.2618],[14.8938,46.2618],[14.8928,46.2583],[14.8984,46.2546],[14.8995,46.2509],[14.8967,46.2488],[14.8953,46.2442],[14.8894,46.2438],[14.8896,46.2419],[14.8865,46.2409],[14.8852,46.2375],[14.8873,46.2336],[14.8947,46.2339],[14.8993,46.2289],[14.9069,46.231],[14.9077,46.2303],[14.9071,46.2276],[14.9128,46.2214],[14.9117,46.2195],[14.9282,46.2169],[14.9198,46.2154],[14.9213,46.2138],[14.9195,46.213],[14.9174,46.2151],[14.9083,46.2129],[14.9104,46.2087],[14.9087,46.2078],[14.9097,46.1997],[14.9085,46.1996],[14.9096,46.1983],[14.9213,46.1952],[14.9242,46.192],[14.9253,46.1885],[14.931,46.1858],[14.9355,46.187],[14.9448,46.1863],[14.9686,46.194]]]}},{"type":"Feature","properties":{"id":"110200000214281169","name":"Žirovnica"},"geometry":{"type":"Polygon","coordinates":[[[14.1354,46.3689],[14.1533,46.3819],[14.156,46.3827],[14.1641,46.3786],[14.1659,46.3796],[14.1669,46.3785],[14.1696,46.3784],[14.1773,46.3725],[14.1777,46.3743],[14.1757,46.3752],[14.1801,46.3783],[14.1786,46.3787],[14.179,46.3802],[14.1832,46.3794],[14.1809,46.3802],[14.1834,46.3798],[14.1811,46.3805],[14.183,46.3812],[14.182,46.3828],[14.1855,46.3844],[14.1847,46.3798],[14.1918,46.384],[14.1908,46.3853],[14.1926,46.3872],[14.1915,46.3894],[14.1924,46.3937],[14.1909,46.3956],[14.1938,46.4005],[14.1963,46.4008],[14.1979,46.4039],[14.2006,46.4046],[14.205,46.4129],[14.2085,46.4163],[14.2219,46.4218],[14.2335,46.4221],[14.2372,46.4322],[14.227,46.4359],[14.2237,46.4406],[14.2193,46.4432],[14.2148,46.443],[14.2125,46.4399],[14.2077,46.4393],[14.1958,46.4411],[14.1911,46.4439],[14.1913,46.4422],[14.1893,46.4407],[14.1806,46.4383],[14.1766,46.434],[14.1695,46.4331],[14.1592,46.4343],[14.1534,46.4368],[14.1456,46.439],[14.1347,46.4337],[14.1358,46.4327],[14.1353,46.4302],[14.1325,46.4291],[14.1316,46.4305],[14.1305,46.4287],[14.1285,46.4286],[14.1238,46.4252],[14.1204,46.4192],[14.1228,46.4147],[14.1269,46.4134],[14.1239,46.411],[14.1252,46.4104],[14.1247,46.4085],[14.1268,46.4082],[14.1264,46.4062],[14.1244,46.4047],[14.1244,46.4021],[14.1216,46.3942],[14.1173,46.3906],[14.119,46.3897],[14.1207,46.3862],[14.1252,46.387],[14.1254,46.3841],[14.1286,46.379],[14.1339,46.3772],[14.1316,46.3721],[14.1354,46.3689]]]}},{"type":"Feature","properties":{"id":"110200000214281243","name":"Žalec"},"geometry":{"type":"Polygon","coordinates":[[[15.0986,46.2568],[15.1056,46.2515],[15.1141,46.2428],[15.1291,46.24],[15.1362,46.24],[15.1399,46.2386],[15.1399,46.2373],[15.1423,46.2361],[15.1413,46.2323],[15.1389,46.23],[15.1342,46.2327],[15.132,46.2315],[15.1321,46.2301],[15.1284,46.2301],[15.1288,46.2272],[15.1273,46.223],[15.1294,46.2215],[15.1281,46.2182],[15.1304,46.2166],[15.1261,46.2168],[15.1266,46.2135],[15.1286,46.2129],[15.1292,46.2115],[15.1296,46.2057],[15.1274,46.2015],[15.1283,46.1976],[15.1154,46.1896],[15.1107,46.1892],[15.1073,46.1875],[15.1059,46.1866],[15.1066,46.1836],[15.1087,46.1839],[15.1113,46.1817],[15.1191,46.1817],[15.1323,46.1852],[15.1462,46.1859],[15.1511,46.19],[15.1549,46.1888],[15.1625,46.1935],[15.1629,46.1909],[15.1685,46.1897],[15.1628,46.1865],[15.1675,46.1835],[15.1755,46.1838],[15.1767,46.1858],[15.1809,46.1866],[15.1851,46.1853],[15.1857,46.1878],[15.189,46.1874],[15.1912,46.1854],[15.1932,46.1863],[15.1992,46.1856],[15.2022,46.1867],[15.2024,46.1918],[15.2035,46.1922],[15.2026,46.1927],[15.2108,46.1977],[15.2133,46.2004],[15.2123,46.2035],[15.2136,46.2064],[15.2131,46.2112],[15.2119,46.2127],[15.2114,46.2179],[15.2123,46.2223],[15.2141,46.2236],[15.2139,46.2258],[15.2199,46.2326],[15.2177,46.234],[15.218,46.2381],[15.2202,46.2381],[15.2203,46.2396],[15.2223,46.2391],[15.2227,46.2406],[15.2209,46.242],[15.2212,46.2435],[15.2155,46.2469],[15.2155,46.2566],[15.2128,46.2576],[15.2104,46.2605],[15.2118,46.2617],[15.2179,46.2607],[15.2151,46.2634],[15.2122,46.2629],[15.2108,46.265],[15.2117,46.2655],[15.211,46.2682],[15.2136,46.2717],[15.2119,46.2739],[15.22,46.2789],[15.2252,46.2786],[15.2209,46.2834],[15.2192,46.2828],[15.2176,46.2857],[15.2149,46.2867],[15.2166,46.2871],[15.2153,46.2916],[15.2175,46.2987],[15.2184,46.3],[15.222,46.2996],[15.2209,46.3005],[15.2222,46.3005],[15.2213,46.3031],[15.2193,46.3043],[15.2246,46.3074],[15.2241,46.3101],[15.2221,46.3113],[15.2231,46.3139],[15.2223,46.3155],[15.217,46.317],[15.2143,46.3191],[15.2081,46.3202],[15.2089,46.3225],[15.2063,46.3241],[15.1988,46.3261],[15.1935,46.3257],[15.1907,46.3238],[15.1902,46.3205],[15.1809,46.3186],[15.1798,46.3206],[15.1754,46.3226],[15.1745,46.3248],[15.1718,46.3249],[15.1701,46.3265],[15.1701,46.3282],[15.1634,46.3335],[15.164,46.335],[15.1578,46.3372],[15.1536,46.3407],[15.1538,46.3386],[15.1559,46.3383],[15.1556,46.3364],[15.1475,46.3347],[15.1468,46.3333],[15.1422,46.3347],[15.1384,46.3336],[15.1368,46.3312],[15.1368,46.325],[15.1333,46.3236],[15.1312,46.3248],[15.1258,46.3243],[15.1258,46.3229],[15.1204,46.3185],[15.1201,46.3145],[15.1207,46.3125],[15.1181,46.3093],[15.1191,46.3057],[15.1175,46.3012],[15.1188,46.2985],[15.1169,46.2971],[15.1195,46.296],[15.1178,46.2951],[15.1188,46.2933],[15.1167,46.2904],[15.1198,46.2895],[15.1157,46.2863],[15.1147,46.2836],[15.112,46.283],[15.1099,46.278],[15.1089,46.2794],[15.1053,46.2792],[15.0995,46.2755],[15.0972,46.2722],[15.1093,46.266],[15.1079,46.2639],[15.1059,46.264],[15.1044,46.2616],[15.1025,46.2614],[15.0986,46.2568]]]}},{"type":"Feature","properties":{"id":"110200000214282647","name":"Šmartno pri Litiji"},"geometry":{"type":"Polygon","coordinates":[[[14.9486,45.9786],[14.9477,45.9802],[14.9492,45.9838],[14.9449,45.9855],[14.9327,45.9844],[14.9254,45.9851],[14.9237,45.9941],[14.9263,45.9944],[14.9294,45.9966],[14.9289,46.0032],[14.9258,46.0064],[14.9216,46.0062],[14.9214,46.0071],[14.9236,46.0123],[14.9261,46.0146],[14.9273,46.0206],[14.9243,46.0258],[14.9231,46.0333],[14.919,46.0342],[14.9255,46.0431],[14.9204,46.0456],[14.9146,46.0463],[14.9105,46.0491],[14.9111,46.0504],[14.9084,46.0516],[14.9086,46.0527],[14.9042,46.0547],[14.9028,46.0568],[14.8959,46.0553],[14.8967,46.0597],[14.8935,46.063],[14.8866,46.0622],[14.8649,46.0711],[14.8653,46.0687],[14.8728,46.061],[14.8691,46.0562],[14.8639,46.0566],[14.8557,46.0528],[14.8413,46.0536],[14.8414,46.0524],[14.8325,46.0491],[14.8324,46.0478],[14.8311,46.0488],[14.8267,46.0477],[14.8191,46.0535],[14.814,46.0526],[14.8121,46.0531],[14.8129,46.0541],[14.8118,46.0548],[14.8092,46.0549],[14.8071,46.0524],[14.8054,46.0533],[14.8043,46.0519],[14.8047,46.0497],[14.8072,46.0499],[14.8086,46.0481],[14.798,46.0477],[14.7987,46.0458],[14.7964,46.044],[14.7943,46.0452],[14.7899,46.0452],[14.7878,46.0478],[14.7875,46.0506],[14.7858,46.0494],[14.7818,46.0516],[14.7748,46.051],[14.7667,46.0541],[14.7641,46.0567],[14.768,46.0574],[14.7632,46.0598],[14.7639,46.0609],[14.7602,46.0606],[14.7556,46.0656],[14.746,46.068],[14.7472,46.0634],[14.7457,46.0603],[14.7468,46.0594],[14.7331,46.0542],[14.7315,46.0516],[14.725,46.052],[14.7307,46.0456],[14.7358,46.0436],[14.7365,46.0406],[14.7425,46.0394],[14.7503,46.0311],[14.7553,46.0297],[14.7519,46.0264],[14.7522,46.0255],[14.7545,46.0262],[14.7546,46.0238],[14.7433,46.0233],[14.7415,46.0222],[14.7425,46.0211],[14.7401,46.0206],[14.7418,46.0183],[14.7406,46.0171],[14.7458,46.0153],[14.7419,46.0148],[14.745,46.0133],[14.7471,46.0142],[14.7483,46.0127],[14.743,46.0067],[14.7474,46.0085],[14.7519,46.0075],[14.7475,46.0042],[14.7483,46.0021],[14.7504,46.0026],[14.7507,46.001],[14.7587,45.9979],[14.7634,45.9982],[14.7662,46.0001],[14.7698,45.9994],[14.776,46.0029],[14.7746,46.005],[14.7765,46.009],[14.7785,46.0075],[14.7874,46.0074],[14.7964,46.0131],[14.8002,46.0091],[14.799,46.0069],[14.804,46.0051],[14.8059,46.0075],[14.807,46.0068],[14.8058,46.0047],[14.8085,46.0041],[14.8104,46.0015],[14.8118,46.0019],[14.8123,46.0046],[14.8169,46.0047],[14.8176,46.0029],[14.8192,46.0026],[14.8187,46.0006],[14.8197,45.9998],[14.8253,46.0006],[14.8265,45.9989],[14.831,45.9974],[14.8373,45.9994],[14.8452,45.998],[14.8469,45.9957],[14.8544,45.9955],[14.8581,45.9941],[14.8589,45.9968],[14.864,45.9983],[14.8621,45.9991],[14.8604,46.0046],[14.8618,46.0064],[14.869,46.0051],[14.8713,46.0091],[14.8771,46.0071],[14.88,46.0045],[14.8797,46.0013],[14.8842,45.9972],[14.8842,45.9926],[14.8942,45.9915],[14.8914,45.9852],[14.8952,45.98],[14.8997,45.9774],[14.9,45.9755],[14.9042,45.9719],[14.9038,45.9703],[14.9102,45.9674],[14.9115,45.9644],[14.925,45.9631],[14.9346,45.9652],[14.9385,45.9637],[14.9407,45.9673],[14.9386,45.9706],[14.9402,45.9737],[14.9388,45.9743],[14.9486,45.9786]]]}},{"type":"Feature","properties":{"id":"110200000214336328","name":"Središče ob Dravi"},"geometry":{"type":"Polygon","coordinates":[[[16.2089,46.3839],[16.2154,46.3852],[16.2198,46.3787],[16.2241,46.3815],[16.2254,46.3867],[16.2301,46.3878],[16.2346,46.3861],[16.2364,46.3841],[16.2368,46.3804],[16.2388,46.3787],[16.2482,46.3801],[16.2654,46.3761],[16.2722,46.3784],[16.3015,46.3783],[16.3051,46.3863],[16.303,46.3887],[16.3045,46.3913],[16.3041,46.394],[16.3072,46.3947],[16.3075,46.3975],[16.3017,46.401],[16.2995,46.4058],[16.2966,46.4078],[16.2912,46.4082],[16.2878,46.4119],[16.2823,46.4149],[16.2724,46.4153],[16.2737,46.4159],[16.2725,46.4172],[16.2756,46.419],[16.2756,46.4221],[16.2736,46.4232],[16.2742,46.4274],[16.273,46.4286],[16.274,46.4298],[16.2707,46.4323],[16.2653,46.4301],[16.2664,46.4285],[16.2629,46.4262],[16.2638,46.4253],[16.2612,46.4232],[16.2594,46.4248],[16.2557,46.4236],[16.2569,46.4215],[16.2552,46.4195],[16.2521,46.4198],[16.2495,46.4218],[16.2439,46.4207],[16.2425,46.4229],[16.2419,46.429],[16.24,46.4296],[16.2381,46.4341],[16.2345,46.4345],[16.2341,46.433],[16.2319,46.4337],[16.2303,46.4383],[16.2332,46.4396],[16.2324,46.4413],[16.2309,46.4415],[16.2288,46.4405],[16.2298,46.4392],[16.2229,46.4385],[16.2224,46.435],[16.2196,46.4335],[16.2224,46.4302],[16.2208,46.4268],[16.2194,46.4293],[16.2161,46.4284],[16.2166,46.4271],[16.21,46.4259],[16.2077,46.4266],[16.2072,46.424],[16.2092,46.4204],[16.2162,46.416],[16.2174,46.4125],[16.219,46.4136],[16.2192,46.412],[16.2226,46.4112],[16.2212,46.4083],[16.213,46.4047],[16.2105,46.4023],[16.2145,46.4019],[16.2148,46.4005],[16.2185,46.4009],[16.219,46.3979],[16.2179,46.396],[16.2213,46.3952],[16.218,46.3899],[16.2151,46.3913],[16.2124,46.3893],[16.2092,46.3898],[16.2071,46.385],[16.2089,46.3839]]]}},{"type":"Feature","properties":{"id":"110200000214336591","name":"Straža"},"geometry":{"type":"Polygon","coordinates":[[[15.1093,45.7309],[15.1105,45.7336],[15.1177,45.7398],[15.1028,45.7491],[15.1027,45.7538],[15.1063,45.7544],[15.1104,45.7583],[15.1078,45.7603],[15.1084,45.7625],[15.1155,45.7639],[15.114,45.7669],[15.1123,45.7671],[15.1121,45.7687],[15.1099,45.7697],[15.1117,45.7717],[15.1102,45.7725],[15.1126,45.7755],[15.1099,45.7786],[15.1106,45.7816],[15.1147,45.7853],[15.1161,45.7841],[15.12,45.7861],[15.1168,45.7897],[15.1248,45.7936],[15.1203,45.7974],[15.1221,45.8009],[15.1186,45.801],[15.1188,45.8034],[15.1154,45.8027],[15.1171,45.8051],[15.1157,45.8067],[15.1166,45.8092],[15.1149,45.8099],[15.1156,45.8109],[15.1137,45.8108],[15.1123,45.8118],[15.1129,45.8123],[15.1086,45.8144],[15.0968,45.8173],[15.095,45.8161],[15.0925,45.8177],[15.093,45.8119],[15.0896,45.8118],[15.0864,45.8094],[15.0835,45.8097],[15.0808,45.8083],[15.0806,45.8052],[15.0714,45.7944],[15.058,45.7862],[15.0524,45.7847],[15.0527,45.782],[15.0546,45.7793],[15.0566,45.7785],[15.0542,45.7739],[15.0641,45.7673],[15.0779,45.7548],[15.073,45.7496],[15.0874,45.74],[15.1093,45.7309]]]}},{"type":"Feature","properties":{"id":"110200000214336674","name":"Sveta Trojica v Slovenskih goricah"},"geometry":{"type":"Polygon","coordinates":[[[15.8694,46.6007],[15.8639,46.5971],[15.8591,46.5977],[15.8548,46.5952],[15.8567,46.5937],[15.8559,46.5917],[15.8578,46.5919],[15.858,46.5892],[15.8591,46.5885],[15.8523,46.5852],[15.8515,46.582],[15.8532,46.5811],[15.8511,46.5802],[15.852,46.5777],[15.8564,46.5757],[15.8544,46.5715],[15.8572,46.5716],[15.8606,46.5739],[15.8633,46.5727],[15.8593,46.5658],[15.8634,46.558],[15.8473,46.551],[15.8478,46.5498],[15.8437,46.5477],[15.8419,46.5485],[15.8426,46.5454],[15.8518,46.5438],[15.8599,46.5374],[15.8625,46.5367],[15.8675,46.5346],[15.8701,46.5382],[15.8822,46.5473],[15.8831,46.5494],[15.882,46.5504],[15.8832,46.5527],[15.8872,46.5513],[15.8913,46.5524],[15.8906,46.5507],[15.892,46.5519],[15.8957,46.5502],[15.8982,46.5506],[15.8998,46.5492],[15.8988,46.5484],[15.9009,46.5486],[15.8978,46.5458],[15.8998,46.5453],[15.8991,46.544],[15.9021,46.5449],[15.9021,46.5432],[15.9057,46.5437],[15.904,46.542],[15.9047,46.5412],[15.9085,46.5409],[15.909,46.5419],[15.9093,46.54],[15.9121,46.5403],[15.9108,46.539],[15.9123,46.5378],[15.9109,46.5371],[15.9139,46.5374],[15.9153,46.5351],[15.9167,46.5364],[15.9158,46.5331],[15.9206,46.5349],[15.9224,46.5355],[15.9211,46.5392],[15.9163,46.5381],[15.9146,46.5393],[15.9128,46.5411],[15.9139,46.5454],[15.9086,46.5517],[15.9083,46.5543],[15.9026,46.5563],[15.9056,46.5582],[15.904,46.5602],[15.9039,46.5638],[15.9049,46.5641],[15.9036,46.5649],[15.9046,46.5651],[15.905,46.5681],[15.9028,46.5691],[15.9031,46.5714],[15.9121,46.5725],[15.9171,46.5765],[15.9204,46.5772],[15.9275,46.5831],[15.94,46.5828],[15.9444,46.5888],[15.9402,46.5909],[15.9388,46.593],[15.936,46.593],[15.9303,46.5956],[15.9233,46.5961],[15.9173,46.5932],[15.9142,46.5897],[15.9085,46.5907],[15.9078,46.5865],[15.9044,46.5852],[15.9031,46.5881],[15.8977,46.5887],[15.8956,46.5868],[15.8958,46.5887],[15.8922,46.589],[15.8919,46.5853],[15.8949,46.5816],[15.8888,46.581],[15.8858,46.5839],[15.8812,46.5942],[15.8773,46.5963],[15.8769,46.5991],[15.8694,46.6007]]]}},{"type":"Feature","properties":{"id":"110200000214336757","name":"Sveti Tomaž"},"geometry":{"type":"Polygon","coordinates":[[[16.1179,46.4903],[16.109,46.501],[16.0981,46.4988],[16.0863,46.501],[16.0776,46.4994],[16.0705,46.5016],[16.0685,46.4997],[16.0638,46.4989],[16.0422,46.5092],[16.0357,46.508],[16.0309,46.5091],[16.024,46.5073],[16.0205,46.5095],[16.0118,46.5103],[16.0065,46.5077],[16.0136,46.5039],[16.0137,46.5008],[16.0157,46.4972],[16.011,46.4925],[16.0134,46.4911],[16.0174,46.4892],[16.0242,46.4835],[16.0255,46.4804],[16.0296,46.4784],[16.034,46.4744],[16.0349,46.4695],[16.0362,46.4692],[16.0324,46.4648],[16.0297,46.4643],[16.0341,46.4645],[16.0342,46.4603],[16.033,46.4584],[16.0363,46.4588],[16.0407,46.4568],[16.0433,46.4575],[16.0464,46.4547],[16.0502,46.4554],[16.0587,46.4479],[16.0686,46.443],[16.0725,46.4489],[16.0723,46.4557],[16.077,46.4616],[16.0791,46.4619],[16.0811,46.4603],[16.0779,46.4567],[16.08,46.4557],[16.0785,46.4536],[16.0827,46.4534],[16.0828,46.4512],[16.0975,46.451],[16.1001,46.4528],[16.0993,46.4544],[16.1062,46.457],[16.1073,46.4594],[16.1171,46.4622],[16.1154,46.4637],[16.116,46.4646],[16.1122,46.4659],[16.1123,46.467],[16.1139,46.4691],[16.1201,46.4719],[16.1191,46.4744],[16.116,46.4739],[16.1156,46.477],[16.1154,46.4755],[16.1123,46.473],[16.111,46.4735],[16.115,46.4781],[16.1127,46.4815],[16.1094,46.4805],[16.1063,46.4819],[16.1086,46.4837],[16.1158,46.4847],[16.1156,46.4864],[16.1173,46.487],[16.1154,46.4878],[16.1179,46.4903]]]}},{"type":"Feature","properties":{"id":"110200000214336831","name":"Šmarješke Toplice"},"geometry":{"type":"Polygon","coordinates":[[[15.2535,45.8485],[15.2599,45.8535],[15.2626,45.8541],[15.265,45.8568],[15.2646,45.8588],[15.2658,45.8599],[15.2839,45.8677],[15.2902,45.869],[15.2894,45.8698],[15.2923,45.8705],[15.2914,45.8736],[15.2868,45.8766],[15.2907,45.8786],[15.2938,45.8787],[15.2964,45.8845],[15.2994,45.884],[15.2992,45.8891],[15.2921,45.8843],[15.2888,45.8854],[15.2846,45.8814],[15.2774,45.8805],[15.2703,45.895],[15.2713,45.8983],[15.2764,45.8997],[15.2764,45.9074],[15.2724,45.9055],[15.2696,45.9056],[15.2679,45.9073],[15.2674,45.9053],[15.2663,45.9059],[15.2636,45.9037],[15.2635,45.9012],[15.2615,45.9013],[15.2598,45.8996],[15.2597,45.9021],[15.2618,45.9045],[15.2612,45.9064],[15.2563,45.9065],[15.2493,45.914],[15.2448,45.9149],[15.2425,45.9138],[15.2382,45.919],[15.2331,45.9213],[15.2291,45.9261],[15.2247,45.9251],[15.2129,45.9174],[15.2126,45.9158],[15.2156,45.9115],[15.2131,45.9085],[15.213,45.9054],[15.2196,45.9043],[15.2189,45.902],[15.2226,45.899],[15.2143,45.8945],[15.2117,45.8896],[15.2102,45.8898],[15.2125,45.8878],[15.2046,45.886],[15.212,45.8838],[15.2066,45.8818],[15.2046,45.8786],[15.1994,45.877],[15.2092,45.8652],[15.2149,45.8625],[15.2147,45.8604],[15.2163,45.8595],[15.2157,45.8575],[15.217,45.8573],[15.2163,45.8544],[15.2187,45.8538],[15.223,45.8555],[15.2239,45.8526],[15.2262,45.8515],[15.2315,45.8548],[15.2342,45.8582],[15.2429,45.8591],[15.2459,45.8561],[15.2469,45.853],[15.2526,45.8508],[15.2516,45.8497],[15.2535,45.8485]]]}},{"type":"Feature","properties":{"id":"110200000214364379","name":"Apače"},"geometry":{"type":"Polygon","coordinates":[[[15.8061,46.6977],[15.813,46.7011],[15.8157,46.7003],[15.815,46.6996],[15.817,46.6989],[15.8204,46.6934],[15.8259,46.6887],[15.821,46.6871],[15.8186,46.6845],[15.823,46.6827],[15.8255,46.6792],[15.832,46.6786],[15.8321,46.6776],[15.8346,46.6796],[15.8361,46.6789],[15.84,46.6721],[15.8435,46.67],[15.85,46.6711],[15.8521,46.6682],[15.8569,46.6695],[15.86,46.6668],[15.8618,46.6688],[15.8647,46.6695],[15.8651,46.6666],[15.8678,46.6624],[15.8705,46.6626],[15.8708,46.6649],[15.8722,46.6643],[15.8754,46.667],[15.8801,46.666],[15.8821,46.6643],[15.8854,46.6651],[15.891,46.6644],[15.8956,46.6622],[15.8964,46.6597],[15.9002,46.6615],[15.9009,46.6631],[15.9216,46.6623],[15.923,46.6647],[15.9259,46.6658],[15.9352,46.6664],[15.937,46.6746],[15.9387,46.675],[15.9396,46.6785],[15.944,46.6777],[15.9507,46.6792],[15.9497,46.6815],[15.9596,46.6838],[15.9599,46.687],[15.9506,46.6881],[15.9431,46.6906],[15.9204,46.706],[15.9122,46.7098],[15.8928,46.714],[15.8778,46.7195],[15.8656,46.7217],[15.8397,46.7224],[15.8294,46.7215],[15.8007,46.7151],[15.7866,46.7076],[15.7899,46.7033],[15.7938,46.7016],[15.7999,46.6963],[15.8061,46.6977]]]}},{"type":"Feature","properties":{"id":"110200000214364452","name":"Cirkulane"},"geometry":{"type":"Polygon","coordinates":[[[15.9573,46.3613],[15.9585,46.3573],[15.9566,46.3559],[15.9571,46.3546],[15.955,46.3515],[15.9517,46.3496],[15.9523,46.3484],[15.9561,46.3472],[15.9588,46.3479],[15.9644,46.3442],[15.9648,46.341],[15.9612,46.3388],[15.9638,46.3378],[15.962,46.3365],[15.963,46.3347],[15.9576,46.3329],[15.9687,46.3232],[15.9694,46.3215],[15.9661,46.3191],[15.9711,46.3162],[15.9712,46.3134],[15.9679,46.3109],[15.9717,46.3072],[15.9731,46.3089],[15.9761,46.309],[15.977,46.3124],[15.98,46.311],[15.9828,46.3114],[15.9838,46.3089],[15.9863,46.3105],[15.9884,46.3102],[15.9896,46.3114],[15.989,46.3146],[15.99,46.3147],[15.9951,46.3113],[15.9982,46.3108],[15.998,46.3093],[16.0016,46.3073],[16.0101,46.31],[16.0144,46.3089],[16.0172,46.3119],[16.0219,46.3143],[16.0227,46.3173],[16.0208,46.3186],[16.0203,46.3212],[16.018,46.3211],[16.022,46.3246],[16.0284,46.3263],[16.0287,46.3276],[16.0267,46.3292],[16.0276,46.3316],[16.0351,46.3362],[16.033,46.3378],[16.0297,46.3364],[16.0275,46.3404],[16.0303,46.349],[16.028,46.3524],[16.0278,46.3554],[16.0232,46.3542],[16.0213,46.3563],[16.0184,46.3559],[16.0156,46.3585],[16.0181,46.3612],[16.0158,46.3653],[16.0213,46.3678],[16.0186,46.3721],[16.0227,46.3726],[16.0233,46.3774],[16.022,46.381],[16.021,46.3828],[16.0046,46.3781],[15.9926,46.3698],[15.9819,46.3647],[15.9573,46.3613]]]}},{"type":"Feature","properties":{"id":"110200000214364536","name":"Kostanjevica na Krki"},"geometry":{"type":"Polygon","coordinates":[[[15.3792,45.8844],[15.3788,45.8796],[15.3773,45.8785],[15.3782,45.8779],[15.3769,45.877],[15.3786,45.876],[15.3771,45.875],[15.3787,45.8736],[15.3825,45.8743],[15.3841,45.8694],[15.3838,45.8643],[15.3985,45.8642],[15.3939,45.8603],[15.3889,45.8603],[15.3819,45.8582],[15.3763,45.8535],[15.3751,45.8533],[15.3752,45.8557],[15.3732,45.8556],[15.3663,45.8525],[15.3733,45.848],[15.376,45.8488],[15.3785,45.8426],[15.3809,45.8406],[15.3805,45.839],[15.3823,45.8386],[15.3831,45.8332],[15.3768,45.8315],[15.3775,45.8295],[15.3745,45.825],[15.376,45.8222],[15.3803,45.8199],[15.3801,45.8186],[15.3782,45.8186],[15.3802,45.8162],[15.3799,45.8139],[15.3897,45.8132],[15.391,45.8105],[15.3964,45.8072],[15.4002,45.8065],[15.4015,45.7987],[15.4044,45.7963],[15.4044,45.7927],[15.408,45.7912],[15.4126,45.7951],[15.4182,45.7946],[15.4221,45.7963],[15.4272,45.7948],[15.4338,45.7954],[15.4372,45.7939],[15.4398,45.7954],[15.445,45.7958],[15.4579,45.795],[15.4626,45.7935],[15.4748,45.7975],[15.4759,45.7982],[15.4721,45.8019],[15.4701,45.8066],[15.4706,45.8117],[15.468,45.8136],[15.4659,45.8184],[15.4712,45.8173],[15.4784,45.8194],[15.4774,45.8231],[15.4789,45.8275],[15.4751,45.8305],[15.4682,45.8311],[15.461,45.8376],[15.4606,45.8397],[15.4584,45.8406],[15.4562,45.8441],[15.4563,45.8489],[15.454,45.85],[15.4548,45.8518],[15.4479,45.8528],[15.4456,45.855],[15.4403,45.856],[15.4396,45.8569],[15.4414,45.8594],[15.4387,45.8606],[15.4409,45.8625],[15.4283,45.8657],[15.4302,45.8916],[15.4004,45.8914],[15.4002,45.8877],[15.3788,45.8879],[15.3792,45.8844]]]}},{"type":"Feature","properties":{"id":"110200000214364619","name":"Makole"},"geometry":{"type":"Polygon","coordinates":[[[15.6695,46.3474],[15.6571,46.3484],[15.6537,46.3502],[15.6452,46.3515],[15.6392,46.3503],[15.6397,46.3473],[15.6363,46.3336],[15.639,46.3316],[15.6345,46.3315],[15.6372,46.3292],[15.6349,46.3274],[15.6384,46.323],[15.6418,46.3236],[15.6429,46.3229],[15.6424,46.3207],[15.6451,46.3214],[15.6498,46.317],[15.6514,46.3133],[15.6497,46.3128],[15.6529,46.309],[15.6524,46.3045],[15.6533,46.3034],[15.6504,46.3011],[15.6584,46.2986],[15.6572,46.2925],[15.652,46.29],[15.6477,46.2832],[15.6416,46.2807],[15.6368,46.2813],[15.6367,46.2799],[15.64,46.2792],[15.6382,46.2789],[15.6361,46.2763],[15.6358,46.2743],[15.6374,46.2739],[15.6426,46.2755],[15.6491,46.2752],[15.6513,46.2767],[15.6562,46.2739],[15.6678,46.2745],[15.6735,46.2762],[15.6736,46.2749],[15.6807,46.2771],[15.6852,46.2802],[15.6883,46.28],[15.6946,46.2858],[15.6949,46.2885],[15.6984,46.2939],[15.7028,46.2962],[15.7039,46.299],[15.706,46.2999],[15.7059,46.303],[15.7076,46.3043],[15.7065,46.3078],[15.7071,46.3121],[15.7109,46.3138],[15.7094,46.3192],[15.7112,46.3216],[15.7096,46.3277],[15.7116,46.333],[15.7078,46.3348],[15.7114,46.3373],[15.7133,46.3363],[15.7164,46.3372],[15.7164,46.3414],[15.7128,46.3429],[15.7083,46.3495],[15.7017,46.3497],[15.6964,46.3472],[15.6925,46.3479],[15.6916,46.3468],[15.6896,46.3472],[15.688,46.3453],[15.6842,46.3453],[15.6828,46.3438],[15.6695,46.3474]]]}},{"type":"Feature","properties":{"id":"110200000214364700","name":"Mokronog-Trebelno"},"geometry":{"type":"Polygon","coordinates":[[[15.1994,45.877],[15.2046,45.8786],[15.2066,45.8818],[15.212,45.8838],[15.2046,45.886],[15.2125,45.8878],[15.2102,45.8898],[15.2117,45.8896],[15.2143,45.8945],[15.2226,45.899],[15.2189,45.902],[15.2196,45.9043],[15.213,45.9054],[15.2131,45.9085],[15.2156,45.9115],[15.2126,45.9158],[15.2129,45.9174],[15.2247,45.9251],[15.2291,45.9261],[15.2292,45.9278],[15.2253,45.9286],[15.2168,45.9288],[15.2136,45.9303],[15.2137,45.932],[15.2116,45.9329],[15.2107,45.9319],[15.2084,45.9336],[15.2013,45.9327],[15.1982,45.9364],[15.1947,45.9361],[15.192,45.9383],[15.192,45.9401],[15.1858,45.9407],[15.1833,45.9457],[15.1772,45.9497],[15.1715,45.9515],[15.1719,45.9524],[15.1698,45.9526],[15.1649,45.9564],[15.1621,45.9558],[15.1617,45.9624],[15.1605,45.9641],[15.1617,45.9658],[15.1577,45.9658],[15.1542,45.9692],[15.1519,45.9693],[15.1517,45.974],[15.1483,45.9783],[15.1447,45.9796],[15.1445,45.9725],[15.1413,45.9673],[15.1383,45.9672],[15.1393,45.9648],[15.1373,45.96],[15.1323,45.9604],[15.1308,45.962],[15.1312,45.9658],[15.1238,45.9594],[15.1185,45.9585],[15.1209,45.9577],[15.1154,45.9577],[15.1146,45.9548],[15.1177,45.9534],[15.1191,45.9506],[15.1173,45.9495],[15.1097,45.9477],[15.1046,45.9493],[15.1,45.9471],[15.1012,45.9419],[15.0995,45.9404],[15.0993,45.9378],[15.1042,45.934],[15.1047,45.9329],[15.1025,45.9318],[15.104,45.9317],[15.1041,45.9295],[15.1099,45.9291],[15.1116,45.9278],[15.1156,45.9295],[15.1179,45.9251],[15.1137,45.9248],[15.113,45.9233],[15.1161,45.9188],[15.114,45.9171],[15.1151,45.9167],[15.1038,45.9172],[15.1042,45.9141],[15.108,45.912],[15.1024,45.9083],[15.1015,45.9049],[15.1037,45.9027],[15.1039,45.9002],[15.0991,45.8969],[15.0961,45.8976],[15.0956,45.8939],[15.1054,45.8902],[15.1072,45.8871],[15.111,45.885],[15.1129,45.8854],[15.1184,45.8802],[15.1329,45.8776],[15.1374,45.8747],[15.1419,45.8734],[15.1456,45.8762],[15.15,45.8724],[15.1561,45.8739],[15.1613,45.871],[15.1682,45.8708],[15.1765,45.867],[15.1893,45.8709],[15.1919,45.8744],[15.1994,45.877]]]}},{"type":"Feature","properties":{"id":"110200000214364882","name":"Poljčane"},"geometry":{"type":"Polygon","coordinates":[[[15.6179,46.3188],[15.6183,46.3207],[15.6144,46.3187],[15.6115,46.3202],[15.6086,46.3188],[15.61,46.3233],[15.6047,46.326],[15.5962,46.3245],[15.5948,46.3224],[15.5893,46.3216],[15.5892,46.3232],[15.5857,46.3236],[15.5866,46.3261],[15.5852,46.3288],[15.576,46.3319],[15.5729,46.331],[15.5676,46.3324],[15.554,46.3307],[15.5526,46.3333],[15.5499,46.3331],[15.5478,46.3353],[15.54,46.3337],[15.5435,46.3314],[15.5418,46.3305],[15.5429,46.3297],[15.5423,46.3264],[15.5443,46.3198],[15.5468,46.3169],[15.5447,46.3134],[15.5449,46.3081],[15.5521,46.302],[15.5488,46.3007],[15.551,46.2966],[15.5463,46.294],[15.5474,46.2914],[15.5461,46.29],[15.5537,46.286],[15.5511,46.2815],[15.5473,46.2815],[15.5462,46.2786],[15.5449,46.2786],[15.5447,46.2766],[15.5463,46.2762],[15.5557,46.2775],[15.5579,46.2762],[15.5593,46.2731],[15.5595,46.2749],[15.5619,46.2747],[15.562,46.2787],[15.5662,46.2808],[15.5689,46.2874],[15.5791,46.2862],[15.582,46.2835],[15.5881,46.2867],[15.5962,46.2883],[15.5978,46.2898],[15.5999,46.2894],[15.6065,46.2838],[15.6264,46.2876],[15.6293,46.2866],[15.6309,46.2845],[15.6356,46.2832],[15.6368,46.2813],[15.6416,46.2807],[15.6477,46.2832],[15.652,46.29],[15.6572,46.2925],[15.6584,46.2986],[15.6504,46.3011],[15.6533,46.3034],[15.6524,46.3045],[15.6529,46.309],[15.6497,46.3128],[15.6514,46.3133],[15.6498,46.317],[15.6451,46.3214],[15.6424,46.3207],[15.6429,46.3229],[15.6418,46.3236],[15.6384,46.323],[15.6379,46.3214],[15.6291,46.3213],[15.6272,46.318],[15.6204,46.3195],[15.6193,46.319],[15.621,46.3179],[15.6192,46.317],[15.6154,46.3178],[15.6175,46.3186],[15.6179,46.3188]]]}},{"type":"Feature","properties":{"id":"110200000240634530","name":"Renče-Vogrsko"},"geometry":{"type":"Polygon","coordinates":[[[13.6525,45.8962],[13.6543,45.8955],[13.6497,45.8909],[13.6496,45.889],[13.6457,45.8911],[13.644,45.8884],[13.6256,45.8902],[13.6228,45.8886],[13.6221,45.8866],[13.6313,45.8834],[13.6385,45.8845],[13.6359,45.8822],[13.6368,45.876],[13.634,45.8718],[13.6784,45.8617],[13.6887,45.8613],[13.6897,45.8678],[13.691,45.8663],[13.6955,45.8652],[13.7147,45.8636],[13.7151,45.8651],[13.7103,45.8672],[13.7168,45.8679],[13.7149,45.8689],[13.7166,45.8688],[13.7168,45.8706],[13.7138,45.8763],[13.7106,45.8769],[13.7091,45.8787],[13.708,45.8782],[13.6992,45.884],[13.6964,45.8845],[13.6955,45.8876],[13.692,45.888],[13.6919,45.8894],[13.6929,45.8895],[13.6919,45.8903],[13.6937,45.8921],[13.6972,45.8913],[13.7007,45.8925],[13.7016,45.8951],[13.6986,45.8957],[13.7006,45.898],[13.7077,45.8987],[13.7121,45.9012],[13.7126,45.9039],[13.7201,45.9035],[13.7201,45.9046],[13.7156,45.9051],[13.7176,45.9122],[13.7157,45.9148],[13.7191,45.9275],[13.7067,45.9287],[13.7018,45.9277],[13.7012,45.9243],[13.6882,45.9266],[13.6856,45.9249],[13.6862,45.9238],[13.6842,45.9211],[13.6853,45.9193],[13.6834,45.9176],[13.6844,45.9155],[13.6826,45.9091],[13.6794,45.911],[13.6774,45.9107],[13.6755,45.9135],[13.673,45.9146],[13.671,45.9124],[13.668,45.913],[13.6675,45.9114],[13.6627,45.9106],[13.6615,45.9091],[13.6657,45.9089],[13.6654,45.9064],[13.6524,45.9055],[13.6555,45.9034],[13.6585,45.9031],[13.658,45.9017],[13.6561,45.9019],[13.6593,45.8997],[13.6565,45.8996],[13.6542,45.8964],[13.6525,45.8962]]]}},{"type":"Feature","properties":{"id":"110200000240634613","name":"Gorje"},"geometry":{"type":"Polygon","coordinates":[[[13.984,46.3476],[13.9881,46.3498],[13.9931,46.35],[13.9933,46.3563],[13.9966,46.3594],[13.9983,46.3586],[14.0049,46.3615],[14.0107,46.3623],[14.0137,46.3614],[14.0145,46.3627],[14.0202,46.3619],[14.0193,46.36],[14.0208,46.3594],[14.0222,46.3609],[14.0247,46.3597],[14.032,46.3611],[14.0343,46.3589],[14.039,46.3613],[14.0415,46.361],[14.0426,46.3597],[14.0481,46.3588],[14.0512,46.354],[14.0577,46.3548],[14.0585,46.3555],[14.0565,46.3579],[14.0573,46.3595],[14.0744,46.3652],[14.0815,46.3711],[14.0817,46.3739],[14.0829,46.3745],[14.081,46.3761],[14.0894,46.381],[14.0913,46.3848],[14.0951,46.3879],[14.0958,46.3921],[14.0903,46.3981],[14.0938,46.3987],[14.0932,46.4001],[14.087,46.4014],[14.085,46.4028],[14.0844,46.4044],[14.0861,46.4055],[14.084,46.4073],[14.0725,46.4127],[14.0689,46.416],[14.0645,46.4168],[14.0582,46.42],[14.045,46.4221],[14.0423,46.4263],[14.0343,46.4253],[14.0298,46.4282],[14.0239,46.4281],[14.0134,46.4309],[14.0113,46.4329],[14.0038,46.4349],[13.9994,46.439],[13.9871,46.4405],[13.9856,46.4396],[13.9753,46.442],[13.9716,46.4404],[13.9701,46.4388],[13.9719,46.4357],[13.9697,46.4292],[13.9673,46.4303],[13.957,46.4301],[13.9402,46.4263],[13.9315,46.4159],[13.9296,46.4093],[13.9261,46.4062],[13.9198,46.4063],[13.9068,46.4036],[13.8938,46.3957],[13.881,46.392],[13.8433,46.3768],[13.8619,46.3611],[13.8678,46.3578],[13.8921,46.3631],[13.9027,46.3685],[13.9053,46.3666],[13.9304,46.3593],[13.934,46.3612],[13.9386,46.3595],[13.9501,46.3527],[13.9554,46.347],[13.9695,46.3488],[13.9733,46.3479],[13.9765,46.3492],[13.984,46.3476]]]}},{"type":"Feature","properties":{"id":"110200000240634704","name":"Log-Dragomer"},"geometry":{"type":"Polygon","coordinates":[[[14.3368,46.0113],[14.3391,46.0081],[14.344,46.0055],[14.3437,46.0039],[14.3461,46.0025],[14.348,46.0033],[14.3495,46.0006],[14.3513,46.001],[14.3567,45.9974],[14.3676,46.0009],[14.3702,45.9951],[14.3709,45.9977],[14.3691,45.9993],[14.3736,46.0016],[14.3761,46.0053],[14.38,46.0055],[14.3797,46.0065],[14.3818,46.0057],[14.3859,46.008],[14.408,46.0073],[14.4079,46.0093],[14.4002,46.0155],[14.4012,46.0181],[14.4006,46.024],[14.3942,46.0253],[14.3882,46.0291],[14.3865,46.0287],[14.3868,46.0309],[14.376,46.0294],[14.3701,46.0308],[14.3683,46.0301],[14.3574,46.0238],[14.3588,46.0194],[14.3607,46.0188],[14.3591,46.0155],[14.3502,46.0152],[14.3477,46.0135],[14.3368,46.0113]]]}},{"type":"Feature","properties":{"id":"110200000240634886","name":"Rečica ob Savinji"},"geometry":{"type":"Polygon","coordinates":[[[14.9375,46.334],[14.9387,46.3393],[14.9347,46.3403],[14.9313,46.3433],[14.9284,46.343],[14.9265,46.3444],[14.9274,46.3468],[14.9266,46.346],[14.9261,46.3486],[14.9244,46.3493],[14.9217,46.3548],[14.9196,46.3562],[14.9203,46.3572],[14.9101,46.3584],[14.8938,46.3689],[14.8885,46.3693],[14.8862,46.36],[14.8861,46.354],[14.8777,46.3513],[14.8784,46.349],[14.8763,46.3451],[14.8759,46.3396],[14.8739,46.338],[14.8752,46.3354],[14.8741,46.3335],[14.8769,46.3289],[14.8801,46.328],[14.8812,46.3253],[14.8795,46.3259],[14.8739,46.3225],[14.8764,46.3192],[14.8741,46.3186],[14.8749,46.3145],[14.8729,46.3148],[14.8703,46.3115],[14.866,46.3121],[14.8678,46.3102],[14.8661,46.309],[14.8669,46.3059],[14.8749,46.3016],[14.876,46.2996],[14.875,46.2973],[14.8763,46.2973],[14.8779,46.2987],[14.8805,46.2983],[14.8811,46.2999],[14.8869,46.2987],[14.8862,46.2969],[14.8877,46.2984],[14.8951,46.297],[14.8958,46.2952],[14.9054,46.295],[14.9125,46.3002],[14.9192,46.3],[14.934,46.308],[14.9381,46.311],[14.9387,46.313],[14.9405,46.3135],[14.9378,46.316],[14.9393,46.3164],[14.938,46.317],[14.9397,46.3196],[14.9385,46.3194],[14.9383,46.3206],[14.9354,46.3195],[14.9313,46.3217],[14.9302,46.3276],[14.9381,46.3272],[14.9371,46.329],[14.9396,46.3307],[14.9364,46.3325],[14.9375,46.334]]]}},{"type":"Feature","properties":{"id":"110200000240634969","name":"Sveti Jurij v Slovenskih goricah"},"geometry":{"type":"Polygon","coordinates":[[[15.7606,46.581],[15.7627,46.5789],[15.7634,46.5797],[15.7714,46.5773],[15.7761,46.5783],[15.7745,46.58],[15.7773,46.5806],[15.779,46.5796],[15.7806,46.5815],[15.7866,46.5837],[15.787,46.585],[15.7958,46.5849],[15.7964,46.5884],[15.8063,46.5917],[15.8152,46.5963],[15.8216,46.5966],[15.8224,46.601],[15.8166,46.6057],[15.8217,46.6068],[15.826,46.6108],[15.8316,46.6127],[15.8362,46.6125],[15.8377,46.6138],[15.8312,46.616],[15.8282,46.6149],[15.8208,46.6173],[15.8215,46.6183],[15.8178,46.6198],[15.8154,46.6193],[15.8177,46.6234],[15.8227,46.6245],[15.8178,46.6287],[15.8161,46.6376],[15.8131,46.643],[15.8134,46.6467],[15.8091,46.6476],[15.803,46.6461],[15.8017,46.6447],[15.8,46.6462],[15.7904,46.6476],[15.7835,46.6435],[15.7822,46.646],[15.7711,46.6488],[15.7753,46.6437],[15.7706,46.6425],[15.7775,46.6377],[15.7777,46.6336],[15.776,46.6323],[15.771,46.6318],[15.7709,46.6329],[15.7656,46.6334],[15.763,46.6317],[15.7619,46.6299],[15.7638,46.6262],[15.7627,46.6231],[15.7568,46.6169],[15.7586,46.6138],[15.7555,46.608],[15.7515,46.6037],[15.7514,46.592],[15.7606,46.581]]]}},{"type":"Feature","properties":{"id":"110200000240635008","name":"Šentrupert"},"geometry":{"type":"Polygon","coordinates":[[[15.0993,46.019],[15.0954,46.0193],[15.0912,46.0216],[15.0895,46.0205],[15.0865,46.0222],[15.0828,46.0219],[15.0807,46.02],[15.0825,46.0125],[15.0727,46.0139],[15.0724,46.0149],[15.0714,46.0137],[15.0721,46.0161],[15.0703,46.0164],[15.062,46.0154],[15.0573,46.0136],[15.0573,46.0075],[15.0547,46.0044],[15.0261,46.0047],[15.0226,46.0019],[15.0217,45.9985],[15.026,45.9979],[15.0303,45.9924],[15.0303,45.9903],[15.0316,45.9893],[15.0306,45.9883],[15.034,45.9863],[15.0307,45.9843],[15.0314,45.9789],[15.0352,45.9789],[15.0353,45.9775],[15.0403,45.9733],[15.0381,45.9709],[15.0381,45.9686],[15.0428,45.9684],[15.0458,45.9705],[15.0454,45.9717],[15.0486,45.9699],[15.0542,45.9716],[15.0597,45.9682],[15.0628,45.9627],[15.0651,45.962],[15.0668,45.959],[15.0744,45.9532],[15.0806,45.9537],[15.0848,45.951],[15.0911,45.9515],[15.0975,45.9495],[15.1,45.9471],[15.1046,45.9493],[15.1097,45.9477],[15.1173,45.9495],[15.1191,45.9506],[15.1177,45.9534],[15.1146,45.9548],[15.1154,45.9577],[15.1209,45.9577],[15.1185,45.9585],[15.1238,45.9594],[15.1312,45.9658],[15.1308,45.962],[15.1323,45.9604],[15.1373,45.96],[15.1393,45.9648],[15.1383,45.9672],[15.1413,45.9673],[15.1445,45.9725],[15.1447,45.9796],[15.1483,45.9783],[15.1504,45.9837],[15.1544,45.9855],[15.1599,45.9852],[15.1615,45.988],[15.1599,45.9904],[15.164,45.9918],[15.163,45.9966],[15.16,45.9973],[15.1659,45.9986],[15.1605,45.9983],[15.1526,45.9958],[15.1501,45.9977],[15.1505,45.994],[15.1489,45.9925],[15.1353,45.9908],[15.1342,45.9864],[15.1309,45.9827],[15.1298,45.986],[15.1313,45.9895],[15.1276,45.9948],[15.1283,45.9998],[15.1244,46.0022],[15.1145,46.0038],[15.1074,46.0078],[15.1034,46.0078],[15.1061,46.009],[15.1052,46.0138],[15.0993,46.019]]]}},{"type":"Feature","properties":{"id":"110200000240635180","name":"Mirna"},"geometry":{"type":"Polygon","coordinates":[[[14.9983,45.9632],[15.0013,45.9615],[15.0016,45.9577],[15.0004,45.9587],[14.9964,45.9568],[15.0027,45.956],[15.0086,45.9524],[15.0122,45.9537],[15.0133,45.9519],[15.0176,45.9523],[15.0148,45.9456],[15.0171,45.942],[15.028,45.9396],[15.029,45.9309],[15.0415,45.9302],[15.0466,45.9253],[15.0526,45.9244],[15.0531,45.9224],[15.0552,45.9211],[15.0592,45.9229],[15.0598,45.9252],[15.0747,45.9267],[15.0767,45.9254],[15.0756,45.9241],[15.0768,45.9217],[15.0812,45.9206],[15.0795,45.9199],[15.0795,45.9185],[15.0824,45.9185],[15.0832,45.9159],[15.0888,45.9131],[15.0991,45.916],[15.0998,45.9181],[15.1037,45.9181],[15.1038,45.9172],[15.1151,45.9167],[15.114,45.9171],[15.1161,45.9188],[15.113,45.9233],[15.1137,45.9248],[15.1179,45.9251],[15.1156,45.9295],[15.1116,45.9278],[15.1099,45.9291],[15.1041,45.9295],[15.104,45.9317],[15.1025,45.9318],[15.1047,45.9329],[15.1042,45.934],[15.0993,45.9378],[15.0995,45.9404],[15.1012,45.9419],[15.1,45.9471],[15.0975,45.9495],[15.0911,45.9515],[15.0848,45.951],[15.0806,45.9537],[15.0744,45.9532],[15.0668,45.959],[15.0651,45.962],[15.0628,45.9627],[15.0597,45.9682],[15.0542,45.9716],[15.0486,45.9699],[15.0454,45.9717],[15.0458,45.9705],[15.0428,45.9684],[15.0381,45.9686],[15.0381,45.9709],[15.0403,45.9733],[15.0353,45.9775],[15.0352,45.9789],[15.0314,45.9789],[15.0296,45.9795],[15.0255,45.978],[15.0248,45.9793],[15.023,45.9787],[15.0239,45.9774],[15.0225,45.9762],[15.0144,45.9733],[15.0147,45.9715],[15.0186,45.9677],[15.0132,45.964],[15.0101,45.9638],[15.0043,45.9658],[15.0023,45.9651],[15.0039,45.9641],[15.0034,45.9631],[14.9983,45.9632]]]}},{"type":"Feature","properties":{"id":"110200000240635263","name":"Ankaran"},"geometry":{"type":"Polygon","coordinates":[[[13.7354,45.5962],[13.7228,45.5947],[13.7233,45.5925],[13.7196,45.5907],[13.7123,45.5934],[13.7081,45.5935],[13.7045,45.5923],[13.7032,45.59],[13.7129,45.5843],[13.7222,45.5824],[13.7256,45.5797],[13.7294,45.5801],[13.7342,45.5743],[13.7393,45.5743],[13.7422,45.5726],[13.7419,45.5711],[13.7437,45.5719],[13.7468,45.5684],[13.7463,45.5644],[13.735,45.5645],[13.7326,45.559],[13.7407,45.5592],[13.741,45.5581],[13.7517,45.5587],[13.7577,45.5572],[13.7608,45.5582],[13.7642,45.5614],[13.7705,45.5638],[13.7691,45.5661],[13.7706,45.5685],[13.768,45.5743],[13.7663,45.5756],[13.7607,45.5762],[13.7595,45.5783],[13.7539,45.5775],[13.7535,45.5802],[13.746,45.5811],[13.7465,45.5829],[13.7436,45.5849],[13.7442,45.5868],[13.7417,45.5857],[13.7408,45.5872],[13.7385,45.5868],[13.7343,45.5887],[13.7313,45.588],[13.7318,45.5868],[13.7293,45.5852],[13.7248,45.5862],[13.7253,45.5887],[13.7239,45.5901],[13.7269,45.591],[13.7258,45.5928],[13.7355,45.5925],[13.7354,45.5962]]]}}]}