{"type":"FeatureCollection","features":[{"type":"Feature","properties":{"id":"1","name":"Pomurska"},"geometry":{"type":"Polygon","coordinates":[[[15.7866,46.7076],[15.7919,46.7015],[15.7938,46.7016],[15.8003,46.6961],[15.8085,46.698],[15.813,46.7011],[15.8157,46.7003],[15.815,46.6996],[15.817,46.6989],[15.8204,46.6934],[15.8259,46.6887],[15.821,46.6871],[15.8186,46.6845],[15.823,46.6827],[15.8255,46.6792],[15.832,46.6786],[15.8321,46.6776],[15.8346,46.6796],[15.8361,46.6789],[15.84,46.6721],[15.8435,46.67],[15.85,46.6711],[15.8521,46.6682],[15.8569,46.6695],[15.86,46.6668],[15.8618,46.6688],[15.8647,46.6695],[15.8651,46.6666],[15.8678,46.6624],[15.8705,46.6626],[15.8708,46.6649],[15.8722,46.6643],[15.8754,46.667],[15.8801,46.666],[15.8821,46.6643],[15.8854,46.6651],[15.891,46.6644],[15.8899,46.6619],[15.8925,46.6571],[15.8921,46.6551],[15.8891,46.6526],[15.8857,46.6452],[15.8911,46.6447],[15.8921,46.6421],[15.899,46.6409],[15.9017,46.642],[15.9045,46.6408],[15.906,46.6381],[15.9106,46.6371],[15.9159,46.6382],[15.9185,46.641],[15.9267,46.6384],[15.9339,46.64],[15.9349,46.6387],[15.9342,46.6356],[15.9288,46.6329],[15.9286,46.6306],[15.9218,46.6301],[15.9211,46.6294],[15.9225,46.6272],[15.9213,46.626],[15.9161,46.624],[15.9092,46.6249],[15.9061,46.6228],[15.9058,46.6215],[15.9081,46.6202],[15.9092,46.6169],[15.9121,46.6155],[15.9105,46.6116],[15.9118,46.6103],[15.9116,46.6076],[15.9203,46.5982],[15.924,46.5972],[15.9233,46.5961],[15.9303,46.5956],[15.936,46.593],[15.9388,46.593],[15.9402,46.5909],[15.949,46.5874],[15.9535,46.5867],[15.9597,46.5885],[15.966,46.5881],[15.9739,46.5857],[15.9729,46.574],[15.9639,46.5655],[15.9666,46.5605],[15.9663,46.5569],[15.9706,46.5543],[15.9754,46.5533],[15.9753,46.5518],[15.9763,46.5526],[15.9778,46.5517],[15.9763,46.5503],[15.9883,46.5402],[15.9893,46.5345],[15.9988,46.5298],[16.0018,46.5244],[16.0028,46.5175],[16.0116,46.5128],[16.0144,46.5129],[16.0118,46.5103],[16.0205,46.5095],[16.024,46.5073],[16.0309,46.5091],[16.0357,46.508],[16.0422,46.5092],[16.0638,46.4989],[16.0685,46.4997],[16.0705,46.5016],[16.0776,46.4994],[16.0863,46.501],[16.0981,46.4988],[16.109,46.501],[16.1189,46.4893],[16.12,46.4905],[16.1216,46.4892],[16.1236,46.4897],[16.1257,46.4873],[16.1375,46.4843],[16.1417,46.4861],[16.1439,46.489],[16.1444,46.4958],[16.1498,46.4958],[16.152,46.4938],[16.1593,46.5007],[16.1668,46.4876],[16.1768,46.4906],[16.1781,46.488],[16.1817,46.4873],[16.1805,46.484],[16.1747,46.48],[16.1748,46.4783],[16.1802,46.4755],[16.183,46.4721],[16.1857,46.474],[16.1887,46.4739],[16.1878,46.4713],[16.1889,46.4688],[16.1918,46.469],[16.198,46.4662],[16.192,46.4727],[16.1931,46.4737],[16.1914,46.4745],[16.1948,46.4748],[16.1909,46.4803],[16.1984,46.4807],[16.2049,46.4778],[16.2056,46.4738],[16.2085,46.4732],[16.2088,46.4717],[16.2162,46.4739],[16.2159,46.4792],[16.2151,46.4818],[16.2136,46.4824],[16.2185,46.485],[16.22,46.4845],[16.2216,46.4873],[16.2249,46.4882],[16.2294,46.487],[16.2378,46.4903],[16.2421,46.4901],[16.2417,46.4985],[16.2463,46.4979],[16.2523,46.5005],[16.2558,46.4986],[16.2542,46.5],[16.255,46.5009],[16.2603,46.501],[16.2634,46.5049],[16.267,46.5049],[16.2678,46.5096],[16.266,46.5153],[16.2707,46.5153],[16.272,46.5178],[16.2737,46.5181],[16.2719,46.5167],[16.2746,46.5166],[16.275,46.5142],[16.2769,46.5155],[16.2822,46.5153],[16.2837,46.5164],[16.2849,46.5144],[16.2859,46.5157],[16.2883,46.5147],[16.2901,46.5161],[16.2925,46.5158],[16.2927,46.5134],[16.2939,46.5129],[16.2956,46.5148],[16.295,46.5131],[16.2998,46.5118],[16.3071,46.5135],[16.3085,46.5168],[16.3077,46.5172],[16.3107,46.5204],[16.3146,46.52],[16.3148,46.5234],[16.3133,46.5232],[16.313,46.5245],[16.3239,46.5291],[16.333,46.53],[16.3362,46.5272],[16.3414,46.5295],[16.3407,46.5346],[16.345,46.5377],[16.3441,46.5411],[16.3456,46.5425],[16.3536,46.5437],[16.3558,46.5422],[16.3552,46.5385],[16.3591,46.5386],[16.3587,46.5427],[16.3516,46.5458],[16.3527,46.549],[16.3552,46.5485],[16.3555,46.5458],[16.3575,46.5449],[16.3611,46.5467],[16.3655,46.5465],[16.3671,46.5485],[16.3656,46.5528],[16.3688,46.555],[16.3743,46.5527],[16.3804,46.5525],[16.3822,46.5506],[16.3788,46.5477],[16.3697,46.5469],[16.3691,46.5454],[16.3704,46.5436],[16.3792,46.5406],[16.3821,46.5425],[16.3845,46.5421],[16.3861,46.5404],[16.3868,46.5361],[16.39,46.5357],[16.3963,46.536],[16.4007,46.5396],[16.4027,46.5394],[16.4041,46.5377],[16.4038,46.535],[16.4016,46.5322],[16.4059,46.5295],[16.4076,46.5266],[16.4113,46.5274],[16.4124,46.5302],[16.4087,46.5339],[16.415,46.5321],[16.4181,46.5289],[16.4231,46.5279],[16.4254,46.5278],[16.4239,46.5299],[16.4247,46.5324],[16.4287,46.5328],[16.4311,46.531],[16.4316,46.5272],[16.4349,46.5269],[16.4368,46.5286],[16.4408,46.5255],[16.4379,46.5226],[16.4376,46.5194],[16.4379,46.5173],[16.4412,46.5149],[16.4509,46.5179],[16.4595,46.5163],[16.4616,46.5209],[16.4641,46.5214],[16.4654,46.5197],[16.4619,46.516],[16.4624,46.5141],[16.4666,46.5126],[16.4655,46.5163],[16.4679,46.5178],[16.4703,46.5176],[16.4716,46.5151],[16.4702,46.5111],[16.4784,46.5127],[16.4807,46.5107],[16.4795,46.51],[16.4808,46.5089],[16.4882,46.5083],[16.4853,46.503],[16.4875,46.5007],[16.4908,46.5002],[16.4929,46.4976],[16.5088,46.4953],[16.5075,46.4921],[16.5153,46.4928],[16.5174,46.4916],[16.5182,46.4889],[16.5156,46.4867],[16.5178,46.4841],[16.516,46.4833],[16.5156,46.4814],[16.5101,46.4809],[16.5122,46.4787],[16.5198,46.4778],[16.5242,46.4799],[16.5303,46.4796],[16.5301,46.4809],[16.5324,46.4812],[16.5436,46.4758],[16.5547,46.4805],[16.557,46.4797],[16.5576,46.4769],[16.5624,46.4773],[16.5626,46.4744],[16.5644,46.4734],[16.5751,46.4714],[16.5855,46.4719],[16.5861,46.4741],[16.5892,46.4749],[16.5926,46.4747],[16.5955,46.4728],[16.5967,46.4758],[16.5808,46.4782],[16.5792,46.481],[16.5702,46.4847],[16.5693,46.488],[16.5644,46.4897],[16.5612,46.4894],[16.547,46.4946],[16.5371,46.5],[16.5319,46.5006],[16.5236,46.5054],[16.5244,46.5088],[16.5299,46.5076],[16.5332,46.5145],[16.5258,46.5155],[16.5258,46.5185],[16.5244,46.5196],[16.5288,46.5232],[16.5288,46.5247],[16.5309,46.5252],[16.5301,46.5287],[16.5326,46.5314],[16.529,46.5328],[16.5279,46.5349],[16.52,46.535],[16.5177,46.5363],[16.5181,46.5377],[16.5168,46.5383],[16.518,46.5389],[16.517,46.5395],[16.5178,46.5406],[16.5162,46.5412],[16.5194,46.5464],[16.5183,46.5478],[16.5187,46.5527],[16.5084,46.5653],[16.5012,46.5625],[16.4972,46.5633],[16.4931,46.5625],[16.4931,46.5645],[16.4902,46.5656],[16.483,46.566],[16.4819,46.5674],[16.4827,46.5697],[16.4818,46.5744],[16.4841,46.5776],[16.4834,46.5786],[16.4734,46.5876],[16.4689,46.5858],[16.4615,46.5969],[16.4557,46.5978],[16.4536,46.6007],[16.4522,46.6007],[16.4456,46.6109],[16.4337,46.6131],[16.4248,46.6132],[16.4173,46.6203],[16.4125,46.6276],[16.4087,46.6286],[16.4076,46.6309],[16.3996,46.6342],[16.3918,46.6337],[16.392,46.6359],[16.3896,46.6383],[16.39,46.6402],[16.3921,46.6409],[16.3859,46.6442],[16.3853,46.6539],[16.3911,46.6551],[16.3915,46.6591],[16.3931,46.6592],[16.3937,46.6621],[16.3915,46.6637],[16.3959,46.6647],[16.4034,46.6612],[16.4031,46.6588],[16.4082,46.6596],[16.4198,46.6585],[16.4206,46.6625],[16.4183,46.6645],[16.4233,46.667],[16.4254,46.6704],[16.4253,46.6716],[16.4203,46.6741],[16.4209,46.6763],[16.4256,46.679],[16.4218,46.6794],[16.4213,46.6804],[16.4232,46.6862],[16.4286,46.694],[16.424,46.6958],[16.415,46.6954],[16.4027,46.6974],[16.3817,46.698],[16.3689,46.704],[16.3793,46.7109],[16.3798,46.7154],[16.375,46.7171],[16.3754,46.7186],[16.373,46.719],[16.3708,46.7222],[16.3625,46.7167],[16.3588,46.7169],[16.3571,46.7142],[16.3527,46.722],[16.3536,46.7248],[16.3472,46.7245],[16.3501,46.7267],[16.3504,46.7284],[16.3467,46.7361],[16.3429,46.737],[16.3399,46.7418],[16.3347,46.7435],[16.3324,46.7486],[16.3251,46.7502],[16.3253,46.7511],[16.323,46.7511],[16.3229,46.7528],[16.3186,46.7541],[16.3186,46.7554],[16.3218,46.7583],[16.3222,46.7646],[16.3263,46.7675],[16.3293,46.775],[16.3305,46.7752],[16.3296,46.7781],[16.3122,46.778],[16.311,46.784],[16.3128,46.7973],[16.3154,46.7977],[16.3179,46.8006],[16.334,46.802],[16.3399,46.804],[16.3414,46.8111],[16.3414,46.8136],[16.3399,46.8147],[16.3403,46.8218],[16.3437,46.8219],[16.3446,46.8297],[16.3506,46.8298],[16.3505,46.8324],[16.3482,46.8356],[16.3474,46.841],[16.3432,46.8432],[16.3391,46.8431],[16.3403,46.8469],[16.3296,46.8446],[16.3278,46.8475],[16.3214,46.8517],[16.3186,46.8562],[16.3085,46.8564],[16.3076,46.8566],[16.3086,46.8594],[16.3015,46.8595],[16.2996,46.8629],[16.2981,46.8626],[16.2977,46.8663],[16.2951,46.8705],[16.2914,46.8728],[16.2653,46.8718],[16.2462,46.8745],[16.2421,46.8763],[16.2332,46.8767],[16.2277,46.8734],[16.2267,46.871],[16.2252,46.8719],[16.2158,46.8685],[16.2037,46.8693],[16.1977,46.8669],[16.1856,46.8657],[16.1764,46.8573],[16.1654,46.8601],[16.1625,46.8594],[16.1561,46.8537],[16.1505,46.856],[16.1485,46.8546],[16.1401,46.8548],[16.1369,46.8565],[16.1266,46.8569],[16.1248,46.863],[16.1171,46.8636],[16.1168,46.8671],[16.1114,46.8692],[16.1067,46.8652],[16.1012,46.8628],[16.1,46.8607],[16.0981,46.8606],[16.0959,46.8641],[16.0919,46.8646],[16.0895,46.8631],[16.0878,46.8594],[16.0819,46.8558],[16.0793,46.8527],[16.0715,46.8531],[16.0695,46.8509],[16.0656,46.8499],[16.066,46.8461],[16.0584,46.8387],[16.0546,46.8405],[16.0512,46.8372],[16.043,46.8408],[16.041,46.84],[16.0399,46.8361],[16.0351,46.8349],[16.0324,46.8327],[16.0322,46.8349],[16.0339,46.8355],[16.0273,46.8411],[16.0183,46.8363],[16.0135,46.8359],[16.0077,46.8306],[16.0015,46.8315],[15.9962,46.8354],[15.991,46.8328],[15.9891,46.8305],[15.9896,46.8295],[15.9854,46.8273],[15.9871,46.8249],[15.988,46.8196],[15.9912,46.8181],[15.9981,46.8095],[15.9924,46.8031],[15.994,46.7935],[15.9887,46.7764],[15.9903,46.7725],[15.9887,46.7694],[15.9892,46.7638],[15.9882,46.7614],[15.9898,46.7578],[15.9848,46.752],[15.9865,46.7504],[15.9887,46.7443],[15.9881,46.7408],[15.9917,46.7375],[15.9933,46.7312],[16.0036,46.723],[16.0017,46.7193],[16.0036,46.7172],[16.0081,46.7161],[16.0118,46.7175],[16.0145,46.7168],[16.0214,46.7109],[16.0281,46.7123],[16.0298,46.7116],[16.0273,46.7056],[16.0295,46.704],[16.0288,46.7009],[16.0366,46.6951],[16.0425,46.6859],[16.0395,46.6762],[16.039,46.672],[16.0408,46.6685],[16.0401,46.6615],[16.0381,46.6561],[16.0225,46.6623],[16.0108,46.6649],[16.0069,46.6686],[16.0036,46.6765],[15.9975,46.6809],[15.9836,46.6846],[15.9474,46.6889],[15.9412,46.6917],[15.9155,46.7085],[15.9066,46.7116],[15.8928,46.714],[15.8738,46.7204],[15.8577,46.7223],[15.8305,46.7217],[15.8007,46.7151],[15.7866,46.7076]]]}},{"type":"Feature","properties":{"id":"2","name":"Podravska"},"geometry":{"type":"Polygon","coordinates":[[[15.402,46.6536],[15.4065,46.6509],[15.4093,46.6469],[15.4112,46.6466],[15.4104,46.6429],[15.4127,46.6407],[15.4181,46.6414],[15.4307,46.6352],[15.432,46.6321],[15.4335,46.6315],[15.4325,46.6302],[15.4344,46.6275],[15.4328,46.6259],[15.4341,46.6253],[15.4325,46.6244],[15.434,46.6186],[15.4477,46.6176],[15.4472,46.616],[15.4447,46.6154],[15.4467,46.6129],[15.4453,46.6126],[15.4449,46.6138],[15.4415,46.6119],[15.4438,46.6086],[15.4417,46.6086],[15.4419,46.6071],[15.4439,46.6067],[15.441,46.6062],[15.4407,46.6044],[15.4347,46.601],[15.4372,46.6005],[15.4367,46.5988],[15.4319,46.5977],[15.4321,46.5928],[15.4335,46.592],[15.4294,46.5891],[15.4346,46.5844],[15.4421,46.5858],[15.4419,46.5875],[15.4435,46.5885],[15.4464,46.5854],[15.4445,46.5828],[15.4403,46.5813],[15.4385,46.5783],[15.4399,46.5677],[15.4331,46.5642],[15.425,46.5636],[15.4059,46.5763],[15.4034,46.5805],[15.3958,46.5829],[15.3819,46.583],[15.3737,46.585],[15.3636,46.5802],[15.369,46.5734],[15.3711,46.5754],[15.3723,46.5747],[15.3694,46.5726],[15.3708,46.5698],[15.3677,46.5683],[15.3702,46.5666],[15.3688,46.5656],[15.3698,46.5628],[15.3657,46.5633],[15.3661,46.5608],[15.3617,46.56],[15.3596,46.5625],[15.3579,46.5628],[15.3538,46.5554],[15.3541,46.5505],[15.3503,46.5512],[15.3489,46.5535],[15.346,46.5545],[15.3439,46.5525],[15.3441,46.5484],[15.3463,46.5457],[15.3418,46.5396],[15.339,46.5392],[15.3414,46.5365],[15.3404,46.5356],[15.3407,46.5328],[15.3386,46.5322],[15.3382,46.5304],[15.3417,46.5291],[15.3371,46.526],[15.3358,46.5213],[15.331,46.5214],[15.3281,46.5189],[15.3245,46.5189],[15.3242,46.516],[15.3265,46.5161],[15.3267,46.5127],[15.3129,46.4992],[15.3112,46.4902],[15.3159,46.4834],[15.314,46.4795],[15.3188,46.4786],[15.3217,46.4746],[15.3247,46.4755],[15.3295,46.4743],[15.3337,46.4754],[15.3359,46.4697],[15.334,46.4654],[15.3435,46.4584],[15.3418,46.4488],[15.3531,46.4463],[15.3615,46.4486],[15.3678,46.4473],[15.3728,46.4433],[15.3732,46.438],[15.3763,46.4387],[15.3887,46.4322],[15.3992,46.4381],[15.4037,46.4311],[15.408,46.4305],[15.4081,46.4286],[15.4107,46.4268],[15.415,46.4266],[15.4193,46.4245],[15.4119,46.4192],[15.4136,46.4137],[15.4102,46.4101],[15.4104,46.4048],[15.4028,46.4061],[15.3988,46.404],[15.4045,46.3986],[15.4139,46.3961],[15.4184,46.3921],[15.4185,46.3896],[15.4137,46.3899],[15.4128,46.3886],[15.4139,46.3861],[15.4112,46.3851],[15.4114,46.3831],[15.4018,46.3827],[15.3991,46.3836],[15.397,46.383],[15.3973,46.3817],[15.411,46.3753],[15.4226,46.3744],[15.4214,46.3696],[15.4262,46.3687],[15.4306,46.3653],[15.4346,46.3657],[15.4372,46.3644],[15.4424,46.3658],[15.4419,46.3651],[15.4431,46.3643],[15.4478,46.3635],[15.4455,46.3581],[15.4496,46.356],[15.453,46.3571],[15.4532,46.3547],[15.456,46.3544],[15.4607,46.3567],[15.4629,46.3553],[15.4664,46.3549],[15.4668,46.3561],[15.4702,46.3546],[15.4788,46.3584],[15.4859,46.3529],[15.4965,46.3598],[15.4975,46.3581],[15.4995,46.3588],[15.5022,46.357],[15.5023,46.3489],[15.5075,46.3446],[15.512,46.3469],[15.5288,46.3489],[15.5332,46.351],[15.5383,46.3481],[15.5394,46.3461],[15.5375,46.3436],[15.5383,46.341],[15.537,46.3383],[15.5401,46.3333],[15.5435,46.3314],[15.5418,46.3305],[15.5429,46.3297],[15.5423,46.3264],[15.5443,46.3198],[15.5468,46.3169],[15.5448,46.3134],[15.5449,46.3081],[15.5521,46.302],[15.5488,46.3007],[15.551,46.2966],[15.5463,46.294],[15.5474,46.2914],[15.5461,46.29],[15.5537,46.286],[15.5511,46.2815],[15.5466,46.281],[15.5447,46.2765],[15.5546,46.2779],[15.5579,46.2762],[15.5593,46.2731],[15.5595,46.2749],[15.5619,46.2747],[15.562,46.2787],[15.5662,46.2808],[15.5689,46.2874],[15.5791,46.2862],[15.582,46.2835],[15.5881,46.2867],[15.5962,46.2883],[15.5978,46.2898],[15.5999,46.2894],[15.6065,46.2838],[15.6162,46.2861],[15.6197,46.2856],[15.6283,46.2872],[15.6309,46.2845],[15.6356,46.2832],[15.6371,46.2817],[15.6367,46.2799],[15.64,46.2792],[15.6382,46.2789],[15.6361,46.2763],[15.6358,46.2743],[15.6374,46.2739],[15.6426,46.2755],[15.6491,46.2752],[15.6513,46.2767],[15.6562,46.2739],[15.6678,46.2745],[15.6735,46.2762],[15.6736,46.2749],[15.6794,46.2744],[15.6815,46.2729],[15.6948,46.2745],[15.6942,46.2726],[15.6917,46.2718],[15.6919,46.27],[15.6899,46.2689],[15.6928,46.2654],[15.7004,46.2685],[15.7132,46.2676],[15.7212,46.27],[15.7217,46.2712],[15.732,46.2679],[15.7363,46.2677],[15.7368,46.2648],[15.7398,46.2618],[15.7478,46.2635],[15.753,46.2661],[15.7531,46.2636],[15.7561,46.2617],[15.7544,46.26],[15.7589,46.2589],[15.7601,46.2552],[15.7626,46.2544],[15.765,46.2555],[15.7699,46.2544],[15.7764,46.2552],[15.7831,46.258],[15.7915,46.2593],[15.801,46.2597],[15.811,46.262],[15.8297,46.2622],[15.8398,46.2658],[15.8482,46.2652],[15.8633,46.2676],[15.8677,46.2708],[15.8684,46.2738],[15.8667,46.276],[15.8738,46.2797],[15.8841,46.2798],[15.8975,46.2838],[15.8995,46.2869],[15.8989,46.2884],[15.9012,46.2893],[15.9037,46.287],[15.9129,46.2897],[15.9152,46.2877],[15.9155,46.2856],[15.9171,46.2854],[15.9221,46.2873],[15.9244,46.2866],[15.9286,46.2887],[15.9322,46.2886],[15.934,46.2901],[15.9424,46.29],[15.9483,46.2941],[15.9549,46.2941],[15.9572,46.2966],[15.9645,46.2975],[15.967,46.2993],[15.9697,46.3059],[15.973,46.3088],[15.9761,46.309],[15.977,46.3124],[15.98,46.311],[15.9828,46.3114],[15.9838,46.3089],[15.9863,46.3105],[15.9889,46.3105],[15.989,46.3146],[15.99,46.3147],[15.9951,46.3113],[15.9982,46.3108],[15.998,46.3093],[16.0016,46.3073],[16.0101,46.31],[16.0144,46.3089],[16.0172,46.3119],[16.0219,46.3143],[16.0227,46.3173],[16.0208,46.3186],[16.0203,46.3212],[16.018,46.3211],[16.022,46.3246],[16.0284,46.3263],[16.0287,46.3276],[16.0267,46.3292],[16.0276,46.3316],[16.0344,46.3349],[16.0362,46.3371],[16.0426,46.3376],[16.0484,46.335],[16.0532,46.3351],[16.0615,46.3419],[16.0667,46.3419],[16.0688,46.3398],[16.0723,46.341],[16.0732,46.3433],[16.0774,46.3458],[16.0743,46.355],[16.0751,46.357],[16.0725,46.3613],[16.0725,46.3648],[16.0639,46.3734],[16.0611,46.3742],[16.0608,46.3761],[16.0557,46.3784],[16.0554,46.3801],[16.0524,46.3803],[16.0503,46.3821],[16.0526,46.3834],[16.0528,46.3855],[16.0555,46.3867],[16.0538,46.3883],[16.0562,46.3899],[16.0581,46.3936],[16.0884,46.3885],[16.136,46.4044],[16.146,46.4051],[16.1559,46.4022],[16.1676,46.3934],[16.174,46.3906],[16.1738,46.3877],[16.1756,46.3855],[16.1803,46.385],[16.1865,46.3871],[16.19,46.3863],[16.1901,46.3833],[16.1879,46.3805],[16.189,46.3778],[16.2028,46.3805],[16.2095,46.3844],[16.2145,46.3853],[16.217,46.3838],[16.2179,46.3802],[16.2198,46.3787],[16.2241,46.3815],[16.2254,46.3867],[16.2301,46.3878],[16.2346,46.3861],[16.2364,46.3841],[16.2368,46.3804],[16.2388,46.3787],[16.2482,46.3801],[16.2654,46.3761],[16.2722,46.3784],[16.3015,46.3783],[16.3051,46.3863],[16.303,46.3887],[16.3045,46.3913],[16.3041,46.394],[16.3072,46.3947],[16.3075,46.3975],[16.3017,46.401],[16.2995,46.4058],[16.2966,46.4078],[16.2912,46.4082],[16.2878,46.4119],[16.2823,46.4149],[16.2724,46.4153],[16.2737,46.4159],[16.2725,46.4172],[16.2756,46.419],[16.2756,46.4221],[16.2736,46.4232],[16.2742,46.4274],[16.273,46.4286],[16.2742,46.4294],[16.2701,46.4325],[16.2687,46.4361],[16.267,46.4365],[16.2658,46.4388],[16.2664,46.4409],[16.2644,46.4431],[16.265,46.4447],[16.2637,46.4468],[16.2657,46.4518],[16.2622,46.4589],[16.2592,46.4609],[16.2598,46.469],[16.2582,46.4726],[16.2555,46.4734],[16.2554,46.4758],[16.2533,46.4774],[16.2517,46.4815],[16.2408,46.4848],[16.2421,46.4901],[16.2378,46.4903],[16.2294,46.487],[16.2249,46.4882],[16.2216,46.4873],[16.22,46.4845],[16.2185,46.485],[16.2136,46.4824],[16.2151,46.4818],[16.2159,46.4792],[16.2162,46.4739],[16.2088,46.4717],[16.2085,46.4732],[16.2056,46.4738],[16.2049,46.4778],[16.1984,46.4807],[16.1909,46.4803],[16.1948,46.4748],[16.1914,46.4745],[16.1931,46.4737],[16.192,46.4727],[16.198,46.4662],[16.1918,46.469],[16.1889,46.4688],[16.1878,46.4713],[16.1887,46.4739],[16.1857,46.474],[16.183,46.4721],[16.1802,46.4755],[16.1748,46.4783],[16.1747,46.48],[16.1805,46.484],[16.1817,46.4873],[16.1781,46.488],[16.1768,46.4906],[16.1668,46.4876],[16.1593,46.5007],[16.152,46.4938],[16.1498,46.4958],[16.1444,46.4958],[16.1439,46.489],[16.1417,46.4861],[16.1375,46.4843],[16.1257,46.4873],[16.1236,46.4897],[16.1216,46.4892],[16.12,46.4905],[16.1189,46.4893],[16.109,46.501],[16.0981,46.4988],[16.0863,46.501],[16.0776,46.4994],[16.0705,46.5016],[16.0685,46.4997],[16.0638,46.4989],[16.0422,46.5092],[16.0357,46.508],[16.0309,46.5091],[16.024,46.5073],[16.0205,46.5095],[16.0118,46.5103],[16.0144,46.5129],[16.0116,46.5128],[16.0028,46.5175],[16.0018,46.5244],[15.9988,46.5298],[15.9893,46.5345],[15.9883,46.5402],[15.9763,46.5503],[15.9778,46.5517],[15.9763,46.5526],[15.9753,46.5518],[15.9754,46.5533],[15.9706,46.5543],[15.9663,46.5569],[15.9666,46.5605],[15.9639,46.5655],[15.9729,46.574],[15.9739,46.5857],[15.966,46.5881],[15.9597,46.5885],[15.9535,46.5867],[15.949,46.5874],[15.9402,46.5909],[15.9388,46.593],[15.936,46.593],[15.9303,46.5956],[15.9233,46.5961],[15.924,46.5972],[15.9203,46.5982],[15.9116,46.6076],[15.9118,46.6103],[15.9105,46.6116],[15.9121,46.6155],[15.9092,46.6169],[15.9081,46.6202],[15.9058,46.6215],[15.9061,46.6228],[15.9092,46.6249],[15.9161,46.624],[15.9213,46.626],[15.9225,46.6272],[15.9211,46.6294],[15.9218,46.6301],[15.9286,46.6306],[15.9288,46.6329],[15.9342,46.6356],[15.9349,46.6387],[15.9339,46.64],[15.9267,46.6384],[15.9185,46.641],[15.9159,46.6382],[15.9106,46.6371],[15.906,46.6381],[15.9045,46.6408],[15.9017,46.642],[15.899,46.6409],[15.8921,46.6421],[15.8911,46.6447],[15.8857,46.6452],[15.8891,46.6526],[15.8921,46.6551],[15.8925,46.6571],[15.8899,46.6619],[15.891,46.6644],[15.8854,46.6651],[15.8821,46.6643],[15.8801,46.666],[15.8754,46.667],[15.8722,46.6643],[15.8708,46.6649],[15.8705,46.6626],[15.8678,46.6624],[15.8651,46.6666],[15.8647,46.6695],[15.8618,46.6688],[15.86,46.6668],[15.8569,46.6695],[15.8521,46.6682],[15.85,46.6711],[15.8435,46.67],[15.84,46.6721],[15.8361,46.6789],[15.8346,46.6796],[15.8321,46.6776],[15.832,46.6786],[15.8255,46.6792],[15.823,46.6827],[15.8186,46.6845],[15.821,46.6871],[15.8259,46.6887],[15.8204,46.6934],[15.817,46.6989],[15.815,46.6996],[15.8157,46.7003],[15.813,46.7011],[15.8085,46.698],[15.8003,46.6961],[15.7938,46.7016],[15.7919,46.7015],[15.7866,46.7076],[15.7692,46.6991],[15.762,46.6994],[15.7538,46.6979],[15.7393,46.6999],[15.7231,46.6958],[15.6958,46.6988],[15.6763,46.7067],[15.65,46.7058],[15.6541,46.6994],[15.6537,46.6921],[15.6433,46.6902],[15.6412,46.6924],[15.6387,46.6914],[15.6344,46.6884],[15.6341,46.686],[15.6322,46.6846],[15.634,46.6812],[15.63,46.68],[15.623,46.6796],[15.6218,46.6807],[15.6199,46.6798],[15.6137,46.6822],[15.6132,46.6834],[15.6054,46.6811],[15.6039,46.6839],[15.6056,46.6854],[15.605,46.6866],[15.6086,46.6877],[15.6002,46.69],[15.595,46.69],[15.5899,46.6861],[15.59,46.6833],[15.5863,46.6843],[15.5823,46.682],[15.5776,46.6832],[15.5781,46.6809],[15.5681,46.6803],[15.5674,46.6753],[15.5629,46.6751],[15.5599,46.6735],[15.5592,46.6711],[15.5532,46.6726],[15.553,46.6712],[15.551,46.6726],[15.5472,46.6693],[15.5463,46.6702],[15.5437,46.6693],[15.5468,46.6669],[15.546,46.6647],[15.548,46.6649],[15.5485,46.6589],[15.5535,46.6514],[15.5515,46.6477],[15.5468,46.6487],[15.5439,46.6461],[15.5456,46.6424],[15.547,46.6428],[15.5511,46.6403],[15.5498,46.6385],[15.546,46.637],[15.5456,46.6332],[15.5435,46.6322],[15.5424,46.6299],[15.5407,46.6338],[15.5371,46.6339],[15.5303,46.6301],[15.5296,46.6283],[15.5256,46.6266],[15.5202,46.6216],[15.5155,46.6234],[15.5118,46.6218],[15.5101,46.6201],[15.5116,46.6188],[15.5118,46.6166],[15.5044,46.616],[15.5041,46.6143],[15.5023,46.6139],[15.5004,46.6147],[15.5006,46.6176],[15.4996,46.6182],[15.4882,46.6207],[15.4839,46.6189],[15.4819,46.6157],[15.4757,46.6123],[15.4728,46.612],[15.4631,46.6148],[15.4621,46.6153],[15.4622,46.6179],[15.4638,46.6196],[15.464,46.6221],[15.4621,46.6259],[15.4597,46.6262],[15.4551,46.6301],[15.4558,46.6377],[15.4569,46.639],[15.4496,46.6423],[15.4394,46.6399],[15.4337,46.6424],[15.4302,46.6467],[15.4217,46.6472],[15.4233,46.6527],[15.4204,46.6549],[15.4134,46.6555],[15.402,46.6536]]]}},{"type":"Feature","properties":{"id":"3","name":"Koroška"},"geometry":{"type":"Polygon","coordinates":[[[15.314,46.4795],[15.3159,46.4834],[15.3112,46.4902],[15.3129,46.4992],[15.3267,46.5127],[15.3265,46.5161],[15.3242,46.516],[15.3245,46.5189],[15.3281,46.5189],[15.331,46.5214],[15.3358,46.5213],[15.3371,46.526],[15.3417,46.5291],[15.3382,46.5304],[15.3386,46.5322],[15.3407,46.5328],[15.3404,46.5356],[15.3414,46.5365],[15.339,46.5392],[15.3418,46.5396],[15.3463,46.5457],[15.3441,46.5484],[15.3439,46.5525],[15.346,46.5545],[15.3489,46.5535],[15.3503,46.5512],[15.3541,46.5505],[15.3538,46.5554],[15.3579,46.5628],[15.3596,46.5625],[15.3617,46.56],[15.3661,46.5608],[15.3657,46.5633],[15.3698,46.5628],[15.3688,46.5656],[15.3702,46.5666],[15.3677,46.5683],[15.3708,46.5698],[15.3694,46.5726],[15.3723,46.5747],[15.3711,46.5754],[15.369,46.5734],[15.3636,46.5802],[15.3737,46.585],[15.3819,46.583],[15.3958,46.5829],[15.4034,46.5805],[15.4059,46.5763],[15.425,46.5636],[15.4331,46.5642],[15.4399,46.5677],[15.4385,46.5783],[15.4403,46.5813],[15.4445,46.5828],[15.4464,46.5854],[15.4435,46.5885],[15.4419,46.5875],[15.4421,46.5858],[15.4346,46.5844],[15.4294,46.5891],[15.4335,46.592],[15.4321,46.5928],[15.4319,46.5977],[15.4367,46.5988],[15.4372,46.6005],[15.4347,46.601],[15.4407,46.6044],[15.441,46.6062],[15.4439,46.6067],[15.4419,46.6071],[15.4417,46.6086],[15.4438,46.6086],[15.4415,46.6119],[15.4449,46.6138],[15.4453,46.6126],[15.4467,46.6129],[15.4447,46.6154],[15.4472,46.616],[15.4477,46.6176],[15.434,46.6186],[15.4325,46.6244],[15.4341,46.6253],[15.4328,46.6259],[15.4344,46.6275],[15.4325,46.6302],[15.4335,46.6315],[15.432,46.6321],[15.4307,46.6352],[15.4181,46.6414],[15.4127,46.6407],[15.4104,46.6429],[15.4112,46.6466],[15.4093,46.6469],[15.4065,46.6509],[15.402,46.6536],[15.3943,46.6519],[15.3885,46.6529],[15.3834,46.6515],[15.3759,46.6519],[15.3723,46.6497],[15.3681,46.6513],[15.3557,46.6515],[15.355,46.6542],[15.3535,46.655],[15.3477,46.6537],[15.3442,46.6508],[15.3405,46.651],[15.3378,46.6532],[15.3319,46.6524],[15.328,46.6532],[15.3217,46.648],[15.3194,46.6478],[15.3113,46.6521],[15.3011,46.6532],[15.294,46.6525],[15.2895,46.6495],[15.2841,46.648],[15.2822,46.6452],[15.2774,46.6436],[15.2625,46.6447],[15.2359,46.6394],[15.2243,46.6434],[15.2181,46.6422],[15.2062,46.6452],[15.1974,46.6457],[15.1919,46.6486],[15.1916,46.6507],[15.1894,46.6528],[15.1823,46.6561],[15.1671,46.6541],[15.1645,46.6573],[15.1622,46.6577],[15.1559,46.6557],[15.1526,46.6582],[15.1453,46.6598],[15.1432,46.6594],[15.1422,46.6572],[15.1402,46.6564],[15.1379,46.6578],[15.1345,46.6568],[15.1312,46.6506],[15.1286,46.65],[15.1264,46.6509],[15.1264,46.653],[15.1213,46.6545],[15.1215,46.656],[15.1187,46.6538],[15.1147,46.656],[15.1162,46.657],[15.1106,46.6597],[15.1075,46.6597],[15.1004,46.6561],[15.0988,46.6534],[15.0879,46.652],[15.089,46.6514],[15.0824,46.6451],[15.0748,46.6498],[15.0706,46.6499],[15.0651,46.6521],[15.041,46.6518],[15.034,46.6489],[15.0296,46.6449],[15.0162,46.6408],[15.0117,46.6347],[15.0079,46.6334],[15.0043,46.6288],[14.9947,46.6213],[14.9944,46.6178],[14.9962,46.6159],[14.995,46.6139],[14.9867,46.6085],[14.987,46.6063],[14.9846,46.6036],[14.9794,46.6014],[14.9747,46.6086],[14.9738,46.6173],[14.9708,46.6243],[14.9671,46.6278],[14.9557,46.6327],[14.9434,46.6232],[14.9418,46.6208],[14.9399,46.6196],[14.937,46.6202],[14.9313,46.6153],[14.9283,46.6192],[14.9229,46.6209],[14.9204,46.6162],[14.9226,46.611],[14.9218,46.6066],[14.9236,46.6047],[14.922,46.6028],[14.9189,46.6019],[14.9166,46.6051],[14.9137,46.6064],[14.9135,46.6043],[14.9045,46.6049],[14.9041,46.6072],[14.9002,46.6095],[14.9009,46.612],[14.8963,46.6102],[14.8898,46.6127],[14.8797,46.6113],[14.8803,46.6098],[14.8787,46.6083],[14.8705,46.6073],[14.8673,46.6047],[14.8664,46.6022],[14.8674,46.5987],[14.8648,46.5933],[14.8615,46.5939],[14.8565,46.5922],[14.8562,46.5867],[14.8521,46.5825],[14.852,46.5806],[14.8446,46.5776],[14.8403,46.5728],[14.8379,46.568],[14.8402,46.5659],[14.8363,46.5657],[14.8345,46.5632],[14.8375,46.5608],[14.838,46.5581],[14.8343,46.5536],[14.8346,46.5523],[14.832,46.5512],[14.8323,46.5485],[14.8261,46.5481],[14.8255,46.5458],[14.8231,46.5459],[14.823,46.5432],[14.8277,46.5423],[14.8319,46.5393],[14.8229,46.5356],[14.8227,46.5323],[14.8252,46.5299],[14.8225,46.5273],[14.822,46.5246],[14.8176,46.522],[14.8193,46.5195],[14.8181,46.5173],[14.8186,46.5094],[14.806,46.5076],[14.7855,46.4995],[14.7809,46.5014],[14.7798,46.5004],[14.7768,46.5046],[14.76,46.5045],[14.7483,46.4976],[14.7451,46.5032],[14.7413,46.5052],[14.7377,46.5031],[14.7352,46.4975],[14.7284,46.4903],[14.7277,46.4928],[14.7219,46.4982],[14.7148,46.5],[14.7133,46.4949],[14.7106,46.4927],[14.7117,46.4894],[14.7092,46.4809],[14.7021,46.4804],[14.6976,46.4745],[14.7015,46.4711],[14.7022,46.4669],[14.6993,46.4636],[14.6976,46.4645],[14.693,46.4638],[14.6866,46.4654],[14.6832,46.4679],[14.6786,46.4627],[14.6757,46.4618],[14.6793,46.4578],[14.6749,46.4508],[14.6782,46.4493],[14.6857,46.4495],[14.6895,46.448],[14.7212,46.4497],[14.7236,46.445],[14.7318,46.445],[14.7392,46.4402],[14.7398,46.4358],[14.7447,46.4332],[14.7479,46.4241],[14.7531,46.419],[14.7555,46.4188],[14.7575,46.421],[14.7634,46.4227],[14.7631,46.4265],[14.7654,46.4305],[14.7727,46.4321],[14.7789,46.4272],[14.7862,46.4294],[14.7909,46.4253],[14.8002,46.423],[14.8108,46.4218],[14.8188,46.4236],[14.8241,46.4228],[14.8274,46.4245],[14.8355,46.4239],[14.8411,46.4216],[14.842,46.4196],[14.8451,46.4181],[14.8496,46.4175],[14.8531,46.4194],[14.8569,46.4189],[14.8678,46.4209],[14.8774,46.4196],[14.8957,46.4202],[14.8977,46.4225],[14.9019,46.4239],[14.9037,46.4266],[14.9063,46.4264],[14.9117,46.4329],[14.9169,46.4338],[14.9346,46.4323],[14.9406,46.4345],[14.9439,46.434],[14.9461,46.4374],[14.9456,46.441],[14.9548,46.4415],[14.9623,46.4443],[14.9578,46.4484],[14.9582,46.4522],[14.9544,46.4556],[14.9591,46.4559],[14.9687,46.4516],[14.9764,46.4519],[14.996,46.4428],[15.0047,46.4408],[15.0061,46.4385],[15.0095,46.4381],[15.0176,46.4404],[15.023,46.4391],[15.0286,46.4397],[15.039,46.4362],[15.065,46.4338],[15.0803,46.4282],[15.089,46.4231],[15.0898,46.4251],[15.0877,46.4314],[15.0909,46.4346],[15.1064,46.4286],[15.1111,46.429],[15.1145,46.427],[15.1183,46.4273],[15.1187,46.4237],[15.1174,46.421],[15.1216,46.4211],[15.1239,46.4139],[15.1373,46.4079],[15.142,46.4069],[15.1461,46.4087],[15.1477,46.4064],[15.1468,46.4043],[15.1476,46.4026],[15.1545,46.4031],[15.1568,46.4021],[15.1567,46.4075],[15.1617,46.408],[15.1659,46.4107],[15.1701,46.4084],[15.1783,46.4107],[15.1804,46.4085],[15.1788,46.4049],[15.1801,46.4032],[15.177,46.4007],[15.1775,46.3994],[15.1761,46.398],[15.1719,46.3957],[15.1708,46.3963],[15.1715,46.3923],[15.1724,46.3905],[15.1876,46.3867],[15.234,46.3904],[15.2332,46.3935],[15.2313,46.3938],[15.2315,46.3972],[15.2363,46.397],[15.2372,46.399],[15.2455,46.4047],[15.2477,46.4078],[15.248,46.4108],[15.25,46.4104],[15.254,46.4124],[15.2549,46.4144],[15.2527,46.418],[15.2568,46.4215],[15.2555,46.4271],[15.2591,46.4305],[15.2593,46.4335],[15.2668,46.4393],[15.2663,46.4425],[15.2678,46.4422],[15.2694,46.4442],[15.2822,46.4447],[15.2916,46.4472],[15.2941,46.449],[15.319,46.4483],[15.3234,46.4504],[15.3283,46.4554],[15.3267,46.458],[15.3174,46.4626],[15.3123,46.4689],[15.3105,46.4736],[15.3101,46.4797],[15.314,46.4795]]]}},{"type":"Feature","properties":{"id":"4","name":"Savinjska"},"geometry":{"type":"Polygon","coordinates":[[[15.6273,46.086],[15.6251,46.0884],[15.621,46.0894],[15.6207,46.0916],[15.6187,46.0917],[15.6227,46.0937],[15.6252,46.0998],[15.6153,46.0993],[15.6159,46.101],[15.6139,46.1002],[15.6125,46.1029],[15.6142,46.107],[15.6101,46.1064],[15.6106,46.1077],[15.6045,46.1122],[15.6065,46.1132],[15.6051,46.116],[15.6089,46.1177],[15.6081,46.1192],[15.61,46.1214],[15.6069,46.1233],[15.6105,46.1234],[15.6099,46.1245],[15.6114,46.1267],[15.6092,46.1271],[15.6122,46.1297],[15.6114,46.1311],[15.6139,46.1317],[15.613,46.1327],[15.6138,46.1333],[15.6112,46.1335],[15.6116,46.1365],[15.6102,46.1377],[15.6067,46.1375],[15.607,46.1388],[15.6092,46.1383],[15.6085,46.1395],[15.6037,46.1395],[15.604,46.1411],[15.5975,46.1434],[15.5979,46.1445],[15.596,46.1468],[15.6005,46.1496],[15.6143,46.1532],[15.6096,46.159],[15.6033,46.1609],[15.6043,46.1628],[15.6093,46.1654],[15.6075,46.1667],[15.6081,46.1675],[15.6133,46.1697],[15.6143,46.1715],[15.6207,46.1716],[15.6332,46.1767],[15.6318,46.1781],[15.6343,46.178],[15.638,46.1821],[15.6383,46.1834],[15.636,46.1858],[15.6403,46.1871],[15.6409,46.1859],[15.6448,46.1866],[15.6461,46.1877],[15.6459,46.1897],[15.6489,46.1912],[15.6476,46.1945],[15.6489,46.1955],[15.6463,46.1988],[15.6474,46.2016],[15.6463,46.2027],[15.648,46.2027],[15.6482,46.2046],[15.6453,46.2055],[15.646,46.2061],[15.645,46.207],[15.643,46.2073],[15.643,46.2061],[15.6411,46.2075],[15.6428,46.2095],[15.6417,46.2101],[15.6427,46.2121],[15.6459,46.2127],[15.6467,46.2167],[15.6528,46.2173],[15.6538,46.2192],[15.6597,46.2186],[15.6608,46.2205],[15.6637,46.2198],[15.663,46.2213],[15.6672,46.223],[15.6702,46.2228],[15.6738,46.2268],[15.6814,46.2274],[15.6906,46.2238],[15.7018,46.2223],[15.7096,46.2233],[15.7164,46.2219],[15.7215,46.2228],[15.7221,46.2218],[15.7241,46.2221],[15.7241,46.2231],[15.7283,46.2229],[15.7291,46.221],[15.726,46.2192],[15.73,46.2162],[15.7358,46.2183],[15.7361,46.2204],[15.7411,46.2217],[15.753,46.22],[15.7546,46.2191],[15.7549,46.217],[15.7504,46.2122],[15.752,46.2102],[15.7509,46.209],[15.7565,46.2071],[15.7679,46.2088],[15.7686,46.2099],[15.7786,46.2124],[15.7818,46.2154],[15.7857,46.2164],[15.789,46.2199],[15.7887,46.2229],[15.7899,46.2247],[15.7943,46.2279],[15.7938,46.2364],[15.7996,46.2377],[15.7994,46.2404],[15.8016,46.2426],[15.7976,46.2479],[15.7972,46.2512],[15.7924,46.2553],[15.7915,46.2593],[15.7831,46.258],[15.7764,46.2552],[15.7699,46.2544],[15.765,46.2555],[15.7626,46.2544],[15.7601,46.2552],[15.7589,46.2589],[15.7544,46.26],[15.7561,46.2617],[15.7531,46.2636],[15.753,46.2661],[15.7478,46.2635],[15.7398,46.2618],[15.7368,46.2648],[15.7363,46.2677],[15.732,46.2679],[15.7217,46.2712],[15.7212,46.27],[15.7132,46.2676],[15.7004,46.2685],[15.6928,46.2654],[15.6899,46.2689],[15.6919,46.27],[15.6917,46.2718],[15.6942,46.2726],[15.6948,46.2745],[15.6815,46.2729],[15.6794,46.2744],[15.6736,46.2749],[15.6735,46.2762],[15.6678,46.2745],[15.6562,46.2739],[15.6513,46.2767],[15.6491,46.2752],[15.6426,46.2755],[15.6374,46.2739],[15.6358,46.2743],[15.6361,46.2763],[15.6382,46.2789],[15.64,46.2792],[15.6367,46.2799],[15.6371,46.2817],[15.6356,46.2832],[15.6309,46.2845],[15.6283,46.2872],[15.6197,46.2856],[15.6162,46.2861],[15.6065,46.2838],[15.5999,46.2894],[15.5978,46.2898],[15.5962,46.2883],[15.5881,46.2867],[15.582,46.2835],[15.5791,46.2862],[15.5689,46.2874],[15.5662,46.2808],[15.562,46.2787],[15.5619,46.2747],[15.5595,46.2749],[15.5593,46.2731],[15.5579,46.2762],[15.5546,46.2779],[15.5447,46.2765],[15.5466,46.281],[15.5511,46.2815],[15.5537,46.286],[15.5461,46.29],[15.5474,46.2914],[15.5463,46.294],[15.551,46.2966],[15.5488,46.3007],[15.5521,46.302],[15.5449,46.3081],[15.5448,46.3134],[15.5468,46.3169],[15.5443,46.3198],[15.5423,46.3264],[15.5429,46.3297],[15.5418,46.3305],[15.5435,46.3314],[15.5401,46.3333],[15.537,46.3383],[15.5383,46.341],[15.5375,46.3436],[15.5394,46.3461],[15.5383,46.3481],[15.5332,46.351],[15.5288,46.3489],[15.512,46.3469],[15.5075,46.3446],[15.5023,46.3489],[15.5022,46.357],[15.4995,46.3588],[15.4975,46.3581],[15.4965,46.3598],[15.4859,46.3529],[15.4788,46.3584],[15.4702,46.3546],[15.4668,46.3561],[15.4664,46.3549],[15.4629,46.3553],[15.4607,46.3567],[15.456,46.3544],[15.4532,46.3547],[15.453,46.3571],[15.4496,46.356],[15.4455,46.3581],[15.4478,46.3635],[15.4431,46.3643],[15.4419,46.3651],[15.4424,46.3658],[15.4372,46.3644],[15.4346,46.3657],[15.4306,46.3653],[15.4262,46.3687],[15.4214,46.3696],[15.4226,46.3744],[15.411,46.3753],[15.3973,46.3817],[15.397,46.383],[15.3991,46.3836],[15.4018,46.3827],[15.4114,46.3831],[15.4112,46.3851],[15.4139,46.3861],[15.4128,46.3886],[15.4137,46.3899],[15.4185,46.3896],[15.4184,46.3921],[15.4139,46.3961],[15.4045,46.3986],[15.3988,46.404],[15.4028,46.4061],[15.4104,46.4048],[15.4102,46.4101],[15.4136,46.4137],[15.4119,46.4192],[15.4193,46.4245],[15.415,46.4266],[15.4107,46.4268],[15.4081,46.4286],[15.408,46.4305],[15.4037,46.4311],[15.3992,46.4381],[15.3887,46.4322],[15.3763,46.4387],[15.3732,46.438],[15.3728,46.4433],[15.3678,46.4473],[15.3615,46.4486],[15.3531,46.4463],[15.3418,46.4488],[15.3435,46.4584],[15.334,46.4654],[15.3359,46.4697],[15.3337,46.4754],[15.3295,46.4743],[15.3247,46.4755],[15.3217,46.4746],[15.3188,46.4786],[15.314,46.4795],[15.3101,46.4797],[15.3105,46.4736],[15.3123,46.4689],[15.3174,46.4626],[15.3267,46.458],[15.3283,46.4554],[15.3234,46.4504],[15.319,46.4483],[15.2941,46.449],[15.2916,46.4472],[15.2822,46.4447],[15.2694,46.4442],[15.2678,46.4422],[15.2663,46.4425],[15.2668,46.4393],[15.2593,46.4335],[15.2591,46.4305],[15.2555,46.4271],[15.2568,46.4215],[15.2527,46.418],[15.2549,46.4144],[15.254,46.4124],[15.25,46.4104],[15.248,46.4108],[15.2477,46.4078],[15.2455,46.4047],[15.2372,46.399],[15.2363,46.397],[15.2315,46.3972],[15.2313,46.3938],[15.2332,46.3935],[15.234,46.3904],[15.1876,46.3867],[15.1724,46.3905],[15.1715,46.3923],[15.1708,46.3963],[15.1719,46.3957],[15.1761,46.398],[15.1775,46.3994],[15.177,46.4007],[15.1801,46.4032],[15.1788,46.4049],[15.1804,46.4085],[15.1783,46.4107],[15.1701,46.4084],[15.1659,46.4107],[15.1617,46.408],[15.1567,46.4075],[15.1568,46.4021],[15.1545,46.4031],[15.1476,46.4026],[15.1468,46.4043],[15.1477,46.4064],[15.1461,46.4087],[15.142,46.4069],[15.1373,46.4079],[15.1239,46.4139],[15.1216,46.4211],[15.1174,46.421],[15.1187,46.4237],[15.1183,46.4273],[15.1145,46.427],[15.1111,46.429],[15.1064,46.4286],[15.0909,46.4346],[15.0877,46.4314],[15.0898,46.4251],[15.089,46.4231],[15.0803,46.4282],[15.065,46.4338],[15.039,46.4362],[15.0286,46.4397],[15.023,46.4391],[15.0176,46.4404],[15.0095,46.4381],[15.0061,46.4385],[15.0047,46.4408],[14.996,46.4428],[14.9764,46.4519],[14.9687,46.4516],[14.9591,46.4559],[14.9544,46.4556],[14.9582,46.4522],[14.9578,46.4484],[14.9623,46.4443],[14.9548,46.4415],[14.9456,46.441],[14.9461,46.4374],[14.9439,46.434],[14.9406,46.4345],[14.9346,46.4323],[14.9169,46.4338],[14.9117,46.4329],[14.9063,46.4264],[14.9037,46.4266],[14.9019,46.4239],[14.8977,46.4225],[14.8957,46.4202],[14.8774,46.4196],[14.8678,46.4209],[14.8569,46.4189],[14.8531,46.4194],[14.8496,46.4175],[14.8451,46.4181],[14.842,46.4196],[14.8411,46.4216],[14.8355,46.4239],[14.8274,46.4245],[14.8241,46.4228],[14.8188,46.4236],[14.8108,46.4218],[14.8002,46.423],[14.7909,46.4253],[14.7862,46.4294],[14.7789,46.4272],[14.7727,46.4321],[14.7654,46.4305],[14.7631,46.4265],[14.7634,46.4227],[14.7575,46.421],[14.7555,46.4188],[14.7531,46.419],[14.7479,46.4241],[14.7447,46.4332],[14.7398,46.4358],[14.7392,46.4402],[14.7318,46.445],[14.7236,46.445],[14.7212,46.4497],[14.6895,46.448],[14.6857,46.4495],[14.6782,46.4493],[14.6749,46.4508],[14.6666,46.45],[14.6632,46.4462],[14.6597,46.4445],[14.6524,46.445],[14.6409,46.443],[14.6315,46.4395],[14.6222,46.4387],[14.6131,46.4398],[14.6074,46.4391],[14.6047,46.4369],[14.596,46.4368],[14.5954,46.4332],[14.5864,46.4297],[14.5838,46.419],[14.5825,46.4181],[14.5833,46.4159],[14.5887,46.4144],[14.5894,46.4096],[14.5883,46.4057],[14.5866,46.4042],[14.5876,46.396],[14.5861,46.3923],[14.584,46.3884],[14.5787,46.3841],[14.5817,46.3816],[14.5781,46.377],[14.5661,46.375],[14.5652,46.3725],[14.5652,46.3678],[14.5877,46.3549],[14.5924,46.3594],[14.5968,46.3598],[14.6145,46.3575],[14.6375,46.3641],[14.6378,46.3444],[14.6389,46.3364],[14.6405,46.3346],[14.6376,46.3309],[14.6424,46.3257],[14.6465,46.3242],[14.6483,46.3214],[14.6536,46.3186],[14.6581,46.3143],[14.6698,46.3137],[14.674,46.31],[14.6772,46.3002],[14.6773,46.2933],[14.6737,46.2838],[14.6821,46.2815],[14.7043,46.2847],[14.7054,46.2824],[14.7051,46.2781],[14.7019,46.2753],[14.6996,46.2705],[14.6955,46.267],[14.7046,46.2579],[14.7291,46.2578],[14.7391,46.2553],[14.745,46.2554],[14.7564,46.2506],[14.7602,46.2532],[14.7646,46.2536],[14.7705,46.2505],[14.7761,46.2499],[14.8046,46.2554],[14.8145,46.2534],[14.8259,46.2537],[14.8392,46.2507],[14.8542,46.2503],[14.8605,46.2454],[14.8679,46.2424],[14.8794,46.2405],[14.8852,46.2375],[14.8873,46.2336],[14.8955,46.2335],[14.8993,46.2289],[14.9069,46.231],[14.9077,46.2303],[14.9071,46.2276],[14.9128,46.2214],[14.9117,46.2195],[14.9282,46.2169],[14.9198,46.2154],[14.9213,46.2138],[14.9195,46.213],[14.9174,46.2151],[14.9083,46.2129],[14.9104,46.2087],[14.9087,46.2078],[14.9097,46.1997],[14.9085,46.1996],[14.9096,46.1983],[14.9213,46.1952],[14.9242,46.192],[14.9253,46.1885],[14.931,46.1858],[14.9355,46.187],[14.9448,46.1863],[14.9683,46.1939],[14.9743,46.194],[14.9801,46.197],[14.9893,46.1945],[15.004,46.1975],[15.0054,46.1973],[15.004,46.1966],[15.0049,46.1958],[15.01,46.1967],[15.0093,46.1947],[15.0131,46.1958],[15.0091,46.1911],[15.0143,46.1917],[15.0148,46.1907],[15.0188,46.1928],[15.0216,46.1932],[15.0229,46.1926],[15.0258,46.1931],[15.0284,46.1926],[15.0287,46.1928],[15.0309,46.1932],[15.0322,46.1944],[15.0335,46.1948],[15.0367,46.1956],[15.038,46.1952],[15.0404,46.1963],[15.0424,46.1966],[15.038,46.1952],[15.0331,46.1946],[15.0323,46.1944],[15.0309,46.1932],[15.0303,46.193],[15.0282,46.1925],[15.0259,46.193],[15.0246,46.1927],[15.0289,46.1909],[15.0372,46.1923],[15.0439,46.1975],[15.0462,46.1959],[15.0448,46.1937],[15.0464,46.1905],[15.0629,46.1856],[15.0711,46.1852],[15.0757,46.1835],[15.0876,46.1863],[15.0985,46.1909],[15.1073,46.1875],[15.1059,46.1866],[15.1066,46.1836],[15.1087,46.1839],[15.1159,46.1802],[15.1156,46.1784],[15.1188,46.1772],[15.1205,46.1742],[15.1227,46.1743],[15.1221,46.172],[15.125,46.1704],[15.1237,46.1702],[15.1233,46.1667],[15.1305,46.1662],[15.1261,46.1584],[15.1311,46.1562],[15.1363,46.1564],[15.1459,46.1595],[15.1507,46.1563],[15.1494,46.1541],[15.15,46.1526],[15.1577,46.1507],[15.1561,46.1451],[15.1574,46.1408],[15.1689,46.1379],[15.1706,46.1334],[15.174,46.1335],[15.1753,46.1318],[15.174,46.1271],[15.18,46.126],[15.1794,46.1199],[15.1823,46.1193],[15.181,46.1156],[15.1883,46.1111],[15.1889,46.1099],[15.1814,46.1093],[15.1802,46.1075],[15.1778,46.1088],[15.1732,46.1071],[15.1697,46.1026],[15.1703,46.1],[15.1598,46.1047],[15.1539,46.1043],[15.1516,46.1076],[15.1456,46.1085],[15.1431,46.1125],[15.1376,46.1112],[15.1399,46.1074],[15.1389,46.1058],[15.1351,46.1061],[15.1338,46.1046],[15.151,46.0966],[15.155,46.0931],[15.1589,46.0885],[15.1678,46.0867],[15.1715,46.0839],[15.1716,46.0792],[15.1746,46.0777],[15.1828,46.0784],[15.1852,46.0804],[15.183,46.0814],[15.1858,46.0841],[15.1891,46.0831],[15.1968,46.086],[15.1988,46.0823],[15.2077,46.0817],[15.2175,46.0873],[15.2305,46.0783],[15.2342,46.0772],[15.2489,46.0773],[15.254,46.0805],[15.2577,46.0793],[15.2564,46.082],[15.2624,46.0843],[15.2616,46.0878],[15.2632,46.089],[15.2673,46.0851],[15.2668,46.0806],[15.2679,46.0778],[15.2657,46.0751],[15.2687,46.0738],[15.2715,46.0741],[15.272,46.0757],[15.2766,46.0739],[15.2766,46.0726],[15.2747,46.0719],[15.2763,46.0701],[15.2753,46.0708],[15.2727,46.0695],[15.2724,46.0674],[15.2744,46.0656],[15.2727,46.0643],[15.272,46.0594],[15.2785,46.0587],[15.2783,46.0578],[15.2826,46.0551],[15.282,46.0669],[15.2804,46.0676],[15.2807,46.0684],[15.2982,46.068],[15.3032,46.071],[15.304,46.0726],[15.3163,46.0752],[15.3277,46.0739],[15.3299,46.0724],[15.3359,46.0738],[15.3407,46.0722],[15.3487,46.0722],[15.3514,46.0733],[15.3562,46.0723],[15.3587,46.0742],[15.3706,46.0693],[15.3746,46.0723],[15.3823,46.0738],[15.3856,46.0728],[15.3896,46.0683],[15.4006,46.0661],[15.4055,46.0672],[15.4083,46.0664],[15.4213,46.0675],[15.4266,46.0656],[15.4332,46.0694],[15.4419,46.0703],[15.4465,46.0701],[15.4521,46.0671],[15.4674,46.0693],[15.4726,46.0715],[15.4928,46.0652],[15.4933,46.0634],[15.4992,46.0605],[15.4982,46.0578],[15.506,46.0597],[15.5085,46.0634],[15.513,46.0652],[15.5234,46.0617],[15.5234,46.058],[15.526,46.0557],[15.5289,46.0551],[15.5306,46.0487],[15.5407,46.0481],[15.5436,46.0396],[15.5435,46.0372],[15.5416,46.0345],[15.5441,46.0326],[15.5468,46.0256],[15.5474,46.0227],[15.546,46.0201],[15.55,46.0197],[15.557,46.0231],[15.561,46.0227],[15.5585,46.0218],[15.5608,46.0213],[15.5644,46.0218],[15.5709,46.0263],[15.5767,46.0242],[15.5853,46.025],[15.5871,46.0262],[15.5882,46.0255],[15.5904,46.0274],[15.5922,46.026],[15.595,46.0263],[15.594,46.025],[15.595,46.0242],[15.5879,46.0163],[15.5911,46.0155],[15.5841,46.0085],[15.5851,46.0074],[15.5808,46.0068],[15.5833,46.0057],[15.5816,46.0041],[15.5786,46.0059],[15.5741,46.0029],[15.5708,45.9982],[15.5771,45.9961],[15.5796,45.9983],[15.5899,46.0004],[15.5927,46.0026],[15.5987,46.0025],[15.6037,46.0045],[15.6084,46.0095],[15.6143,46.013],[15.6246,46.0153],[15.6284,46.0202],[15.6329,46.0213],[15.6361,46.0246],[15.646,46.0297],[15.6535,46.0313],[15.6468,46.0315],[15.6466,46.0325],[15.6509,46.0351],[15.6559,46.0365],[15.6504,46.038],[15.6464,46.0412],[15.6388,46.0385],[15.6387,46.0368],[15.6362,46.0352],[15.6221,46.0347],[15.6221,46.0377],[15.6184,46.0373],[15.6147,46.0393],[15.6086,46.0382],[15.6067,46.0391],[15.6051,46.0408],[15.6044,46.0452],[15.6004,46.0482],[15.6017,46.0502],[15.5993,46.0544],[15.6008,46.0561],[15.6008,46.061],[15.5977,46.0688],[15.5987,46.0724],[15.6008,46.0713],[15.6045,46.0733],[15.6048,46.0755],[15.6092,46.0752],[15.6125,46.0718],[15.6148,46.0716],[15.6135,46.0723],[15.6153,46.0748],[15.6244,46.0813],[15.6236,46.0821],[15.6281,46.084],[15.6266,46.0852],[15.6273,46.086]]]}},{"type":"Feature","properties":{"id":"5","name":"Zasavska"},"geometry":{"type":"Polygon","coordinates":[[[15.155,46.0931],[15.151,46.0966],[15.1338,46.1046],[15.1351,46.1061],[15.1389,46.1058],[15.1399,46.1074],[15.1376,46.1112],[15.1431,46.1125],[15.1456,46.1085],[15.1516,46.1076],[15.1539,46.1043],[15.1598,46.1047],[15.1703,46.1],[15.1697,46.1026],[15.1732,46.1071],[15.1778,46.1088],[15.1802,46.1075],[15.1814,46.1093],[15.1889,46.1099],[15.1883,46.1111],[15.181,46.1156],[15.1823,46.1193],[15.1794,46.1199],[15.18,46.126],[15.174,46.1271],[15.1753,46.1318],[15.174,46.1335],[15.1706,46.1334],[15.1689,46.1379],[15.1574,46.1408],[15.1561,46.1451],[15.1577,46.1507],[15.15,46.1526],[15.1494,46.1541],[15.1507,46.1563],[15.1459,46.1595],[15.1363,46.1564],[15.1311,46.1562],[15.1261,46.1584],[15.1305,46.1662],[15.1233,46.1667],[15.1237,46.1702],[15.125,46.1704],[15.1221,46.172],[15.1227,46.1743],[15.1205,46.1742],[15.1188,46.1772],[15.1156,46.1784],[15.1159,46.1802],[15.1087,46.1839],[15.1066,46.1836],[15.1059,46.1866],[15.1073,46.1875],[15.0985,46.1909],[15.0876,46.1863],[15.0757,46.1835],[15.0711,46.1852],[15.0629,46.1856],[15.0464,46.1905],[15.0448,46.1937],[15.0462,46.1959],[15.0439,46.1975],[15.0372,46.1923],[15.0289,46.1909],[15.0246,46.1927],[15.0259,46.193],[15.0282,46.1925],[15.0303,46.193],[15.0309,46.1932],[15.0323,46.1944],[15.0331,46.1946],[15.038,46.1952],[15.0424,46.1966],[15.0404,46.1963],[15.038,46.1952],[15.0367,46.1956],[15.0335,46.1948],[15.0322,46.1944],[15.0309,46.1932],[15.0287,46.1928],[15.0284,46.1926],[15.0258,46.1931],[15.0229,46.1926],[15.0216,46.1932],[15.0188,46.1928],[15.0148,46.1907],[15.0143,46.1917],[15.0091,46.1911],[15.0131,46.1958],[15.0093,46.1947],[15.01,46.1967],[15.0049,46.1958],[15.004,46.1966],[15.0054,46.1973],[15.004,46.1975],[14.9893,46.1945],[14.9801,46.197],[14.9743,46.194],[14.9683,46.1939],[14.9448,46.1863],[14.9355,46.187],[14.931,46.1858],[14.9253,46.1885],[14.9242,46.192],[14.9213,46.1952],[14.9096,46.1983],[14.9085,46.1996],[14.9097,46.1997],[14.9087,46.2078],[14.9041,46.206],[14.8998,46.2075],[14.8971,46.2071],[14.9011,46.2017],[14.9022,46.1975],[14.901,46.1962],[14.9028,46.1963],[14.9006,46.1921],[14.9029,46.188],[14.8974,46.1844],[14.8958,46.1827],[14.8963,46.1819],[14.8902,46.1814],[14.8884,46.1799],[14.8913,46.1767],[14.8901,46.1739],[14.8781,46.1776],[14.8767,46.1767],[14.871,46.1778],[14.8661,46.1755],[14.8613,46.175],[14.8589,46.1718],[14.8445,46.1695],[14.8118,46.1706],[14.8124,46.169],[14.8168,46.1659],[14.8214,46.1662],[14.8263,46.1648],[14.828,46.1625],[14.8258,46.1594],[14.8318,46.1564],[14.8305,46.1542],[14.8346,46.1511],[14.8351,46.149],[14.8382,46.1487],[14.8395,46.1467],[14.8416,46.1476],[14.843,46.1464],[14.8396,46.1408],[14.8294,46.1414],[14.8326,46.1398],[14.8389,46.1398],[14.8374,46.1371],[14.8381,46.1358],[14.8357,46.1349],[14.8337,46.1363],[14.8289,46.1351],[14.8265,46.1335],[14.8266,46.1321],[14.8216,46.1298],[14.8185,46.1267],[14.8138,46.1287],[14.8084,46.1277],[14.8068,46.1257],[14.8026,46.1254],[14.7973,46.1228],[14.8022,46.1189],[14.804,46.1132],[14.7951,46.1156],[14.7939,46.1136],[14.7908,46.1125],[14.7935,46.1105],[14.7941,46.1074],[14.793,46.1064],[14.7891,46.1079],[14.7888,46.1093],[14.7832,46.1078],[14.7835,46.1092],[14.7815,46.108],[14.7766,46.1096],[14.7755,46.1091],[14.7774,46.108],[14.7771,46.1067],[14.7723,46.1082],[14.774,46.1059],[14.771,46.1044],[14.771,46.1063],[14.7682,46.1076],[14.7671,46.1072],[14.7683,46.1046],[14.767,46.1044],[14.7647,46.1073],[14.7637,46.1069],[14.7641,46.1058],[14.7596,46.1047],[14.7634,46.1026],[14.7589,46.1016],[14.7604,46.0999],[14.7518,46.0978],[14.7536,46.0933],[14.7482,46.0891],[14.7206,46.0838],[14.7162,46.0849],[14.7117,46.0766],[14.7173,46.0758],[14.7231,46.0724],[14.7229,46.0696],[14.7188,46.0682],[14.7238,46.0656],[14.7293,46.0656],[14.7403,46.068],[14.7518,46.0671],[14.758,46.0638],[14.7602,46.0606],[14.7639,46.0609],[14.7632,46.0598],[14.768,46.0574],[14.7641,46.0567],[14.7667,46.0541],[14.7748,46.051],[14.7818,46.0516],[14.7858,46.0494],[14.7875,46.0506],[14.7878,46.0478],[14.7899,46.0452],[14.7943,46.0452],[14.7961,46.044],[14.7987,46.0458],[14.798,46.0477],[14.8086,46.0481],[14.8072,46.0499],[14.8047,46.0497],[14.8043,46.0519],[14.8054,46.0533],[14.8071,46.0524],[14.8092,46.0549],[14.8118,46.0548],[14.8129,46.0541],[14.8121,46.0531],[14.814,46.0526],[14.8191,46.0535],[14.8267,46.0477],[14.8311,46.0488],[14.8324,46.0478],[14.8325,46.0491],[14.8414,46.0524],[14.8413,46.0536],[14.8557,46.0528],[14.8639,46.0566],[14.8691,46.0562],[14.8728,46.061],[14.8653,46.0687],[14.8649,46.0711],[14.8866,46.0622],[14.8935,46.063],[14.8967,46.0597],[14.8959,46.0553],[14.9028,46.0568],[14.9042,46.0547],[14.9086,46.0527],[14.9084,46.0516],[14.9111,46.0504],[14.9105,46.0491],[14.9146,46.0463],[14.9204,46.0456],[14.9255,46.0431],[14.919,46.0342],[14.9231,46.0333],[14.9243,46.0258],[14.9273,46.0206],[14.9261,46.0146],[14.9236,46.0123],[14.9214,46.0071],[14.9216,46.0062],[14.9258,46.0064],[14.9289,46.0032],[14.9294,45.9966],[14.9263,45.9944],[14.9237,45.9941],[14.9254,45.9851],[14.9327,45.9844],[14.9449,45.9855],[14.9492,45.9838],[14.9477,45.9802],[14.9486,45.9786],[14.9649,45.9754],[14.9694,45.9694],[14.979,45.9689],[14.9863,45.97],[14.9889,45.9676],[14.9982,45.9631],[15.0034,45.9631],[15.0039,45.9641],[15.0023,45.9651],[15.0043,45.9658],[15.0101,45.9638],[15.0132,45.964],[15.0186,45.9677],[15.0147,45.9715],[15.0144,45.9733],[15.0225,45.9762],[15.0239,45.9774],[15.023,45.9787],[15.0248,45.9793],[15.0255,45.9779],[15.0296,45.9795],[15.0316,45.9788],[15.0306,45.9796],[15.0307,45.9843],[15.0341,45.9858],[15.0327,45.9879],[15.0306,45.9883],[15.0316,45.9893],[15.0303,45.9903],[15.0303,45.9924],[15.026,45.9979],[15.0217,45.9985],[15.0226,46.0019],[15.0261,46.0047],[15.0547,46.0044],[15.0573,46.0075],[15.0573,46.0136],[15.062,46.0154],[15.0703,46.0164],[15.0721,46.0161],[15.0714,46.0137],[15.0724,46.0149],[15.0727,46.0139],[15.0825,46.0125],[15.0807,46.02],[15.0827,46.0219],[15.0865,46.0222],[15.0894,46.0205],[15.0912,46.0216],[15.0954,46.0193],[15.0993,46.019],[15.0971,46.0211],[15.0985,46.0222],[15.0963,46.023],[15.0909,46.0286],[15.0922,46.0293],[15.0914,46.0303],[15.0878,46.0328],[15.0894,46.0357],[15.0884,46.0408],[15.0781,46.0418],[15.0716,46.0466],[15.0725,46.0514],[15.067,46.0563],[15.067,46.0595],[15.0682,46.0598],[15.0661,46.061],[15.0675,46.0655],[15.0753,46.0711],[15.0779,46.0713],[15.0836,46.0679],[15.0857,46.0713],[15.0841,46.072],[15.0858,46.0751],[15.0832,46.0761],[15.0837,46.0789],[15.0875,46.0792],[15.091,46.0771],[15.1004,46.0795],[15.1024,46.0823],[15.099,46.0819],[15.0979,46.0842],[15.0993,46.0869],[15.1026,46.0884],[15.1016,46.0891],[15.1028,46.0895],[15.1024,46.0903],[15.1004,46.0922],[15.102,46.0936],[15.1074,46.0909],[15.1146,46.0896],[15.1199,46.0903],[15.123,46.0862],[15.1404,46.0862],[15.1478,46.0886],[15.1456,46.0909],[15.1522,46.0906],[15.155,46.0931]]]}},{"type":"Feature","properties":{"id":"6","name":"Posavska"},"geometry":{"type":"Polygon","coordinates":[[[15.6273,46.086],[15.6266,46.0852],[15.6281,46.084],[15.6236,46.0821],[15.6244,46.0813],[15.6153,46.0748],[15.6135,46.0723],[15.6148,46.0716],[15.6125,46.0718],[15.6092,46.0752],[15.6048,46.0755],[15.6045,46.0733],[15.6008,46.0713],[15.5987,46.0724],[15.5977,46.0688],[15.6008,46.061],[15.6008,46.0561],[15.5993,46.0544],[15.6017,46.0502],[15.6004,46.0482],[15.6044,46.0452],[15.6051,46.0408],[15.6067,46.0391],[15.6086,46.0382],[15.6147,46.0393],[15.6184,46.0373],[15.6221,46.0377],[15.6221,46.0347],[15.6362,46.0352],[15.6387,46.0368],[15.6388,46.0385],[15.6464,46.0412],[15.6504,46.038],[15.6559,46.0365],[15.6509,46.0351],[15.6466,46.0325],[15.6468,46.0315],[15.6535,46.0313],[15.646,46.0297],[15.6361,46.0246],[15.6329,46.0213],[15.6284,46.0202],[15.6246,46.0153],[15.6143,46.013],[15.6084,46.0095],[15.6037,46.0045],[15.5987,46.0025],[15.5927,46.0026],[15.5899,46.0004],[15.5796,45.9983],[15.5771,45.9961],[15.5708,45.9982],[15.5741,46.0029],[15.5786,46.0059],[15.5816,46.0041],[15.5833,46.0057],[15.5808,46.0068],[15.5851,46.0074],[15.5841,46.0085],[15.5911,46.0155],[15.5879,46.0163],[15.595,46.0242],[15.594,46.025],[15.595,46.0263],[15.5922,46.026],[15.5904,46.0274],[15.5882,46.0255],[15.5871,46.0262],[15.5853,46.025],[15.5767,46.0242],[15.5709,46.0263],[15.5644,46.0218],[15.5608,46.0213],[15.5585,46.0218],[15.561,46.0227],[15.557,46.0231],[15.55,46.0197],[15.546,46.0201],[15.5474,46.0227],[15.5468,46.0256],[15.5441,46.0326],[15.5416,46.0345],[15.5435,46.0372],[15.5436,46.0396],[15.5407,46.0481],[15.5306,46.0487],[15.5289,46.0551],[15.526,46.0557],[15.5234,46.058],[15.5234,46.0617],[15.513,46.0652],[15.5085,46.0634],[15.506,46.0597],[15.4982,46.0578],[15.4992,46.0605],[15.4933,46.0634],[15.4928,46.0652],[15.4726,46.0715],[15.4674,46.0693],[15.4521,46.0671],[15.4465,46.0701],[15.4419,46.0703],[15.4332,46.0694],[15.4266,46.0656],[15.4213,46.0675],[15.4083,46.0664],[15.4055,46.0672],[15.4006,46.0661],[15.3896,46.0683],[15.3856,46.0728],[15.3823,46.0738],[15.3746,46.0723],[15.3706,46.0693],[15.3587,46.0742],[15.3562,46.0723],[15.3514,46.0733],[15.3487,46.0722],[15.3407,46.0722],[15.3359,46.0738],[15.3299,46.0724],[15.3277,46.0739],[15.3163,46.0752],[15.304,46.0726],[15.3032,46.071],[15.2982,46.068],[15.2807,46.0684],[15.2804,46.0676],[15.282,46.0669],[15.2826,46.0551],[15.2783,46.0578],[15.2785,46.0587],[15.272,46.0594],[15.2727,46.0643],[15.2744,46.0656],[15.2724,46.0674],[15.2727,46.0695],[15.2753,46.0708],[15.2763,46.0701],[15.2747,46.0719],[15.2766,46.0726],[15.2766,46.0739],[15.272,46.0757],[15.2715,46.0741],[15.2687,46.0738],[15.2657,46.0751],[15.2679,46.0778],[15.2668,46.0806],[15.2673,46.0851],[15.2632,46.089],[15.2616,46.0878],[15.2624,46.0843],[15.2564,46.082],[15.2577,46.0793],[15.254,46.0805],[15.2489,46.0773],[15.2342,46.0772],[15.2305,46.0783],[15.2175,46.0873],[15.2077,46.0817],[15.1988,46.0823],[15.1968,46.086],[15.1891,46.0831],[15.1858,46.0841],[15.183,46.0814],[15.1852,46.0804],[15.1828,46.0784],[15.1746,46.0777],[15.1716,46.0792],[15.1715,46.0839],[15.1678,46.0867],[15.1589,46.0885],[15.155,46.0931],[15.1522,46.0906],[15.1456,46.0909],[15.1478,46.0886],[15.1404,46.0862],[15.123,46.0862],[15.1199,46.0903],[15.1146,46.0896],[15.1074,46.0909],[15.102,46.0936],[15.1004,46.0922],[15.1024,46.0903],[15.1028,46.0895],[15.1016,46.0891],[15.1026,46.0884],[15.0993,46.0869],[15.0979,46.0842],[15.099,46.0819],[15.1024,46.0823],[15.1004,46.0795],[15.091,46.0771],[15.0875,46.0792],[15.0837,46.0789],[15.0832,46.0761],[15.0858,46.0751],[15.0841,46.072],[15.0857,46.0713],[15.0836,46.0679],[15.0779,46.0713],[15.0753,46.0711],[15.0675,46.0655],[15.0661,46.061],[15.0682,46.0598],[15.067,46.0595],[15.067,46.0563],[15.0725,46.0514],[15.0716,46.0466],[15.0781,46.0418],[15.0884,46.0408],[15.0894,46.0357],[15.0878,46.0328],[15.0914,46.0303],[15.0922,46.0293],[15.0909,46.0286],[15.0963,46.023],[15.0985,46.0222],[15.0971,46.0211],[15.0993,46.019],[15.1052,46.0138],[15.1061,46.009],[15.1034,46.0078],[15.1074,46.0078],[15.1145,46.0038],[15.1244,46.0022],[15.1283,45.9998],[15.1276,45.9948],[15.1313,45.9895],[15.1298,45.986],[15.1309,45.9827],[15.1342,45.9864],[15.1353,45.9908],[15.1489,45.9925],[15.1505,45.994],[15.1501,45.9977],[15.1526,45.9958],[15.1605,45.9983],[15.1659,45.9986],[15.16,45.9973],[15.163,45.9967],[15.164,45.9918],[15.1599,45.9904],[15.1615,45.988],[15.1599,45.9852],[15.1544,45.9855],[15.15,45.9834],[15.1488,45.9815],[15.1483,45.9782],[15.1517,45.974],[15.1519,45.9693],[15.1542,45.9692],[15.1577,45.9658],[15.1617,45.9658],[15.1605,45.9641],[15.1617,45.9624],[15.1621,45.9558],[15.1649,45.9564],[15.1698,45.9526],[15.1719,45.9524],[15.1715,45.9515],[15.1772,45.9497],[15.1833,45.9457],[15.1858,45.9407],[15.192,45.9401],[15.192,45.9383],[15.1947,45.9361],[15.1982,45.9364],[15.2017,45.9325],[15.2084,45.9336],[15.2107,45.9319],[15.2116,45.9329],[15.2137,45.932],[15.2136,45.9303],[15.2168,45.9288],[15.2253,45.9286],[15.2243,45.9336],[15.2224,45.935],[15.2314,45.9374],[15.2351,45.9327],[15.2383,45.9388],[15.2424,45.9409],[15.2481,45.9412],[15.2474,45.9444],[15.2487,45.9455],[15.2455,45.9463],[15.2456,45.9479],[15.2545,45.9514],[15.2671,45.9423],[15.2679,45.9361],[15.2753,45.9356],[15.2773,45.9373],[15.2818,45.938],[15.2806,45.943],[15.272,45.9493],[15.2727,45.9523],[15.2769,45.9545],[15.2758,45.9571],[15.2791,45.96],[15.2942,45.955],[15.3051,45.9485],[15.3065,45.9513],[15.3043,45.9533],[15.3057,45.956],[15.3038,45.9574],[15.303,45.9602],[15.3077,45.9603],[15.3141,45.9581],[15.3151,45.9591],[15.3215,45.9569],[15.3261,45.9581],[15.3268,45.9572],[15.3301,45.9597],[15.332,45.9598],[15.3323,45.9521],[15.3303,45.9502],[15.3321,45.9497],[15.3332,45.9455],[15.3398,45.9438],[15.3513,45.9376],[15.35,45.9346],[15.3416,45.928],[15.3431,45.9251],[15.3418,45.9235],[15.3433,45.919],[15.3424,45.9185],[15.344,45.9165],[15.3431,45.9146],[15.3448,45.9059],[15.3446,45.9006],[15.3385,45.8953],[15.3398,45.8941],[15.3349,45.8931],[15.3342,45.892],[15.3381,45.8887],[15.3466,45.8884],[15.3488,45.887],[15.3485,45.8888],[15.3498,45.888],[15.3534,45.8894],[15.3689,45.8896],[15.3681,45.8872],[15.3753,45.8863],[15.3754,45.8853],[15.3798,45.8841],[15.3788,45.8796],[15.3773,45.8785],[15.3782,45.8779],[15.3769,45.877],[15.3786,45.876],[15.3771,45.875],[15.3787,45.8736],[15.3825,45.8743],[15.3841,45.8694],[15.3838,45.8643],[15.3984,45.8645],[15.3939,45.8603],[15.3889,45.8603],[15.3822,45.8583],[15.378,45.856],[15.3779,45.8542],[15.3763,45.8535],[15.3751,45.8533],[15.3752,45.8557],[15.3732,45.8556],[15.3663,45.8525],[15.3733,45.848],[15.376,45.8488],[15.3785,45.8426],[15.3809,45.8406],[15.3805,45.839],[15.3823,45.8386],[15.3831,45.8332],[15.3768,45.8315],[15.3775,45.8295],[15.3745,45.825],[15.376,45.8222],[15.3803,45.8199],[15.3801,45.8186],[15.3782,45.8186],[15.3802,45.8162],[15.3799,45.8139],[15.3897,45.8132],[15.391,45.8105],[15.3964,45.8072],[15.4002,45.8065],[15.4015,45.7987],[15.4044,45.7963],[15.4044,45.7927],[15.408,45.7912],[15.4126,45.7951],[15.4182,45.7946],[15.4221,45.7963],[15.4272,45.7948],[15.4338,45.7954],[15.4372,45.7939],[15.4398,45.7954],[15.445,45.7958],[15.4579,45.795],[15.4626,45.7935],[15.47,45.7953],[15.4759,45.7981],[15.471,45.8038],[15.4699,45.8081],[15.4708,45.8113],[15.468,45.8136],[15.4659,45.8184],[15.4712,45.8173],[15.4784,45.8194],[15.4774,45.8231],[15.4789,45.8275],[15.4927,45.832],[15.4961,45.8293],[15.5029,45.8286],[15.5013,45.822],[15.5074,45.8221],[15.5107,45.8208],[15.5143,45.823],[15.5205,45.8211],[15.5223,45.823],[15.5284,45.8239],[15.5325,45.8279],[15.5361,45.8293],[15.5354,45.832],[15.5393,45.8362],[15.5374,45.8438],[15.5386,45.8476],[15.551,45.8455],[15.5523,45.8401],[15.5578,45.8369],[15.5594,45.8343],[15.5622,45.8382],[15.5629,45.8439],[15.5703,45.8492],[15.5716,45.8537],[15.5822,45.8475],[15.5916,45.8467],[15.5939,45.8449],[15.6089,45.8406],[15.6098,45.8391],[15.614,45.8374],[15.6128,45.8351],[15.6166,45.8357],[15.6179,45.8341],[15.6261,45.8316],[15.6291,45.8329],[15.6338,45.8299],[15.633,45.8288],[15.6343,45.825],[15.6374,45.8245],[15.6418,45.8204],[15.6475,45.8251],[15.6507,45.8309],[15.6615,45.8374],[15.6652,45.8413],[15.6737,45.8406],[15.6782,45.8414],[15.6802,45.843],[15.6848,45.8432],[15.69,45.8422],[15.6949,45.8443],[15.6942,45.8477],[15.6963,45.8494],[15.6991,45.8489],[15.7002,45.8463],[15.7036,45.8449],[15.7094,45.8466],[15.7064,45.8504],[15.6943,45.86],[15.685,45.8626],[15.6779,45.8686],[15.6828,45.8705],[15.6802,45.8715],[15.683,45.8737],[15.6801,45.8752],[15.6797,45.8775],[15.6817,45.8763],[15.6817,45.8778],[15.6838,45.877],[15.6846,45.8778],[15.6821,45.8793],[15.6812,45.8826],[15.6837,45.8811],[15.6867,45.8817],[15.686,45.88],[15.6876,45.8809],[15.6892,45.88],[15.6899,45.8808],[15.6885,45.8836],[15.6904,45.8831],[15.692,45.8852],[15.6881,45.8849],[15.6871,45.8876],[15.6862,45.8871],[15.6872,45.8857],[15.686,45.8856],[15.6837,45.8873],[15.6838,45.8887],[15.6803,45.8904],[15.6807,45.8914],[15.6839,45.89],[15.6841,45.8921],[15.6824,45.893],[15.6831,45.8965],[15.6808,45.8963],[15.6822,45.9014],[15.6802,45.9012],[15.6795,45.9045],[15.6912,45.9109],[15.6923,45.9121],[15.6903,45.9134],[15.693,45.913],[15.6944,45.9147],[15.7006,45.9158],[15.7008,45.917],[15.699,45.9174],[15.7,45.9199],[15.703,45.9211],[15.7056,45.9197],[15.7073,45.9218],[15.7065,45.9225],[15.7077,45.9232],[15.706,45.924],[15.7073,45.9256],[15.7033,45.927],[15.7067,45.927],[15.7061,45.9284],[15.7075,45.9292],[15.706,45.9289],[15.705,45.9305],[15.7075,45.9317],[15.709,45.9309],[15.7088,45.9324],[15.7101,45.9329],[15.7075,45.9336],[15.708,45.9354],[15.7096,45.9352],[15.7083,45.9359],[15.7092,45.9367],[15.7078,45.9388],[15.7096,45.9393],[15.7104,45.9381],[15.7119,45.9394],[15.7115,45.941],[15.709,45.9418],[15.7099,45.9423],[15.7084,45.9433],[15.7095,45.9448],[15.7082,45.9471],[15.7094,45.9478],[15.7079,45.9485],[15.7104,45.9497],[15.7093,45.9514],[15.71,45.962],[15.7077,45.9682],[15.7066,45.9758],[15.7042,45.9791],[15.706,45.9802],[15.7044,45.9803],[15.704,45.9823],[15.7054,45.9852],[15.7036,45.9843],[15.7026,45.9856],[15.7043,45.9875],[15.7012,45.9877],[15.7006,45.989],[15.7021,45.9899],[15.7067,45.9892],[15.7067,45.9906],[15.704,45.9907],[15.6996,45.9949],[15.7024,45.9958],[15.7048,45.9938],[15.7062,45.9942],[15.7039,45.9962],[15.6998,45.997],[15.7023,45.9979],[15.7004,45.9994],[15.7021,46.0009],[15.7051,45.9989],[15.7048,46.0005],[15.7065,45.9998],[15.7059,46.0017],[15.708,46.0036],[15.712,46.0039],[15.7133,46.007],[15.7115,46.0093],[15.7155,46.0094],[15.7142,46.0109],[15.7101,46.0119],[15.7123,46.013],[15.7118,46.0145],[15.7091,46.0132],[15.7063,46.0137],[15.7058,46.0148],[15.7079,46.0171],[15.7133,46.0172],[15.7112,46.0177],[15.7114,46.0188],[15.7123,46.0195],[15.7143,46.0185],[15.7159,46.0202],[15.7133,46.0199],[15.7149,46.0214],[15.7126,46.0231],[15.7151,46.0272],[15.7202,46.0277],[15.7187,46.0293],[15.7169,46.0286],[15.7167,46.0319],[15.7181,46.0328],[15.7161,46.0353],[15.7186,46.0379],[15.7195,46.0371],[15.7237,46.0386],[15.7226,46.039],[15.7244,46.0423],[15.7294,46.0412],[15.7304,46.0399],[15.7303,46.0421],[15.7325,46.0445],[15.729,46.0459],[15.7299,46.0471],[15.7272,46.0484],[15.7231,46.0482],[15.7248,46.05],[15.7233,46.0503],[15.7238,46.0522],[15.7155,46.0574],[15.7142,46.0598],[15.71,46.0584],[15.698,46.0621],[15.6905,46.0627],[15.6896,46.0635],[15.6911,46.0635],[15.6907,46.0648],[15.6871,46.0643],[15.688,46.066],[15.6863,46.0675],[15.6907,46.0681],[15.688,46.068],[15.6869,46.0699],[15.6864,46.0676],[15.6831,46.0669],[15.6823,46.0679],[15.6847,46.069],[15.683,46.0702],[15.6816,46.0702],[15.682,46.0686],[15.6814,46.0682],[15.6801,46.069],[15.6815,46.0693],[15.6803,46.0715],[15.6787,46.0716],[15.6789,46.0704],[15.6762,46.0715],[15.6741,46.0705],[15.6701,46.0723],[15.6732,46.0733],[15.6706,46.074],[15.6667,46.0734],[15.6624,46.0703],[15.6584,46.0713],[15.6573,46.0739],[15.6589,46.0804],[15.6563,46.0809],[15.6548,46.0844],[15.6527,46.0825],[15.6486,46.083],[15.6481,46.084],[15.6492,46.0833],[15.6503,46.0845],[15.6486,46.0849],[15.6485,46.0872],[15.6425,46.088],[15.6434,46.0872],[15.6411,46.0842],[15.6357,46.0833],[15.6346,46.0853],[15.6327,46.0835],[15.6302,46.0859],[15.6273,46.086]]]}},{"type":"Feature","properties":{"id":"7","name":"Jugovzhodna Slovenija"},"geometry":{"type":"Polygon","coordinates":[[[14.5649,45.7915],[14.5628,45.7886],[14.5542,45.7889],[14.5509,45.7874],[14.5474,45.7886],[14.546,45.7852],[14.5545,45.7787],[14.5676,45.7788],[14.5698,45.7773],[14.5687,45.7739],[14.5713,45.7667],[14.5707,45.7636],[14.5661,45.7602],[14.5675,45.7581],[14.5659,45.7569],[14.5655,45.7528],[14.569,45.7513],[14.5706,45.7483],[14.5691,45.7475],[14.5704,45.7467],[14.5709,45.7477],[14.5714,45.7443],[14.5767,45.7401],[14.5763,45.7378],[14.579,45.7372],[14.5766,45.7358],[14.5752,45.7373],[14.5683,45.7365],[14.5656,45.7356],[14.5641,45.7335],[14.5573,45.7342],[14.5479,45.7439],[14.5375,45.7395],[14.5422,45.725],[14.5516,45.7113],[14.5549,45.7006],[14.5596,45.6929],[14.561,45.6747],[14.57,45.6729],[14.5751,45.6721],[14.5768,45.6682],[14.578,45.6703],[14.5787,45.6698],[14.5783,45.6672],[14.5799,45.6661],[14.5785,45.6653],[14.5834,45.6647],[14.5861,45.6665],[14.5884,45.666],[14.5923,45.6679],[14.5944,45.6675],[14.597,45.6695],[14.5989,45.6663],[14.6006,45.6662],[14.601,45.6673],[14.6042,45.6662],[14.6048,45.6645],[14.606,45.6642],[14.606,45.6659],[14.6079,45.6642],[14.6059,45.6627],[14.6073,45.6613],[14.6067,45.6595],[14.6081,45.6601],[14.6097,45.6587],[14.6079,45.6576],[14.6049,45.6465],[14.6013,45.6437],[14.6017,45.6341],[14.5957,45.6271],[14.605,45.6219],[14.6083,45.6214],[14.6094,45.6191],[14.613,45.6168],[14.6189,45.6165],[14.623,45.6133],[14.6273,45.6142],[14.6273,45.6111],[14.6301,45.6081],[14.6308,45.6047],[14.6337,45.6029],[14.6379,45.6044],[14.6395,45.604],[14.6395,45.6027],[14.6414,45.6029],[14.6405,45.601],[14.6433,45.6007],[14.6516,45.5916],[14.657,45.5916],[14.6645,45.5895],[14.6673,45.5902],[14.6691,45.5891],[14.6724,45.59],[14.6786,45.589],[14.681,45.5877],[14.6817,45.5857],[14.684,45.5854],[14.6837,45.583],[14.6903,45.5807],[14.6904,45.5784],[14.6928,45.5773],[14.6939,45.5712],[14.6978,45.5686],[14.6974,45.5666],[14.7002,45.5627],[14.6987,45.562],[14.6954,45.5558],[14.6909,45.5557],[14.6889,45.553],[14.6906,45.5511],[14.6909,45.5485],[14.6873,45.5454],[14.6885,45.5432],[14.6874,45.541],[14.6886,45.5396],[14.6851,45.5347],[14.6864,45.5308],[14.6906,45.5266],[14.6931,45.5278],[14.7004,45.5254],[14.7023,45.527],[14.7026,45.5301],[14.7014,45.5325],[14.7033,45.5345],[14.7075,45.5348],[14.711,45.5331],[14.7134,45.5347],[14.7156,45.5333],[14.7206,45.5341],[14.7305,45.5289],[14.7354,45.5298],[14.7387,45.524],[14.7555,45.515],[14.7596,45.5104],[14.7691,45.5122],[14.7666,45.5086],[14.7681,45.506],[14.7726,45.5076],[14.7864,45.5067],[14.7891,45.5036],[14.7868,45.5011],[14.7896,45.5001],[14.7956,45.5033],[14.7999,45.4994],[14.8005,45.4974],[14.8036,45.4959],[14.8026,45.494],[14.799,45.492],[14.8005,45.4894],[14.8054,45.4864],[14.8062,45.4812],[14.8051,45.4789],[14.816,45.4717],[14.8159,45.4656],[14.8178,45.4594],[14.8471,45.4627],[14.861,45.4667],[14.8688,45.466],[14.8713,45.4672],[14.8752,45.4723],[14.8812,45.4725],[14.8919,45.4763],[14.9024,45.4754],[14.9075,45.4771],[14.9117,45.4816],[14.9105,45.4883],[14.9158,45.494],[14.915,45.4961],[14.912,45.4981],[14.9116,45.501],[14.9166,45.5041],[14.9131,45.5107],[14.9134,45.5183],[14.9194,45.5226],[14.9213,45.5277],[14.9315,45.5293],[14.9441,45.5234],[14.9622,45.5113],[14.9685,45.5096],[14.9771,45.5009],[14.9869,45.4967],[14.9991,45.4962],[15.0122,45.4975],[15.0145,45.4963],[15.0165,45.4931],[15.0227,45.4909],[15.0248,45.4867],[15.0278,45.4855],[15.0428,45.4879],[15.0455,45.4895],[15.0481,45.4935],[15.0537,45.4944],[15.0571,45.4929],[15.0599,45.4882],[15.071,45.4877],[15.0779,45.4823],[15.0862,45.4828],[15.0866,45.4814],[15.084,45.4766],[15.0843,45.4693],[15.0855,45.4674],[15.0936,45.4638],[15.1045,45.4622],[15.1238,45.4469],[15.1386,45.4443],[15.1414,45.4393],[15.1452,45.4363],[15.1468,45.4313],[15.1562,45.4253],[15.1667,45.4222],[15.1726,45.4232],[15.1784,45.4216],[15.1889,45.428],[15.1899,45.4295],[15.1886,45.4336],[15.194,45.4367],[15.2031,45.4261],[15.2218,45.4254],[15.2268,45.4274],[15.2282,45.4298],[15.2286,45.4366],[15.2431,45.4527],[15.2661,45.4619],[15.2709,45.4653],[15.2772,45.4659],[15.2974,45.4592],[15.3191,45.4561],[15.3289,45.4526],[15.3372,45.4567],[15.3458,45.4564],[15.349,45.4638],[15.3554,45.4694],[15.3563,45.4731],[15.3599,45.4771],[15.3769,45.4846],[15.3855,45.4866],[15.3851,45.4892],[15.3733,45.4937],[15.3706,45.4977],[15.3655,45.495],[15.3622,45.495],[15.3526,45.502],[15.3317,45.5108],[15.3279,45.5139],[15.3252,45.5204],[15.315,45.5229],[15.3133,45.5257],[15.314,45.5318],[15.3061,45.5322],[15.3021,45.5356],[15.3009,45.5377],[15.3014,45.5425],[15.2991,45.547],[15.2997,45.5567],[15.2982,45.5647],[15.3001,45.5767],[15.2989,45.5837],[15.2931,45.5898],[15.2848,45.5948],[15.2771,45.6045],[15.2815,45.6079],[15.2925,45.6124],[15.3051,45.6126],[15.3081,45.6142],[15.306,45.6191],[15.3016,45.6235],[15.3026,45.6268],[15.3017,45.6294],[15.3054,45.6321],[15.3292,45.6351],[15.3404,45.6332],[15.3475,45.635],[15.3518,45.6376],[15.3522,45.6388],[15.3505,45.6408],[15.3426,45.642],[15.3418,45.6439],[15.3433,45.6459],[15.3523,45.6467],[15.3648,45.6441],[15.3711,45.646],[15.3723,45.645],[15.3724,45.6422],[15.3827,45.6407],[15.3853,45.6384],[15.39,45.6375],[15.3984,45.6413],[15.4023,45.6463],[15.4064,45.6479],[15.4062,45.65],[15.3992,45.6508],[15.3953,45.6536],[15.3946,45.6611],[15.3913,45.6627],[15.3917,45.6672],[15.3895,45.6673],[15.3867,45.6705],[15.3845,45.671],[15.3835,45.6748],[15.377,45.6767],[15.3753,45.6808],[15.3687,45.6855],[15.3699,45.6905],[15.372,45.6915],[15.3692,45.6934],[15.3678,45.6912],[15.3688,45.6902],[15.3633,45.6837],[15.3629,45.6781],[15.3599,45.6757],[15.3599,45.6775],[15.3574,45.6769],[15.3584,45.6753],[15.3539,45.6765],[15.3554,45.6734],[15.3513,45.6711],[15.3513,45.6692],[15.3481,45.6711],[15.3496,45.6759],[15.348,45.6779],[15.3501,45.6787],[15.3496,45.6806],[15.3515,45.6828],[15.3501,45.6833],[15.3554,45.6857],[15.3553,45.6865],[15.3602,45.6849],[15.3611,45.6893],[15.3645,45.693],[15.3638,45.6945],[15.3648,45.697],[15.3638,45.6986],[15.3624,45.6993],[15.3593,45.6974],[15.3573,45.6989],[15.3587,45.7015],[15.3574,45.7026],[15.3599,45.7088],[15.3571,45.714],[15.3502,45.7145],[15.345,45.7124],[15.3433,45.7146],[15.3398,45.7146],[15.3362,45.7103],[15.3373,45.709],[15.335,45.7084],[15.3354,45.7052],[15.3326,45.7019],[15.3187,45.6952],[15.3202,45.6867],[15.3238,45.6832],[15.3266,45.6757],[15.3228,45.6739],[15.3182,45.6745],[15.3175,45.6783],[15.311,45.6841],[15.3108,45.6862],[15.3084,45.6858],[15.3082,45.6874],[15.3056,45.6888],[15.3088,45.6901],[15.309,45.6942],[15.3109,45.6976],[15.3086,45.6987],[15.3076,45.6971],[15.3058,45.6972],[15.3046,45.6978],[15.3049,45.6989],[15.3023,45.699],[15.3015,45.6974],[15.2991,45.6972],[15.3004,45.6935],[15.2986,45.6942],[15.2997,45.6926],[15.2977,45.6937],[15.3004,45.6918],[15.2976,45.6903],[15.2973,45.6934],[15.2964,45.6898],[15.2997,45.6888],[15.3005,45.687],[15.3027,45.688],[15.2998,45.686],[15.2928,45.6914],[15.2881,45.6925],[15.2871,45.6981],[15.2892,45.7007],[15.2878,45.7057],[15.2833,45.7103],[15.281,45.7108],[15.2741,45.7063],[15.2695,45.7072],[15.2678,45.7119],[15.2685,45.7129],[15.2668,45.7143],[15.2674,45.7169],[15.2635,45.7179],[15.262,45.7195],[15.2567,45.7188],[15.2592,45.7239],[15.2575,45.7245],[15.2755,45.737],[15.2748,45.7401],[15.2785,45.7394],[15.2785,45.742],[15.2801,45.7433],[15.283,45.7432],[15.2857,45.7452],[15.2901,45.7455],[15.2949,45.7477],[15.2959,45.7496],[15.2953,45.7509],[15.3,45.7543],[15.3073,45.7548],[15.3164,45.7597],[15.3238,45.7602],[15.3319,45.763],[15.3517,45.7729],[15.3597,45.7737],[15.3616,45.7768],[15.3699,45.7766],[15.3745,45.7808],[15.382,45.7792],[15.3921,45.7883],[15.3954,45.7891],[15.3993,45.792],[15.4044,45.7927],[15.4044,45.7963],[15.4015,45.7987],[15.4002,45.8065],[15.3964,45.8072],[15.391,45.8105],[15.3897,45.8132],[15.3799,45.8139],[15.3802,45.8162],[15.3782,45.8186],[15.3801,45.8186],[15.3803,45.8199],[15.376,45.8222],[15.3745,45.825],[15.3775,45.8295],[15.3768,45.8315],[15.3831,45.8332],[15.3823,45.8386],[15.3805,45.839],[15.3809,45.8406],[15.3785,45.8426],[15.376,45.8488],[15.3733,45.848],[15.3663,45.8525],[15.3732,45.8556],[15.3752,45.8557],[15.3751,45.8533],[15.3763,45.8535],[15.3779,45.8542],[15.378,45.856],[15.3822,45.8583],[15.3889,45.8603],[15.3939,45.8603],[15.3984,45.8645],[15.3838,45.8643],[15.3841,45.8694],[15.3825,45.8743],[15.3787,45.8736],[15.3771,45.875],[15.3786,45.876],[15.3769,45.877],[15.3782,45.8779],[15.3773,45.8785],[15.3788,45.8796],[15.3798,45.8841],[15.3754,45.8853],[15.3753,45.8863],[15.3681,45.8872],[15.3689,45.8896],[15.3534,45.8894],[15.3498,45.888],[15.3485,45.8888],[15.3488,45.887],[15.3466,45.8884],[15.3381,45.8887],[15.3342,45.892],[15.3349,45.8931],[15.3398,45.8941],[15.3385,45.8953],[15.3446,45.9006],[15.3448,45.9059],[15.3431,45.9146],[15.344,45.9165],[15.3424,45.9185],[15.3433,45.919],[15.3418,45.9235],[15.3431,45.9251],[15.3416,45.928],[15.35,45.9346],[15.3513,45.9376],[15.3398,45.9438],[15.3332,45.9455],[15.3321,45.9497],[15.3303,45.9502],[15.3323,45.9521],[15.332,45.9598],[15.3301,45.9597],[15.3268,45.9572],[15.3261,45.9581],[15.3215,45.9569],[15.3151,45.9591],[15.3141,45.9581],[15.3077,45.9603],[15.303,45.9602],[15.3038,45.9574],[15.3057,45.956],[15.3043,45.9533],[15.3065,45.9513],[15.3051,45.9485],[15.2942,45.955],[15.2791,45.96],[15.2758,45.9571],[15.2769,45.9545],[15.2727,45.9523],[15.272,45.9493],[15.2806,45.943],[15.2818,45.938],[15.2773,45.9373],[15.2753,45.9356],[15.2679,45.9361],[15.2671,45.9423],[15.2545,45.9514],[15.2456,45.9479],[15.2455,45.9463],[15.2487,45.9455],[15.2474,45.9444],[15.2481,45.9412],[15.2424,45.9409],[15.2383,45.9388],[15.2351,45.9327],[15.2314,45.9374],[15.2224,45.935],[15.2243,45.9336],[15.2253,45.9286],[15.2168,45.9288],[15.2136,45.9303],[15.2137,45.932],[15.2116,45.9329],[15.2107,45.9319],[15.2084,45.9336],[15.2017,45.9325],[15.1982,45.9364],[15.1947,45.9361],[15.192,45.9383],[15.192,45.9401],[15.1858,45.9407],[15.1833,45.9457],[15.1772,45.9497],[15.1715,45.9515],[15.1719,45.9524],[15.1698,45.9526],[15.1649,45.9564],[15.1621,45.9558],[15.1617,45.9624],[15.1605,45.9641],[15.1617,45.9658],[15.1577,45.9658],[15.1542,45.9692],[15.1519,45.9693],[15.1517,45.974],[15.1483,45.9782],[15.1488,45.9815],[15.15,45.9834],[15.1544,45.9855],[15.1599,45.9852],[15.1615,45.988],[15.1599,45.9904],[15.164,45.9918],[15.163,45.9967],[15.16,45.9973],[15.1659,45.9986],[15.1605,45.9983],[15.1526,45.9958],[15.1501,45.9977],[15.1505,45.994],[15.1489,45.9925],[15.1353,45.9908],[15.1342,45.9864],[15.1309,45.9827],[15.1298,45.986],[15.1313,45.9895],[15.1276,45.9948],[15.1283,45.9998],[15.1244,46.0022],[15.1145,46.0038],[15.1074,46.0078],[15.1034,46.0078],[15.1061,46.009],[15.1052,46.0138],[15.0993,46.019],[15.0954,46.0193],[15.0912,46.0216],[15.0894,46.0205],[15.0865,46.0222],[15.0827,46.0219],[15.0807,46.02],[15.0825,46.0125],[15.0727,46.0139],[15.0724,46.0149],[15.0714,46.0137],[15.0721,46.0161],[15.0703,46.0164],[15.062,46.0154],[15.0573,46.0136],[15.0573,46.0075],[15.0547,46.0044],[15.0261,46.0047],[15.0226,46.0019],[15.0217,45.9985],[15.026,45.9979],[15.0303,45.9924],[15.0303,45.9903],[15.0316,45.9893],[15.0306,45.9883],[15.0327,45.9879],[15.0341,45.9858],[15.0307,45.9843],[15.0306,45.9796],[15.0316,45.9788],[15.0296,45.9795],[15.0255,45.9779],[15.0248,45.9793],[15.023,45.9787],[15.0239,45.9774],[15.0225,45.9762],[15.0144,45.9733],[15.0147,45.9715],[15.0186,45.9677],[15.0132,45.964],[15.0101,45.9638],[15.0043,45.9658],[15.0023,45.9651],[15.0039,45.9641],[15.0034,45.9631],[14.9982,45.9631],[14.9889,45.9676],[14.9863,45.97],[14.979,45.9689],[14.9694,45.9694],[14.9649,45.9754],[14.9486,45.9786],[14.9388,45.9743],[14.9402,45.9737],[14.9386,45.9706],[14.9407,45.9673],[14.9392,45.9642],[14.9375,45.9632],[14.9346,45.9652],[14.9325,45.964],[14.9263,45.9638],[14.9217,45.9618],[14.9175,45.9581],[14.918,45.9559],[14.9109,45.9534],[14.9107,45.9507],[14.9094,45.9506],[14.9103,45.9469],[14.9088,45.9458],[14.9069,45.9453],[14.9055,45.9473],[14.9039,45.9449],[14.9008,45.9452],[14.9035,45.947],[14.8987,45.9482],[14.8915,45.9453],[14.8835,45.9461],[14.8826,45.9394],[14.8863,45.9364],[14.8834,45.9345],[14.8846,45.9321],[14.8782,45.929],[14.8771,45.9266],[14.8804,45.9238],[14.8777,45.9173],[14.8828,45.9081],[14.8822,45.9046],[14.8798,45.9049],[14.8768,45.9033],[14.8754,45.8969],[14.8694,45.8943],[14.8661,45.8885],[14.8604,45.8858],[14.8675,45.8815],[14.8701,45.8784],[14.8728,45.8775],[14.871,45.8736],[14.8758,45.8717],[14.8765,45.8679],[14.8822,45.8659],[14.8826,45.8607],[14.8789,45.861],[14.8775,45.8598],[14.8813,45.8591],[14.8797,45.8584],[14.8805,45.8559],[14.8801,45.855],[14.8671,45.8566],[14.8611,45.8556],[14.8563,45.8573],[14.85,45.8562],[14.8483,45.8577],[14.8433,45.8554],[14.8443,45.8527],[14.8435,45.8504],[14.8461,45.8449],[14.8533,45.8445],[14.8487,45.8395],[14.8502,45.8396],[14.8507,45.8359],[14.8538,45.8337],[14.8584,45.8347],[14.8587,45.8176],[14.8565,45.8075],[14.8588,45.8034],[14.8583,45.8017],[14.852,45.7958],[14.8349,45.7956],[14.8265,45.7996],[14.8186,45.8012],[14.8133,45.798],[14.8119,45.7997],[14.8049,45.7988],[14.8047,45.7975],[14.8027,45.7966],[14.8065,45.7926],[14.8044,45.7928],[14.8026,45.7894],[14.7995,45.7883],[14.7994,45.7868],[14.8015,45.7868],[14.7992,45.7845],[14.8001,45.7807],[14.8022,45.7786],[14.7995,45.7768],[14.8014,45.7764],[14.809,45.7609],[14.8254,45.7571],[14.8302,45.7546],[14.8325,45.7518],[14.831,45.7482],[14.8369,45.7471],[14.8421,45.7424],[14.8379,45.741],[14.8387,45.7403],[14.8351,45.7382],[14.8238,45.7266],[14.7665,45.7598],[14.7651,45.7631],[14.7476,45.7756],[14.7425,45.7848],[14.7329,45.7886],[14.7071,45.803],[14.7077,45.8046],[14.7061,45.8046],[14.7049,45.8095],[14.697,45.8128],[14.6978,45.814],[14.6914,45.8192],[14.6771,45.8208],[14.6758,45.817],[14.6691,45.8131],[14.6662,45.8079],[14.6612,45.8092],[14.6598,45.8057],[14.6557,45.806],[14.6557,45.805],[14.6485,45.8016],[14.6456,45.8023],[14.6402,45.8013],[14.639,45.8031],[14.6366,45.8037],[14.6333,45.8024],[14.6338,45.8007],[14.631,45.7992],[14.6315,45.801],[14.6283,45.8005],[14.6262,45.8023],[14.6223,45.8015],[14.6163,45.8037],[14.6025,45.7996],[14.5956,45.8014],[14.5946,45.8009],[14.5956,45.7973],[14.5948,45.7937],[14.5683,45.7957],[14.5649,45.7915]],[[15.3021,45.6949],[15.3031,45.6955],[15.3031,45.6937],[15.304,45.6965],[15.3055,45.6933],[15.3005,45.6923],[15.3021,45.6949]],[[15.3039,45.6895],[15.3015,45.6897],[15.3065,45.6912],[15.3058,45.6907],[15.3039,45.6895]]]}},{"type":"Feature","properties":{"id":"8","name":"Osrednjeslovenska"},"geometry":{"type":"Polygon","coordinates":[[[14.1294,45.8694],[14.1331,45.8733],[14.1386,45.8725],[14.1475,45.8766],[14.1497,45.8769],[14.1573,45.8723],[14.1615,45.8723],[14.1745,45.8742],[14.1909,45.8791],[14.193,45.8748],[14.1979,45.8754],[14.2007,45.8742],[14.2038,45.8706],[14.2092,45.8679],[14.2128,45.8696],[14.2157,45.8695],[14.22,45.8673],[14.2252,45.8627],[14.2209,45.8605],[14.2226,45.8583],[14.2277,45.8597],[14.2314,45.8584],[14.2344,45.86],[14.2363,45.8587],[14.2379,45.8598],[14.2402,45.8589],[14.2442,45.86],[14.2453,45.8575],[14.2408,45.8571],[14.2398,45.8558],[14.2446,45.8546],[14.2441,45.8529],[14.2455,45.8514],[14.2492,45.8531],[14.25,45.8519],[14.2491,45.8509],[14.2511,45.8491],[14.2568,45.8548],[14.2616,45.8565],[14.2634,45.8556],[14.2592,45.8536],[14.2593,45.8518],[14.264,45.8531],[14.2681,45.8514],[14.2706,45.8533],[14.2721,45.853],[14.2773,45.8497],[14.2786,45.847],[14.2801,45.8478],[14.2814,45.8524],[14.302,45.8825],[14.3005,45.8869],[14.3053,45.8887],[14.3115,45.8932],[14.3156,45.8927],[14.318,45.8942],[14.3252,45.8928],[14.3415,45.8792],[14.3489,45.8823],[14.3486,45.8841],[14.3507,45.8844],[14.355,45.88],[14.3561,45.8769],[14.3564,45.8725],[14.3545,45.8714],[14.3608,45.8695],[14.3628,45.8709],[14.3635,45.87],[14.3658,45.8706],[14.3711,45.8774],[14.3727,45.8773],[14.378,45.8743],[14.3795,45.8705],[14.3829,45.8695],[14.3858,45.8659],[14.3909,45.8657],[14.3923,45.8623],[14.3917,45.8593],[14.3995,45.8573],[14.4089,45.8727],[14.4191,45.8716],[14.4218,45.8676],[14.4311,45.8596],[14.436,45.8593],[14.4455,45.862],[14.4479,45.8649],[14.4475,45.866],[14.4508,45.8671],[14.4579,45.8727],[14.4599,45.8715],[14.4631,45.8722],[14.4672,45.8688],[14.4686,45.8716],[14.4735,45.8716],[14.4789,45.8749],[14.481,45.8781],[14.4863,45.8789],[14.4877,45.8813],[14.4907,45.8822],[14.4928,45.8787],[14.4957,45.8784],[14.4972,45.8762],[14.501,45.8753],[14.4984,45.8734],[14.4985,45.871],[14.5029,45.8699],[14.5029,45.8636],[14.5012,45.8629],[14.5017,45.8605],[14.4995,45.8592],[14.4969,45.8598],[14.4956,45.8579],[14.4985,45.8549],[14.4969,45.854],[14.4976,45.851],[14.502,45.85],[14.5051,45.8457],[14.5082,45.8448],[14.5085,45.8429],[14.5069,45.8417],[14.5051,45.842],[14.5055,45.8397],[14.5108,45.8376],[14.5109,45.8361],[14.5126,45.8359],[14.5162,45.831],[14.5239,45.8276],[14.5249,45.8237],[14.5286,45.8217],[14.5302,45.8189],[14.5288,45.8174],[14.5303,45.8144],[14.532,45.8136],[14.5353,45.8152],[14.5466,45.8138],[14.5497,45.8108],[14.5482,45.8081],[14.5511,45.7999],[14.5561,45.7971],[14.5605,45.7966],[14.5636,45.7946],[14.5649,45.7915],[14.5683,45.7957],[14.5948,45.7937],[14.5956,45.7973],[14.5946,45.8009],[14.5956,45.8014],[14.6025,45.7996],[14.6163,45.8037],[14.6223,45.8015],[14.6262,45.8023],[14.6283,45.8005],[14.6315,45.801],[14.631,45.7992],[14.6338,45.8007],[14.6333,45.8024],[14.6366,45.8037],[14.639,45.8031],[14.6402,45.8013],[14.6456,45.8023],[14.6485,45.8016],[14.6557,45.805],[14.6557,45.806],[14.6598,45.8057],[14.6612,45.8092],[14.6662,45.8079],[14.6691,45.8131],[14.6758,45.817],[14.6771,45.8208],[14.6914,45.8192],[14.6978,45.814],[14.697,45.8128],[14.7049,45.8095],[14.7061,45.8046],[14.7077,45.8046],[14.7071,45.803],[14.7329,45.7886],[14.7425,45.7848],[14.7476,45.7756],[14.7651,45.7631],[14.7665,45.7598],[14.8238,45.7266],[14.8351,45.7382],[14.8387,45.7403],[14.8379,45.741],[14.8421,45.7424],[14.8369,45.7471],[14.831,45.7482],[14.8325,45.7518],[14.8302,45.7546],[14.8254,45.7571],[14.809,45.7609],[14.8014,45.7764],[14.7995,45.7768],[14.8022,45.7786],[14.8001,45.7807],[14.7992,45.7845],[14.8015,45.7868],[14.7994,45.7868],[14.7995,45.7883],[14.8026,45.7894],[14.8044,45.7928],[14.8065,45.7926],[14.8027,45.7966],[14.8047,45.7975],[14.8049,45.7988],[14.8119,45.7997],[14.8133,45.798],[14.8186,45.8012],[14.8265,45.7996],[14.8349,45.7956],[14.852,45.7958],[14.8583,45.8017],[14.8588,45.8034],[14.8565,45.8075],[14.8587,45.8176],[14.8584,45.8347],[14.8538,45.8337],[14.8507,45.8359],[14.8502,45.8396],[14.8487,45.8395],[14.8533,45.8445],[14.8461,45.8449],[14.8435,45.8504],[14.8443,45.8527],[14.8433,45.8554],[14.8483,45.8577],[14.85,45.8562],[14.8563,45.8573],[14.8611,45.8556],[14.8671,45.8566],[14.8801,45.855],[14.8805,45.8559],[14.8797,45.8584],[14.8813,45.8591],[14.8775,45.8598],[14.8789,45.861],[14.8826,45.8607],[14.8822,45.8659],[14.8765,45.8679],[14.8758,45.8717],[14.871,45.8736],[14.8728,45.8775],[14.8701,45.8784],[14.8675,45.8815],[14.8604,45.8858],[14.8661,45.8885],[14.8694,45.8943],[14.8754,45.8969],[14.8768,45.9033],[14.8798,45.9049],[14.8822,45.9046],[14.8828,45.9081],[14.8777,45.9173],[14.8804,45.9238],[14.8771,45.9266],[14.8782,45.929],[14.8846,45.9321],[14.8834,45.9345],[14.8863,45.9364],[14.8826,45.9394],[14.8835,45.9461],[14.8915,45.9453],[14.8987,45.9482],[14.9035,45.947],[14.9008,45.9452],[14.9039,45.9449],[14.9055,45.9473],[14.9069,45.9453],[14.9088,45.9458],[14.9103,45.9469],[14.9094,45.9506],[14.9107,45.9507],[14.9109,45.9534],[14.918,45.9559],[14.9175,45.9581],[14.9217,45.9618],[14.9263,45.9638],[14.9325,45.964],[14.9346,45.9652],[14.9375,45.9632],[14.9392,45.9642],[14.9407,45.9673],[14.9386,45.9706],[14.9402,45.9737],[14.9388,45.9743],[14.9486,45.9786],[14.9477,45.9802],[14.9492,45.9838],[14.9449,45.9855],[14.9327,45.9844],[14.9254,45.9851],[14.9237,45.9941],[14.9263,45.9944],[14.9294,45.9966],[14.9289,46.0032],[14.9258,46.0064],[14.9216,46.0062],[14.9214,46.0071],[14.9236,46.0123],[14.9261,46.0146],[14.9273,46.0206],[14.9243,46.0258],[14.9231,46.0333],[14.919,46.0342],[14.9255,46.0431],[14.9204,46.0456],[14.9146,46.0463],[14.9105,46.0491],[14.9111,46.0504],[14.9084,46.0516],[14.9086,46.0527],[14.9042,46.0547],[14.9028,46.0568],[14.8959,46.0553],[14.8967,46.0597],[14.8935,46.063],[14.8866,46.0622],[14.8649,46.0711],[14.8653,46.0687],[14.8728,46.061],[14.8691,46.0562],[14.8639,46.0566],[14.8557,46.0528],[14.8413,46.0536],[14.8414,46.0524],[14.8325,46.0491],[14.8324,46.0478],[14.8311,46.0488],[14.8267,46.0477],[14.8191,46.0535],[14.814,46.0526],[14.8121,46.0531],[14.8129,46.0541],[14.8118,46.0548],[14.8092,46.0549],[14.8071,46.0524],[14.8054,46.0533],[14.8043,46.0519],[14.8047,46.0497],[14.8072,46.0499],[14.8086,46.0481],[14.798,46.0477],[14.7987,46.0458],[14.7961,46.044],[14.7943,46.0452],[14.7899,46.0452],[14.7878,46.0478],[14.7875,46.0506],[14.7858,46.0494],[14.7818,46.0516],[14.7748,46.051],[14.7667,46.0541],[14.7641,46.0567],[14.768,46.0574],[14.7632,46.0598],[14.7639,46.0609],[14.7602,46.0606],[14.758,46.0638],[14.7518,46.0671],[14.7403,46.068],[14.7293,46.0656],[14.7238,46.0656],[14.7188,46.0682],[14.7229,46.0696],[14.7231,46.0724],[14.7173,46.0758],[14.7117,46.0766],[14.7162,46.0849],[14.7206,46.0838],[14.7482,46.0891],[14.7536,46.0933],[14.7518,46.0978],[14.7604,46.0999],[14.7589,46.1016],[14.7634,46.1026],[14.7596,46.1047],[14.7641,46.1058],[14.7637,46.1069],[14.7647,46.1073],[14.767,46.1044],[14.7683,46.1046],[14.7671,46.1072],[14.7682,46.1076],[14.771,46.1063],[14.771,46.1044],[14.774,46.1059],[14.7723,46.1082],[14.7771,46.1067],[14.7774,46.108],[14.7755,46.1091],[14.7766,46.1096],[14.7815,46.108],[14.7835,46.1092],[14.7832,46.1078],[14.7888,46.1093],[14.7891,46.1079],[14.793,46.1064],[14.7941,46.1074],[14.7935,46.1105],[14.7908,46.1125],[14.7939,46.1136],[14.7951,46.1156],[14.804,46.1132],[14.8022,46.1189],[14.7973,46.1228],[14.8026,46.1254],[14.8068,46.1257],[14.8084,46.1277],[14.8138,46.1287],[14.8185,46.1267],[14.8216,46.1298],[14.8266,46.1321],[14.8265,46.1335],[14.8289,46.1351],[14.8337,46.1363],[14.8357,46.1349],[14.8381,46.1358],[14.8374,46.1371],[14.8389,46.1398],[14.8326,46.1398],[14.8294,46.1414],[14.8396,46.1408],[14.843,46.1464],[14.8416,46.1476],[14.8395,46.1467],[14.8382,46.1487],[14.8351,46.149],[14.8346,46.1511],[14.8305,46.1542],[14.8318,46.1564],[14.8258,46.1594],[14.828,46.1625],[14.8263,46.1648],[14.8214,46.1662],[14.8168,46.1659],[14.8124,46.169],[14.8118,46.1706],[14.8445,46.1695],[14.8589,46.1718],[14.8613,46.175],[14.8661,46.1755],[14.871,46.1778],[14.8767,46.1767],[14.8781,46.1776],[14.8901,46.1739],[14.8913,46.1767],[14.8884,46.1799],[14.8902,46.1814],[14.8963,46.1819],[14.8958,46.1827],[14.8974,46.1844],[14.9029,46.188],[14.9006,46.1921],[14.9028,46.1963],[14.901,46.1962],[14.9022,46.1975],[14.9011,46.2017],[14.8971,46.2071],[14.8998,46.2075],[14.9041,46.206],[14.9087,46.2078],[14.9104,46.2087],[14.9083,46.2129],[14.9174,46.2151],[14.9195,46.213],[14.9213,46.2138],[14.9198,46.2154],[14.9282,46.2169],[14.9117,46.2195],[14.9128,46.2214],[14.9071,46.2276],[14.9077,46.2303],[14.9069,46.231],[14.8993,46.2289],[14.8955,46.2335],[14.8873,46.2336],[14.8852,46.2375],[14.8794,46.2405],[14.8679,46.2424],[14.8605,46.2454],[14.8542,46.2503],[14.8392,46.2507],[14.8259,46.2537],[14.8145,46.2534],[14.8046,46.2554],[14.7761,46.2499],[14.7705,46.2505],[14.7646,46.2536],[14.7602,46.2532],[14.7564,46.2506],[14.745,46.2554],[14.7391,46.2553],[14.7291,46.2578],[14.7046,46.2579],[14.6955,46.267],[14.6996,46.2705],[14.7019,46.2753],[14.7051,46.2781],[14.7054,46.2824],[14.7043,46.2847],[14.6821,46.2815],[14.6737,46.2838],[14.6773,46.2933],[14.6772,46.3002],[14.674,46.31],[14.6698,46.3137],[14.6581,46.3143],[14.6536,46.3186],[14.6483,46.3214],[14.6465,46.3242],[14.6424,46.3257],[14.6376,46.3309],[14.6405,46.3346],[14.6389,46.3364],[14.6378,46.3444],[14.6375,46.3641],[14.6145,46.3575],[14.5968,46.3598],[14.5924,46.3594],[14.5877,46.3549],[14.5652,46.3678],[14.5618,46.3638],[14.5401,46.3628],[14.5357,46.3576],[14.5465,46.3524],[14.55,46.3464],[14.5474,46.3441],[14.5476,46.341],[14.5416,46.3369],[14.54,46.333],[14.5376,46.3321],[14.5385,46.3287],[14.5406,46.3259],[14.5491,46.3223],[14.5506,46.3242],[14.555,46.3192],[14.5533,46.3149],[14.5425,46.3096],[14.5388,46.3065],[14.5366,46.3035],[14.5366,46.2999],[14.5475,46.2908],[14.5486,46.2868],[14.5521,46.2857],[14.5533,46.2839],[14.5535,46.2806],[14.5496,46.2794],[14.549,46.2751],[14.559,46.2738],[14.5654,46.2714],[14.5615,46.2689],[14.5613,46.2675],[14.5635,46.2664],[14.5649,46.2625],[14.5695,46.2612],[14.5741,46.2563],[14.5676,46.2558],[14.5668,46.2546],[14.5679,46.2529],[14.5641,46.2508],[14.5641,46.2486],[14.566,46.2484],[14.5644,46.2474],[14.5681,46.2469],[14.5685,46.2456],[14.5649,46.2457],[14.5648,46.2439],[14.5624,46.2432],[14.56,46.2448],[14.551,46.2416],[14.5478,46.2358],[14.5423,46.2325],[14.5423,46.2296],[14.5407,46.2277],[14.532,46.2219],[14.5326,46.2208],[14.5289,46.2197],[14.5301,46.2183],[14.5263,46.2172],[14.5214,46.2192],[14.5193,46.2163],[14.5169,46.2172],[14.5141,46.2162],[14.5101,46.2118],[14.5082,46.212],[14.5064,46.2048],[14.5005,46.2005],[14.497,46.2029],[14.4865,46.2017],[14.4828,46.2038],[14.4781,46.2023],[14.4721,46.2038],[14.4697,46.2058],[14.468,46.2044],[14.4604,46.2039],[14.4595,46.2021],[14.4631,46.1994],[14.4692,46.1981],[14.4693,46.1966],[14.4599,46.1942],[14.4585,46.1918],[14.4327,46.1883],[14.4331,46.1905],[14.4233,46.1919],[14.4155,46.1888],[14.4149,46.1897],[14.4094,46.1888],[14.4094,46.1899],[14.4054,46.1901],[14.4082,46.1877],[14.4085,46.1814],[14.4132,46.1766],[14.4143,46.1731],[14.4226,46.1676],[14.4133,46.1636],[14.4046,46.1625],[14.3956,46.1578],[14.3906,46.1591],[14.3816,46.1582],[14.3834,46.1508],[14.3783,46.145],[14.3739,46.1461],[14.3745,46.1508],[14.3712,46.1519],[14.3661,46.1508],[14.3639,46.1526],[14.363,46.1483],[14.3646,46.1473],[14.3635,46.1452],[14.3618,46.1458],[14.3596,46.1441],[14.3557,46.1467],[14.3546,46.1447],[14.3516,46.1437],[14.3495,46.1379],[14.3472,46.1358],[14.3463,46.1368],[14.3452,46.1353],[14.3378,46.1345],[14.3324,46.1308],[14.3283,46.1298],[14.329,46.124],[14.3267,46.1234],[14.3269,46.1177],[14.3325,46.1133],[14.3361,46.1124],[14.3338,46.1097],[14.3365,46.105],[14.3323,46.102],[14.3315,46.0975],[14.3251,46.0961],[14.3177,46.0975],[14.3115,46.1021],[14.3088,46.1027],[14.298,46.1013],[14.2913,46.1032],[14.2864,46.1026],[14.2782,46.1051],[14.276,46.1071],[14.2734,46.1061],[14.2629,46.1081],[14.2529,46.1053],[14.2528,46.103],[14.25,46.102],[14.25,46.0987],[14.2479,46.0971],[14.244,46.098],[14.2293,46.0978],[14.2251,46.0964],[14.2235,46.0916],[14.2146,46.0885],[14.2103,46.0834],[14.2073,46.0768],[14.2079,46.0737],[14.2091,46.0729],[14.2071,46.0681],[14.2111,46.0621],[14.209,46.0569],[14.2011,46.0532],[14.2022,46.0521],[14.1994,46.0432],[14.1901,46.039],[14.1897,46.0374],[14.1861,46.037],[14.1866,46.033],[14.1854,46.0317],[14.1759,46.029],[14.1732,46.0262],[14.1754,46.0245],[14.1754,46.0221],[14.1735,46.0203],[14.1676,46.0189],[14.1575,46.0212],[14.1564,46.0178],[14.1574,46.0164],[14.1505,46.0166],[14.1484,46.0142],[14.1478,46.0121],[14.1497,46.0079],[14.1441,46.0084],[14.142,46.0076],[14.1402,46.0046],[14.1431,46.0032],[14.1453,46.004],[14.1461,46.0028],[14.1428,46.0022],[14.142,46.0013],[14.1434,46.0],[14.1401,45.9994],[14.1393,45.9976],[14.1409,45.9973],[14.1393,45.996],[14.1449,45.9942],[14.1447,45.9934],[14.1415,45.9925],[14.1376,45.9938],[14.1345,45.9924],[14.134,45.9908],[14.1353,45.9887],[14.1308,45.9842],[14.1306,45.9807],[14.1243,45.9787],[14.1111,45.9802],[14.1132,45.976],[14.1118,45.9761],[14.1073,45.9725],[14.1083,45.9679],[14.1074,45.9668],[14.1097,45.9654],[14.1155,45.968],[14.119,45.9676],[14.1172,45.9624],[14.1197,45.9589],[14.1202,45.9517],[14.1119,45.9478],[14.1104,45.938],[14.1113,45.9361],[14.1051,45.935],[14.1025,45.9336],[14.103,45.932],[14.1005,45.9323],[14.0979,45.9304],[14.1023,45.9213],[14.1011,45.9101],[14.1041,45.907],[14.1119,45.9046],[14.1209,45.8962],[14.1241,45.8785],[14.1294,45.8694]]]}},{"type":"Feature","properties":{"id":"9","name":"Gorenjska"},"geometry":{"type":"Polygon","coordinates":[[[14.1402,46.0046],[14.142,46.0076],[14.1441,46.0084],[14.1497,46.0079],[14.1478,46.0121],[14.1484,46.0142],[14.1505,46.0166],[14.1574,46.0164],[14.1564,46.0178],[14.1575,46.0212],[14.1676,46.0189],[14.1735,46.0203],[14.1754,46.0221],[14.1754,46.0245],[14.1732,46.0262],[14.1759,46.029],[14.1854,46.0317],[14.1866,46.033],[14.1861,46.037],[14.1897,46.0374],[14.1901,46.039],[14.1994,46.0432],[14.2022,46.0521],[14.2011,46.0532],[14.209,46.0569],[14.2111,46.0621],[14.2071,46.0681],[14.2091,46.0729],[14.2079,46.0737],[14.2073,46.0768],[14.2103,46.0834],[14.2146,46.0885],[14.2235,46.0916],[14.2251,46.0964],[14.2293,46.0978],[14.244,46.098],[14.2479,46.0971],[14.25,46.0987],[14.25,46.102],[14.2528,46.103],[14.2529,46.1053],[14.2629,46.1081],[14.2734,46.1061],[14.276,46.1071],[14.2782,46.1051],[14.2864,46.1026],[14.2913,46.1032],[14.298,46.1013],[14.3088,46.1027],[14.3115,46.1021],[14.3177,46.0975],[14.3251,46.0961],[14.3315,46.0975],[14.3323,46.102],[14.3365,46.105],[14.3338,46.1097],[14.3361,46.1124],[14.3325,46.1133],[14.3269,46.1177],[14.3267,46.1234],[14.329,46.124],[14.3283,46.1298],[14.3324,46.1308],[14.3378,46.1345],[14.3452,46.1353],[14.3463,46.1368],[14.3472,46.1358],[14.3495,46.1379],[14.3516,46.1437],[14.3546,46.1447],[14.3557,46.1467],[14.3596,46.1441],[14.3618,46.1458],[14.3635,46.1452],[14.3646,46.1473],[14.363,46.1483],[14.3639,46.1526],[14.3661,46.1508],[14.3712,46.1519],[14.3745,46.1508],[14.3739,46.1461],[14.3783,46.145],[14.3834,46.1508],[14.3816,46.1582],[14.3906,46.1591],[14.3956,46.1578],[14.4046,46.1625],[14.4133,46.1636],[14.4226,46.1676],[14.4143,46.1731],[14.4132,46.1766],[14.4085,46.1814],[14.4082,46.1877],[14.4054,46.1901],[14.4094,46.1899],[14.4094,46.1888],[14.4149,46.1897],[14.4155,46.1888],[14.4233,46.1919],[14.4331,46.1905],[14.4327,46.1883],[14.4585,46.1918],[14.4599,46.1942],[14.4693,46.1966],[14.4692,46.1981],[14.4631,46.1994],[14.4595,46.2021],[14.4604,46.2039],[14.468,46.2044],[14.4697,46.2058],[14.4721,46.2038],[14.4781,46.2023],[14.4828,46.2038],[14.4865,46.2017],[14.497,46.2029],[14.5005,46.2005],[14.5064,46.2048],[14.5082,46.212],[14.5101,46.2118],[14.5141,46.2162],[14.5169,46.2172],[14.5193,46.2163],[14.5214,46.2192],[14.5263,46.2172],[14.5301,46.2183],[14.5289,46.2197],[14.5326,46.2208],[14.532,46.2219],[14.5407,46.2277],[14.5423,46.2296],[14.5423,46.2325],[14.5478,46.2358],[14.551,46.2416],[14.56,46.2448],[14.5624,46.2432],[14.5648,46.2439],[14.5649,46.2457],[14.5685,46.2456],[14.5681,46.2469],[14.5644,46.2474],[14.566,46.2484],[14.5641,46.2486],[14.5641,46.2508],[14.5679,46.2529],[14.5668,46.2546],[14.5676,46.2558],[14.5741,46.2563],[14.5695,46.2612],[14.5649,46.2625],[14.5635,46.2664],[14.5613,46.2675],[14.5615,46.2689],[14.5654,46.2714],[14.559,46.2738],[14.549,46.2751],[14.5496,46.2794],[14.5535,46.2806],[14.5533,46.2839],[14.5521,46.2857],[14.5486,46.2868],[14.5475,46.2908],[14.5366,46.2999],[14.5366,46.3035],[14.5388,46.3065],[14.5425,46.3096],[14.5533,46.3149],[14.555,46.3192],[14.5506,46.3242],[14.5491,46.3223],[14.5406,46.3259],[14.5385,46.3287],[14.5376,46.3321],[14.54,46.333],[14.5416,46.3369],[14.5476,46.341],[14.5474,46.3441],[14.55,46.3464],[14.5465,46.3524],[14.5357,46.3576],[14.5401,46.3628],[14.5618,46.3638],[14.5652,46.3678],[14.5652,46.3725],[14.563,46.3725],[14.5569,46.3765],[14.5573,46.3776],[14.5559,46.3787],[14.5568,46.3852],[14.5507,46.3961],[14.5421,46.4036],[14.5405,46.4063],[14.5399,46.4116],[14.5362,46.4143],[14.5321,46.4146],[14.5221,46.4238],[14.5218,46.4273],[14.5113,46.4262],[14.5056,46.4242],[14.5032,46.4229],[14.5026,46.4203],[14.4975,46.4189],[14.4922,46.4129],[14.4844,46.4154],[14.4788,46.4135],[14.4783,46.4177],[14.4764,46.4198],[14.4668,46.422],[14.4579,46.4211],[14.4515,46.4225],[14.4468,46.4216],[14.4426,46.4231],[14.4415,46.4255],[14.4422,46.4281],[14.4351,46.4312],[14.4301,46.4361],[14.4321,46.4394],[14.4387,46.4408],[14.4384,46.4429],[14.4347,46.4428],[14.4296,46.447],[14.4235,46.4454],[14.4097,46.4464],[14.4089,46.4454],[14.3964,46.444],[14.3821,46.4391],[14.3684,46.4398],[14.3648,46.4382],[14.3565,46.4387],[14.352,46.4373],[14.3441,46.4374],[14.3322,46.4319],[14.3262,46.431],[14.3081,46.4306],[14.3016,46.4383],[14.2943,46.4394],[14.2832,46.4435],[14.2718,46.4417],[14.2645,46.4383],[14.2564,46.439],[14.2485,46.4345],[14.2372,46.4322],[14.227,46.4359],[14.2237,46.4406],[14.2193,46.4432],[14.2148,46.443],[14.2125,46.4399],[14.2077,46.4393],[14.1958,46.4411],[14.1911,46.4439],[14.1913,46.4422],[14.1893,46.4407],[14.1806,46.4383],[14.1765,46.434],[14.1632,46.4336],[14.1546,46.4357],[14.1525,46.4373],[14.1513,46.443],[14.1482,46.4431],[14.1421,46.4461],[14.135,46.451],[14.136,46.454],[14.1352,46.4586],[14.1283,46.4651],[14.1295,46.4664],[14.1244,46.472],[14.1204,46.4742],[14.1215,46.4766],[14.1057,46.4799],[14.1019,46.4789],[14.0993,46.4801],[14.0996,46.4819],[14.0946,46.4849],[14.0883,46.4854],[14.086,46.4866],[14.0705,46.4872],[14.0653,46.4895],[14.0584,46.49],[14.0507,46.4932],[14.0406,46.493],[14.036,46.4917],[14.032,46.4894],[14.031,46.4869],[14.026,46.486],[14.0244,46.4834],[14.0209,46.4816],[14.0065,46.4814],[13.9979,46.487],[13.9895,46.4883],[13.9888,46.4929],[13.9756,46.4983],[13.9697,46.4968],[13.9611,46.5007],[13.9598,46.5029],[13.9525,46.5063],[13.9525,46.5074],[13.9486,46.5081],[13.943,46.5115],[13.928,46.5138],[13.9231,46.5186],[13.912,46.5211],[13.9012,46.5188],[13.882,46.5228],[13.8788,46.5191],[13.8714,46.5192],[13.8624,46.5151],[13.8553,46.5139],[13.8379,46.516],[13.8343,46.5184],[13.8313,46.5187],[13.8286,46.5169],[13.8292,46.5153],[13.8271,46.5136],[13.8221,46.5127],[13.8208,46.5105],[13.8173,46.5101],[13.8122,46.5062],[13.8046,46.507],[13.7947,46.5053],[13.792,46.5079],[13.7897,46.5077],[13.7801,46.5121],[13.7781,46.5174],[13.7663,46.5145],[13.7541,46.518],[13.7374,46.5171],[13.7262,46.522],[13.7258,46.5231],[13.7141,46.523],[13.7171,46.5142],[13.7158,46.5098],[13.7166,46.5068],[13.7038,46.5016],[13.7025,46.4987],[13.7038,46.4979],[13.703,46.4958],[13.705,46.495],[13.7055,46.492],[13.7041,46.4909],[13.7031,46.4848],[13.7101,46.4818],[13.7072,46.4782],[13.7009,46.4744],[13.6994,46.4711],[13.6937,46.4679],[13.6937,46.4647],[13.6964,46.4626],[13.6988,46.4567],[13.6942,46.4495],[13.6937,46.4438],[13.6892,46.44],[13.6852,46.4395],[13.684,46.4375],[13.684,46.4343],[13.6804,46.4319],[13.68,46.4301],[13.6812,46.4285],[13.6787,46.4254],[13.6763,46.4245],[13.6812,46.4196],[13.6879,46.4229],[13.6931,46.4233],[13.6973,46.4256],[13.7055,46.4259],[13.7145,46.4296],[13.7168,46.4292],[13.7266,46.436],[13.739,46.4391],[13.7406,46.4361],[13.7466,46.4341],[13.7503,46.4275],[13.7541,46.4256],[13.7617,46.4236],[13.7697,46.4247],[13.7722,46.4223],[13.7785,46.4229],[13.7928,46.4163],[13.7923,46.414],[13.799,46.4136],[13.8009,46.41],[13.8069,46.4108],[13.8118,46.4099],[13.8138,46.4076],[13.8112,46.4046],[13.8135,46.4004],[13.8126,46.3981],[13.8163,46.3943],[13.8154,46.3905],[13.814,46.3899],[13.8145,46.3884],[13.8238,46.3813],[13.8271,46.3809],[13.8318,46.3827],[13.8358,46.3812],[13.8363,46.376],[13.8267,46.3644],[13.817,46.3617],[13.8154,46.3591],[13.8073,46.3599],[13.8025,46.3555],[13.7943,46.3568],[13.789,46.3554],[13.787,46.3527],[13.785,46.3539],[13.7849,46.3524],[13.7786,46.3478],[13.77,46.3459],[13.7638,46.3423],[13.7538,46.3417],[13.7507,46.3377],[13.7447,46.3374],[13.7443,46.3343],[13.7406,46.3327],[13.7421,46.3218],[13.7436,46.3217],[13.7462,46.316],[13.7456,46.3117],[13.7392,46.3066],[13.7324,46.3039],[13.7308,46.3008],[13.7256,46.299],[13.7247,46.2974],[13.7327,46.2924],[13.7316,46.291],[13.7323,46.2892],[13.7307,46.289],[13.7301,46.2866],[13.7314,46.2839],[13.7352,46.2815],[13.7355,46.2782],[13.7371,46.2762],[13.7399,46.2773],[13.7474,46.2728],[13.7544,46.2618],[13.7596,46.2601],[13.7688,46.2613],[13.7743,46.2589],[13.7762,46.2559],[13.7809,46.2542],[13.7823,46.2518],[13.8029,46.2445],[13.8079,46.2399],[13.8125,46.2383],[13.834,46.2386],[13.84,46.2357],[13.8437,46.2355],[13.8455,46.2329],[13.8531,46.2331],[13.8529,46.2314],[13.8597,46.2281],[13.8625,46.2295],[13.8652,46.2277],[13.8756,46.2259],[13.8854,46.2291],[13.8912,46.226],[13.8944,46.2257],[13.903,46.2304],[13.9085,46.2304],[13.9124,46.2289],[13.9165,46.2307],[13.9206,46.2297],[13.9362,46.2318],[13.9471,46.2316],[13.9538,46.2366],[13.9585,46.2373],[13.9666,46.2334],[13.9726,46.2348],[13.9792,46.2383],[13.9821,46.2371],[13.9932,46.2369],[14.0067,46.2296],[14.0063,46.2265],[14.0078,46.226],[14.0067,46.2205],[14.0085,46.2177],[14.0064,46.2173],[14.0044,46.2117],[14.0057,46.2098],[13.9957,46.2083],[13.9895,46.2007],[13.9882,46.193],[13.9895,46.1916],[13.9891,46.1877],[13.9855,46.1834],[13.9894,46.1805],[13.9859,46.18],[13.9867,46.1764],[13.9912,46.1759],[13.9901,46.1734],[14.0025,46.1693],[14.0078,46.1715],[14.0125,46.171],[14.0156,46.1728],[14.0255,46.169],[14.0305,46.1697],[14.0331,46.1718],[14.0396,46.1723],[14.0472,46.1688],[14.0516,46.1684],[14.0525,46.1696],[14.0589,46.1669],[14.0613,46.1678],[14.0625,46.1665],[14.066,46.1663],[14.0659,46.1649],[14.0694,46.1657],[14.0738,46.1655],[14.0741,46.1646],[14.0735,46.1559],[14.07,46.1523],[14.0693,46.1493],[14.0648,46.1468],[14.0618,46.1424],[14.0565,46.1396],[14.0559,46.135],[14.0583,46.1324],[14.0526,46.1304],[14.0442,46.1207],[14.0428,46.1166],[14.0434,46.1131],[14.03,46.107],[14.0279,46.1018],[14.0256,46.102],[14.0264,46.101],[14.0248,46.1009],[14.0209,46.0964],[14.0218,46.0925],[14.0186,46.092],[14.0179,46.0893],[14.0189,46.0841],[14.0223,46.0819],[14.0238,46.0798],[14.023,46.0772],[14.0268,46.0749],[14.0272,46.073],[14.0384,46.0688],[14.0394,46.0667],[14.0417,46.0656],[14.0467,46.0655],[14.0466,46.0642],[14.0545,46.062],[14.0563,46.0591],[14.0601,46.0591],[14.0592,46.058],[14.0621,46.0576],[14.0662,46.0531],[14.0769,46.0503],[14.0773,46.0489],[14.0756,46.047],[14.0794,46.0447],[14.0788,46.042],[14.0806,46.0418],[14.0812,46.0392],[14.0786,46.0395],[14.0784,46.038],[14.0861,46.0376],[14.082,46.0308],[14.0803,46.0307],[14.0792,46.0282],[14.0763,46.0267],[14.0832,46.0276],[14.0855,46.0329],[14.0884,46.0307],[14.0895,46.0327],[14.093,46.0344],[14.0993,46.036],[14.1021,46.0348],[14.1023,46.0336],[14.0989,46.0313],[14.1045,46.027],[14.1021,46.0248],[14.1026,46.0216],[14.1089,46.0173],[14.1056,46.0149],[14.1046,46.0127],[14.1058,46.0122],[14.1047,46.0114],[14.1119,46.012],[14.114,46.0091],[14.1159,46.0089],[14.1143,46.0082],[14.1149,46.0069],[14.1215,46.0084],[14.1218,46.0039],[14.1233,46.0053],[14.1335,46.0034],[14.1339,46.0045],[14.1402,46.0046]]]}},{"type":"Feature","properties":{"id":"10","name":"Primorsko-notranjska"},"geometry":{"type":"Polygon","coordinates":[[[14.0427,45.7615],[14.0431,45.7595],[14.0472,45.7565],[14.0458,45.7558],[14.0476,45.755],[14.0477,45.7536],[14.0501,45.752],[14.0511,45.7525],[14.0518,45.7511],[14.0555,45.7523],[14.0753,45.7491],[14.0793,45.7468],[14.0797,45.7454],[14.0872,45.7409],[14.0811,45.7383],[14.0846,45.7377],[14.0826,45.7354],[14.0826,45.7333],[14.086,45.7366],[14.0873,45.7358],[14.085,45.7329],[14.0859,45.7323],[14.0906,45.7322],[14.0921,45.7341],[14.0971,45.7329],[14.0944,45.7325],[14.0965,45.7313],[14.095,45.7304],[14.097,45.7289],[14.0962,45.728],[14.0936,45.7294],[14.0936,45.7285],[14.0924,45.7281],[14.093,45.7287],[14.0919,45.7295],[14.0879,45.7291],[14.0869,45.7275],[14.0947,45.7273],[14.0961,45.726],[14.0957,45.7267],[14.0985,45.7272],[14.0974,45.7255],[14.0953,45.7257],[14.0997,45.7154],[14.0981,45.7129],[14.0956,45.7089],[14.0864,45.7113],[14.0856,45.7096],[14.0822,45.7104],[14.083,45.7119],[14.0817,45.7124],[14.0801,45.7114],[14.0809,45.71],[14.0778,45.7095],[14.0795,45.7087],[14.0756,45.7055],[14.0753,45.7075],[14.073,45.7077],[14.0734,45.699],[14.0666,45.6927],[14.0694,45.6924],[14.0666,45.6845],[14.0709,45.6823],[14.078,45.6822],[14.0798,45.677],[14.0791,45.6748],[14.08,45.6746],[14.0774,45.671],[14.08,45.6712],[14.0771,45.6683],[14.0818,45.6666],[14.0769,45.6612],[14.0776,45.6597],[14.0744,45.6592],[14.0731,45.6564],[14.0737,45.6549],[14.0779,45.6548],[14.0874,45.6475],[14.0865,45.6464],[14.0878,45.645],[14.0867,45.6442],[14.0877,45.6431],[14.0872,45.6404],[14.0926,45.6371],[14.0924,45.6358],[14.0881,45.633],[14.0833,45.6314],[14.0893,45.6277],[14.0971,45.6251],[14.0958,45.6193],[14.0982,45.6127],[14.1076,45.6085],[14.1126,45.6086],[14.1155,45.6067],[14.1104,45.6035],[14.1079,45.5987],[14.1015,45.5932],[14.1,45.5923],[14.0962,45.5934],[14.0921,45.5885],[14.0944,45.5881],[14.0947,45.5868],[14.0923,45.5801],[14.0951,45.575],[14.0932,45.5707],[14.0984,45.5689],[14.0991,45.567],[14.1066,45.5727],[14.1183,45.5698],[14.1134,45.5653],[14.1116,45.5592],[14.1128,45.5559],[14.1121,45.5532],[14.1093,45.5506],[14.1062,45.5506],[14.1023,45.5476],[14.1006,45.5438],[14.1039,45.5386],[14.1013,45.5344],[14.1026,45.5326],[14.0997,45.5278],[14.0963,45.525],[14.0916,45.5235],[14.0907,45.5165],[14.0933,45.5182],[14.1046,45.5167],[14.1108,45.5082],[14.1151,45.5069],[14.1185,45.5117],[14.1244,45.514],[14.1229,45.5068],[14.1311,45.49],[14.1251,45.4917],[14.1275,45.4887],[14.1265,45.4844],[14.1182,45.4812],[14.1365,45.475],[14.1432,45.475],[14.1504,45.4801],[14.154,45.481],[14.1729,45.4796],[14.2076,45.4693],[14.2065,45.4785],[14.2093,45.4798],[14.2063,45.4821],[14.2105,45.489],[14.2122,45.4885],[14.2143,45.4925],[14.22,45.4934],[14.2233,45.5014],[14.2306,45.5047],[14.2373,45.5058],[14.245,45.5054],[14.2497,45.4975],[14.2551,45.4949],[14.2645,45.4828],[14.2679,45.4823],[14.2761,45.4892],[14.2864,45.4904],[14.291,45.4849],[14.306,45.4802],[14.3166,45.483],[14.32,45.4729],[14.3228,45.4704],[14.3282,45.4722],[14.3384,45.4796],[14.3421,45.4803],[14.3503,45.4856],[14.3609,45.484],[14.362,45.4852],[14.379,45.488],[14.387,45.4936],[14.3943,45.494],[14.4002,45.5008],[14.3984,45.5029],[14.4038,45.5048],[14.4079,45.5047],[14.4147,45.508],[14.4155,45.5099],[14.4215,45.509],[14.4225,45.5098],[14.4266,45.5085],[14.4276,45.5069],[14.4327,45.5097],[14.4358,45.5093],[14.4417,45.5165],[14.4576,45.5211],[14.4757,45.5338],[14.4898,45.5372],[14.4964,45.5467],[14.5005,45.5492],[14.4978,45.5517],[14.4994,45.5527],[14.4974,45.5594],[14.4979,45.5648],[14.5007,45.5671],[14.4991,45.5757],[14.5003,45.5776],[14.5018,45.5773],[14.5012,45.5791],[14.5052,45.5821],[14.5073,45.5892],[14.507,45.5943],[14.5013,45.6078],[14.5144,45.6071],[14.5177,45.6097],[14.5263,45.6102],[14.535,45.6139],[14.5454,45.6242],[14.5452,45.6252],[14.5482,45.6278],[14.5497,45.6327],[14.5581,45.6404],[14.5608,45.646],[14.5633,45.6472],[14.5679,45.6569],[14.5683,45.6619],[14.5672,45.6626],[14.5684,45.6678],[14.5694,45.6673],[14.5689,45.6708],[14.57,45.6729],[14.561,45.6747],[14.5596,45.6929],[14.5549,45.7006],[14.5516,45.7113],[14.5422,45.725],[14.5375,45.7395],[14.5479,45.7439],[14.5573,45.7342],[14.5641,45.7335],[14.5656,45.7356],[14.5683,45.7365],[14.5752,45.7373],[14.5766,45.7358],[14.579,45.7372],[14.5763,45.7378],[14.5767,45.7401],[14.5714,45.7443],[14.5709,45.7477],[14.5704,45.7467],[14.5691,45.7475],[14.5706,45.7483],[14.569,45.7513],[14.5655,45.7528],[14.5659,45.7569],[14.5675,45.7581],[14.5661,45.7602],[14.5707,45.7636],[14.5713,45.7667],[14.5687,45.7739],[14.5698,45.7773],[14.5676,45.7788],[14.5545,45.7787],[14.546,45.7852],[14.5474,45.7886],[14.5509,45.7874],[14.5542,45.7889],[14.5628,45.7886],[14.5649,45.7915],[14.5636,45.7946],[14.5605,45.7966],[14.5561,45.7971],[14.5511,45.7999],[14.5482,45.8081],[14.5497,45.8108],[14.5466,45.8138],[14.5353,45.8152],[14.532,45.8136],[14.5303,45.8144],[14.5288,45.8174],[14.5302,45.8189],[14.5286,45.8217],[14.5249,45.8237],[14.5239,45.8276],[14.5162,45.831],[14.5126,45.8359],[14.5109,45.8361],[14.5108,45.8376],[14.5055,45.8397],[14.5051,45.842],[14.5069,45.8417],[14.5085,45.8429],[14.5082,45.8448],[14.5051,45.8457],[14.502,45.85],[14.4976,45.851],[14.4969,45.854],[14.4985,45.8549],[14.4956,45.8579],[14.4969,45.8598],[14.4995,45.8592],[14.5017,45.8605],[14.5012,45.8629],[14.5029,45.8636],[14.5029,45.8699],[14.4985,45.871],[14.4984,45.8734],[14.501,45.8753],[14.4972,45.8762],[14.4957,45.8784],[14.4928,45.8787],[14.4907,45.8822],[14.4877,45.8813],[14.4863,45.8789],[14.481,45.8781],[14.4789,45.8749],[14.4735,45.8716],[14.4686,45.8716],[14.4672,45.8688],[14.4631,45.8722],[14.4599,45.8715],[14.4579,45.8727],[14.4508,45.8671],[14.4475,45.866],[14.4479,45.8649],[14.4455,45.862],[14.436,45.8593],[14.4311,45.8596],[14.4218,45.8676],[14.4191,45.8716],[14.4089,45.8727],[14.3995,45.8573],[14.3917,45.8593],[14.3923,45.8623],[14.3909,45.8657],[14.3858,45.8659],[14.3829,45.8695],[14.3795,45.8705],[14.378,45.8743],[14.3727,45.8773],[14.3711,45.8774],[14.3658,45.8706],[14.3635,45.87],[14.3628,45.8709],[14.3608,45.8695],[14.3545,45.8714],[14.3564,45.8725],[14.3561,45.8769],[14.355,45.88],[14.3507,45.8844],[14.3486,45.8841],[14.3489,45.8823],[14.3415,45.8792],[14.3252,45.8928],[14.318,45.8942],[14.3156,45.8927],[14.3115,45.8932],[14.3053,45.8887],[14.3005,45.8869],[14.302,45.8825],[14.2814,45.8524],[14.2801,45.8478],[14.2786,45.847],[14.2773,45.8497],[14.2721,45.853],[14.2706,45.8533],[14.2681,45.8514],[14.264,45.8531],[14.2593,45.8518],[14.2592,45.8536],[14.2634,45.8556],[14.2616,45.8565],[14.2568,45.8548],[14.2511,45.8491],[14.2491,45.8509],[14.25,45.8519],[14.2492,45.8531],[14.2455,45.8514],[14.2441,45.8529],[14.2446,45.8546],[14.2398,45.8558],[14.2408,45.8571],[14.2453,45.8575],[14.2442,45.86],[14.2402,45.8589],[14.2379,45.8598],[14.2363,45.8587],[14.2344,45.86],[14.2314,45.8584],[14.2277,45.8597],[14.2226,45.8583],[14.2209,45.8605],[14.2252,45.8627],[14.22,45.8673],[14.2157,45.8695],[14.2128,45.8696],[14.2092,45.8679],[14.2038,45.8706],[14.2007,45.8742],[14.1979,45.8754],[14.193,45.8748],[14.1909,45.8791],[14.1745,45.8742],[14.1615,45.8723],[14.1573,45.8723],[14.1497,45.8769],[14.1475,45.8766],[14.1386,45.8725],[14.1331,45.8733],[14.1294,45.8694],[14.1243,45.868],[14.1223,45.8644],[14.1155,45.8649],[14.1147,45.8634],[14.1107,45.8621],[14.0999,45.8511],[14.1028,45.849],[14.0497,45.8374],[14.0705,45.8128],[14.0671,45.7982],[14.0641,45.8042],[14.0563,45.7995],[14.0535,45.7824],[14.0546,45.7723],[14.0541,45.7707],[14.0474,45.7735],[14.0427,45.7615]]]}},{"type":"Feature","properties":{"id":"11","name":"Goriška"},"geometry":{"type":"Polygon","coordinates":[[[14.0427,45.7615],[14.0474,45.7735],[14.0541,45.7707],[14.0546,45.7723],[14.0535,45.7824],[14.0563,45.7995],[14.0641,45.8042],[14.0671,45.7982],[14.0705,45.8128],[14.0497,45.8374],[14.1028,45.849],[14.0999,45.8511],[14.1107,45.8621],[14.1147,45.8634],[14.1155,45.8649],[14.1223,45.8644],[14.1243,45.868],[14.1294,45.8694],[14.1241,45.8785],[14.1209,45.8962],[14.1119,45.9046],[14.1041,45.907],[14.1011,45.9101],[14.1023,45.9213],[14.0979,45.9304],[14.1005,45.9323],[14.103,45.932],[14.1025,45.9336],[14.1051,45.935],[14.1113,45.9361],[14.1104,45.938],[14.1119,45.9478],[14.1202,45.9517],[14.1197,45.9589],[14.1172,45.9624],[14.119,45.9676],[14.1155,45.968],[14.1097,45.9654],[14.1074,45.9668],[14.1083,45.9679],[14.1073,45.9725],[14.1118,45.9761],[14.1132,45.976],[14.1111,45.9802],[14.1243,45.9787],[14.1306,45.9807],[14.1308,45.9842],[14.1353,45.9887],[14.134,45.9908],[14.1345,45.9924],[14.1376,45.9938],[14.1415,45.9925],[14.1447,45.9934],[14.1449,45.9942],[14.1393,45.996],[14.1409,45.9973],[14.1393,45.9976],[14.1401,45.9994],[14.1434,46.0],[14.142,46.0013],[14.1428,46.0022],[14.1461,46.0028],[14.1453,46.004],[14.1431,46.0032],[14.1402,46.0046],[14.1339,46.0045],[14.1335,46.0034],[14.1233,46.0053],[14.1218,46.0039],[14.1215,46.0084],[14.1149,46.0069],[14.1143,46.0082],[14.1159,46.0089],[14.114,46.0091],[14.1119,46.012],[14.1047,46.0114],[14.1058,46.0122],[14.1046,46.0127],[14.1056,46.0149],[14.1089,46.0173],[14.1026,46.0216],[14.1021,46.0248],[14.1045,46.027],[14.0989,46.0313],[14.1023,46.0336],[14.1021,46.0348],[14.0993,46.036],[14.093,46.0344],[14.0895,46.0327],[14.0884,46.0307],[14.0855,46.0329],[14.0832,46.0276],[14.0763,46.0267],[14.0792,46.0282],[14.0803,46.0307],[14.082,46.0308],[14.0861,46.0376],[14.0784,46.038],[14.0786,46.0395],[14.0812,46.0392],[14.0806,46.0418],[14.0788,46.042],[14.0794,46.0447],[14.0756,46.047],[14.0773,46.0489],[14.0769,46.0503],[14.0662,46.0531],[14.0621,46.0576],[14.0592,46.058],[14.0601,46.0591],[14.0563,46.0591],[14.0545,46.062],[14.0466,46.0642],[14.0467,46.0655],[14.0417,46.0656],[14.0394,46.0667],[14.0384,46.0688],[14.0272,46.073],[14.0268,46.0749],[14.023,46.0772],[14.0238,46.0798],[14.0223,46.0819],[14.0189,46.0841],[14.0179,46.0893],[14.0186,46.092],[14.0218,46.0925],[14.0209,46.0964],[14.0248,46.1009],[14.0264,46.101],[14.0256,46.102],[14.0279,46.1018],[14.03,46.107],[14.0434,46.1131],[14.0428,46.1166],[14.0442,46.1207],[14.0526,46.1304],[14.0583,46.1324],[14.0559,46.135],[14.0565,46.1396],[14.0618,46.1424],[14.0648,46.1468],[14.0693,46.1493],[14.07,46.1523],[14.0735,46.1559],[14.0741,46.1646],[14.0738,46.1655],[14.0694,46.1657],[14.0659,46.1649],[14.066,46.1663],[14.0625,46.1665],[14.0613,46.1678],[14.0589,46.1669],[14.0525,46.1696],[14.0516,46.1684],[14.0472,46.1688],[14.0396,46.1723],[14.0331,46.1718],[14.0305,46.1697],[14.0255,46.169],[14.0156,46.1728],[14.0125,46.171],[14.0078,46.1715],[14.0025,46.1693],[13.9901,46.1734],[13.9912,46.1759],[13.9867,46.1764],[13.9859,46.18],[13.9894,46.1805],[13.9855,46.1834],[13.9891,46.1877],[13.9895,46.1916],[13.9882,46.193],[13.9895,46.2007],[13.9957,46.2083],[14.0057,46.2098],[14.0044,46.2117],[14.0064,46.2173],[14.0085,46.2177],[14.0067,46.2205],[14.0078,46.226],[14.0063,46.2265],[14.0067,46.2296],[13.9932,46.2369],[13.9821,46.2371],[13.9792,46.2383],[13.9726,46.2348],[13.9666,46.2334],[13.9585,46.2373],[13.9538,46.2366],[13.9471,46.2316],[13.9362,46.2318],[13.9206,46.2297],[13.9165,46.2307],[13.9124,46.2289],[13.9085,46.2304],[13.903,46.2304],[13.8944,46.2257],[13.8912,46.226],[13.8854,46.2291],[13.8756,46.2259],[13.8652,46.2277],[13.8625,46.2295],[13.8597,46.2281],[13.8529,46.2314],[13.8531,46.2331],[13.8455,46.2329],[13.8437,46.2355],[13.84,46.2357],[13.834,46.2386],[13.8125,46.2383],[13.8079,46.2399],[13.8029,46.2445],[13.7823,46.2518],[13.7809,46.2542],[13.7762,46.2559],[13.7743,46.2589],[13.7688,46.2613],[13.7596,46.2601],[13.7544,46.2618],[13.7474,46.2728],[13.7399,46.2773],[13.7371,46.2762],[13.7355,46.2782],[13.7352,46.2815],[13.7314,46.2839],[13.7301,46.2866],[13.7307,46.289],[13.7323,46.2892],[13.7316,46.291],[13.7327,46.2924],[13.7247,46.2974],[13.7256,46.299],[13.7308,46.3008],[13.7324,46.3039],[13.7392,46.3066],[13.7456,46.3117],[13.7462,46.316],[13.7436,46.3217],[13.7421,46.3218],[13.7406,46.3327],[13.7443,46.3343],[13.7447,46.3374],[13.7507,46.3377],[13.7538,46.3417],[13.7638,46.3423],[13.77,46.3459],[13.7786,46.3478],[13.7849,46.3524],[13.785,46.3539],[13.787,46.3527],[13.789,46.3554],[13.7943,46.3568],[13.8025,46.3555],[13.8073,46.3599],[13.8154,46.3591],[13.817,46.3617],[13.8267,46.3644],[13.8363,46.376],[13.8358,46.3812],[13.8318,46.3827],[13.8271,46.3809],[13.8238,46.3813],[13.8145,46.3884],[13.814,46.3899],[13.8154,46.3905],[13.8163,46.3943],[13.8126,46.3981],[13.8135,46.4004],[13.8112,46.4046],[13.8138,46.4076],[13.8118,46.4099],[13.8069,46.4108],[13.8009,46.41],[13.799,46.4136],[13.7923,46.414],[13.7928,46.4163],[13.7785,46.4229],[13.7722,46.4223],[13.7697,46.4247],[13.7617,46.4236],[13.7541,46.4256],[13.7503,46.4275],[13.7466,46.4341],[13.7406,46.4361],[13.739,46.4391],[13.7266,46.436],[13.7168,46.4292],[13.7145,46.4296],[13.7055,46.4259],[13.6973,46.4256],[13.6931,46.4233],[13.6879,46.4229],[13.6812,46.4196],[13.6763,46.4245],[13.6787,46.4254],[13.6812,46.4285],[13.68,46.4301],[13.6804,46.4319],[13.684,46.4343],[13.684,46.4375],[13.6764,46.4404],[13.6715,46.4396],[13.6651,46.4408],[13.6546,46.4395],[13.6535,46.4413],[13.6541,46.4437],[13.649,46.4467],[13.6419,46.444],[13.6369,46.4438],[13.6347,46.442],[13.6219,46.4427],[13.6163,46.4393],[13.6106,46.4417],[13.6071,46.4394],[13.6049,46.4401],[13.6003,46.4382],[13.5977,46.4394],[13.5916,46.4364],[13.5879,46.4316],[13.5849,46.4306],[13.5824,46.4311],[13.5822,46.429],[13.5786,46.4248],[13.578,46.4167],[13.5767,46.4142],[13.5779,46.4087],[13.5748,46.4085],[13.5733,46.4048],[13.5655,46.398],[13.5594,46.3986],[13.5536,46.3931],[13.5415,46.3915],[13.5387,46.3861],[13.5335,46.3854],[13.5275,46.3881],[13.5169,46.383],[13.518,46.3777],[13.5169,46.3768],[13.5089,46.3768],[13.4981,46.3708],[13.4889,46.3697],[13.4862,46.3705],[13.4817,46.3686],[13.476,46.3634],[13.4697,46.361],[13.4522,46.3631],[13.4387,46.36],[13.437,46.3543],[13.4424,46.3486],[13.4414,46.3465],[13.4442,46.3443],[13.4445,46.3402],[13.4494,46.3348],[13.4483,46.3311],[13.4439,46.3303],[13.4396,46.3227],[13.4367,46.3215],[13.4255,46.3225],[13.4159,46.3166],[13.4157,46.3098],[13.4179,46.3076],[13.4177,46.3055],[13.4065,46.3057],[13.4029,46.3001],[13.3755,46.2982],[13.3776,46.2914],[13.38,46.2889],[13.3865,46.2907],[13.3883,46.2856],[13.3924,46.2824],[13.3925,46.2698],[13.3948,46.2686],[13.3936,46.266],[13.3965,46.2619],[13.3958,46.2602],[13.3976,46.2594],[13.3965,46.2587],[13.3982,46.2571],[13.3973,46.2563],[13.3984,46.2535],[13.4019,46.2523],[13.4056,46.2438],[13.41,46.24],[13.4229,46.2345],[13.4213,46.2332],[13.4223,46.2311],[13.4179,46.2284],[13.4145,46.2287],[13.4113,46.2274],[13.4166,46.2227],[13.4151,46.2187],[13.4106,46.2173],[13.4091,46.2151],[13.4119,46.2127],[13.4107,46.2124],[13.4114,46.2118],[13.422,46.2089],[13.4233,46.2061],[13.4359,46.2114],[13.4462,46.2127],[13.4482,46.2162],[13.444,46.2254],[13.446,46.2258],[13.4568,46.2261],[13.4654,46.2236],[13.473,46.2252],[13.4849,46.2245],[13.4969,46.2218],[13.4994,46.2192],[13.4973,46.2174],[13.5029,46.2157],[13.5155,46.2149],[13.5219,46.2178],[13.5291,46.2189],[13.5295,46.2122],[13.5389,46.2136],[13.5455,46.2122],[13.5619,46.2042],[13.5614,46.1991],[13.5661,46.195],[13.565,46.1884],[13.567,46.1858],[13.5699,46.1872],[13.5713,46.1871],[13.5711,46.1856],[13.573,46.1842],[13.5756,46.186],[13.5779,46.1854],[13.5862,46.1906],[13.5872,46.189],[13.5921,46.1931],[13.5936,46.192],[13.5898,46.1883],[13.6127,46.1893],[13.6138,46.1871],[13.6115,46.1855],[13.6146,46.1843],[13.6336,46.1918],[13.6553,46.186],[13.6595,46.1836],[13.6667,46.174],[13.6622,46.1677],[13.6537,46.1613],[13.6535,46.1587],[13.6559,46.1548],[13.6546,46.154],[13.6548,46.1515],[13.6444,46.1376],[13.6391,46.1343],[13.6346,46.1348],[13.63,46.1318],[13.6286,46.1291],[13.6265,46.1288],[13.6238,46.1241],[13.619,46.1209],[13.6123,46.1187],[13.6117,46.1165],[13.6074,46.1162],[13.6013,46.1127],[13.602,46.1111],[13.5998,46.1101],[13.6002,46.1082],[13.5965,46.1069],[13.5964,46.1045],[13.5906,46.1028],[13.5876,46.1003],[13.5831,46.1005],[13.5827,46.0988],[13.58,46.0981],[13.5766,46.0945],[13.5728,46.0885],[13.5695,46.0892],[13.5665,46.0873],[13.562,46.0875],[13.5603,46.0856],[13.5542,46.0838],[13.5515,46.0845],[13.5503,46.0818],[13.5445,46.0831],[13.543,46.0819],[13.5425,46.0771],[13.5387,46.0765],[13.5378,46.0745],[13.5342,46.0728],[13.5334,46.0694],[13.5297,46.0702],[13.5302,46.0665],[13.5254,46.0675],[13.516,46.0623],[13.5091,46.0627],[13.5068,46.0604],[13.5027,46.0625],[13.4996,46.0592],[13.4965,46.0585],[13.4979,46.0516],[13.4963,46.0483],[13.5085,46.0459],[13.5081,46.0433],[13.5101,46.0421],[13.5086,46.0349],[13.5048,46.0305],[13.5043,46.0268],[13.4993,46.0215],[13.4969,46.0165],[13.4944,46.0146],[13.489,46.0149],[13.4796,46.0115],[13.481,46.0096],[13.4762,46.0061],[13.4798,46.0026],[13.4859,45.9996],[13.4884,45.9941],[13.5016,45.9805],[13.5137,45.9799],[13.5177,45.9749],[13.5214,45.973],[13.5264,45.9727],[13.528,45.9671],[13.5306,45.9662],[13.5423,45.9648],[13.5457,45.9657],[13.5481,45.97],[13.5517,45.9705],[13.5685,45.9687],[13.571,45.9727],[13.5757,45.9766],[13.5776,45.9832],[13.5856,45.9867],[13.5846,45.9884],[13.5889,45.9887],[13.5908,45.9901],[13.6033,45.9875],[13.6085,45.9843],[13.6153,45.9854],[13.6151,45.9843],[13.6184,45.9832],[13.6336,45.9891],[13.643,45.9829],[13.6394,45.9794],[13.6407,45.97],[13.638,45.9693],[13.6382,45.9652],[13.6329,45.9493],[13.638,45.9352],[13.6309,45.9298],[13.6267,45.9245],[13.6268,45.9221],[13.6245,45.9202],[13.6226,45.921],[13.618,45.9156],[13.6157,45.9077],[13.6131,45.9069],[13.6089,45.8992],[13.5961,45.895],[13.5956,45.8915],[13.593,45.8914],[13.5935,45.8903],[13.5865,45.8819],[13.5933,45.8747],[13.5872,45.8713],[13.5841,45.8674],[13.5799,45.8564],[13.5751,45.8533],[13.5767,45.851],[13.5751,45.8454],[13.5767,45.8433],[13.5744,45.8434],[13.5746,45.8423],[13.5886,45.8354],[13.5924,45.8234],[13.5971,45.8195],[13.6426,45.8197],[13.657,45.8158],[13.6716,45.816],[13.6725,45.817],[13.6737,45.8161],[13.6825,45.8161],[13.6895,45.8348],[13.6922,45.8362],[13.7024,45.8352],[13.7078,45.8401],[13.7142,45.8435],[13.7159,45.8433],[13.7154,45.8476],[13.7194,45.8569],[13.7158,45.8634],[13.7476,45.8568],[13.7519,45.8529],[13.765,45.8483],[13.7716,45.8411],[13.7768,45.8405],[13.7898,45.8338],[13.7944,45.8353],[13.7949,45.8342],[13.8106,45.8348],[13.8128,45.8377],[13.81,45.8421],[13.8148,45.8411],[13.8175,45.8418],[13.8193,45.8451],[13.8241,45.8431],[13.8266,45.8438],[13.8289,45.8406],[13.8331,45.839],[13.8373,45.8378],[13.8396,45.8385],[13.8373,45.8365],[13.8395,45.8363],[13.8413,45.8342],[13.8392,45.8336],[13.8445,45.8318],[13.8469,45.8282],[13.8501,45.8291],[13.8574,45.8257],[13.8648,45.8247],[13.8687,45.8261],[13.8718,45.824],[13.8734,45.8245],[13.874,45.8267],[13.8788,45.8261],[13.889,45.8297],[13.8919,45.829],[13.891,45.8243],[13.893,45.8253],[13.8978,45.8236],[13.8959,45.8224],[13.8977,45.8204],[13.896,45.8185],[13.8965,45.8176],[13.903,45.818],[13.9013,45.8144],[13.9061,45.8146],[13.9091,45.8094],[13.926,45.8007],[13.9291,45.797],[13.9331,45.7957],[13.9313,45.7947],[13.9336,45.793],[13.939,45.7925],[13.9509,45.7885],[13.9574,45.7894],[13.958,45.7867],[13.9636,45.7868],[13.9701,45.7814],[13.9849,45.7788],[13.9918,45.7746],[13.9942,45.7718],[14.0003,45.7697],[13.9961,45.7666],[13.9987,45.7647],[14.0045,45.7684],[14.005,45.77],[14.0063,45.7689],[14.0048,45.7678],[14.0053,45.766],[14.0067,45.7661],[14.0091,45.7705],[14.0106,45.7707],[14.0094,45.7715],[14.0102,45.7733],[14.0149,45.7714],[14.0183,45.773],[14.0268,45.7702],[14.0311,45.7656],[14.0427,45.7615]]]}},{"type":"Feature","properties":{"id":"12","name":"Obalno-kraška"},"geometry":{"type":"Polygon","coordinates":[[[14.1182,45.4812],[14.1265,45.4844],[14.1275,45.4887],[14.1251,45.4917],[14.1311,45.49],[14.1229,45.5068],[14.1244,45.514],[14.1185,45.5117],[14.1151,45.5069],[14.1108,45.5082],[14.1046,45.5167],[14.0933,45.5182],[14.0907,45.5165],[14.0916,45.5235],[14.0963,45.525],[14.0997,45.5278],[14.1026,45.5326],[14.1013,45.5344],[14.1039,45.5386],[14.1006,45.5438],[14.1023,45.5476],[14.1062,45.5506],[14.1093,45.5506],[14.1121,45.5532],[14.1128,45.5559],[14.1116,45.5592],[14.1134,45.5653],[14.1183,45.5698],[14.1066,45.5727],[14.0991,45.567],[14.0984,45.5689],[14.0932,45.5707],[14.0951,45.575],[14.0923,45.5801],[14.0947,45.5868],[14.0944,45.5881],[14.0921,45.5885],[14.0962,45.5934],[14.1,45.5923],[14.1015,45.5932],[14.1079,45.5987],[14.1104,45.6035],[14.1155,45.6067],[14.1126,45.6086],[14.1076,45.6085],[14.0982,45.6127],[14.0958,45.6193],[14.0971,45.6251],[14.0893,45.6277],[14.0833,45.6314],[14.0881,45.633],[14.0924,45.6358],[14.0926,45.6371],[14.0872,45.6404],[14.0877,45.6431],[14.0867,45.6442],[14.0878,45.645],[14.0865,45.6464],[14.0874,45.6475],[14.0779,45.6548],[14.0737,45.6549],[14.0731,45.6564],[14.0744,45.6592],[14.0776,45.6597],[14.0769,45.6612],[14.0818,45.6666],[14.0771,45.6683],[14.08,45.6712],[14.0774,45.671],[14.08,45.6746],[14.0791,45.6748],[14.0798,45.677],[14.078,45.6822],[14.0709,45.6823],[14.0666,45.6845],[14.0694,45.6924],[14.0666,45.6927],[14.0734,45.699],[14.073,45.7077],[14.0753,45.7075],[14.0756,45.7055],[14.0795,45.7087],[14.0778,45.7095],[14.0809,45.71],[14.0801,45.7114],[14.0817,45.7124],[14.083,45.7119],[14.0822,45.7104],[14.0856,45.7096],[14.0864,45.7113],[14.0956,45.7089],[14.0981,45.7129],[14.0997,45.7154],[14.0953,45.7257],[14.0974,45.7255],[14.0985,45.7272],[14.0957,45.7267],[14.0961,45.726],[14.0947,45.7273],[14.0869,45.7275],[14.0879,45.7291],[14.0919,45.7295],[14.093,45.7287],[14.0924,45.7281],[14.0936,45.7285],[14.0936,45.7294],[14.0962,45.728],[14.097,45.7289],[14.095,45.7304],[14.0965,45.7313],[14.0944,45.7325],[14.0971,45.7329],[14.0921,45.7341],[14.0906,45.7322],[14.0859,45.7323],[14.085,45.7329],[14.0873,45.7358],[14.086,45.7366],[14.0826,45.7333],[14.0826,45.7354],[14.0846,45.7377],[14.0811,45.7383],[14.0872,45.7409],[14.0797,45.7454],[14.0793,45.7468],[14.0753,45.7491],[14.0555,45.7523],[14.0518,45.7511],[14.0511,45.7525],[14.0501,45.752],[14.0477,45.7536],[14.0476,45.755],[14.0458,45.7558],[14.0472,45.7565],[14.0431,45.7595],[14.0427,45.7615],[14.0311,45.7656],[14.0268,45.7702],[14.0183,45.773],[14.0149,45.7714],[14.0102,45.7733],[14.0094,45.7715],[14.0106,45.7707],[14.0091,45.7705],[14.0067,45.7661],[14.0053,45.766],[14.0048,45.7678],[14.0063,45.7689],[14.005,45.77],[14.0045,45.7684],[13.9987,45.7647],[13.9961,45.7666],[14.0003,45.7697],[13.9942,45.7718],[13.9918,45.7746],[13.9849,45.7788],[13.9701,45.7814],[13.9636,45.7868],[13.958,45.7867],[13.9574,45.7894],[13.9509,45.7885],[13.939,45.7925],[13.9336,45.793],[13.9313,45.7947],[13.9331,45.7957],[13.9291,45.797],[13.926,45.8007],[13.9091,45.8094],[13.9061,45.8146],[13.9013,45.8144],[13.903,45.818],[13.8965,45.8176],[13.896,45.8185],[13.8977,45.8204],[13.8959,45.8224],[13.8978,45.8236],[13.893,45.8253],[13.891,45.8243],[13.8919,45.829],[13.889,45.8297],[13.8788,45.8261],[13.874,45.8267],[13.8734,45.8245],[13.8718,45.824],[13.8687,45.8261],[13.8648,45.8247],[13.8574,45.8257],[13.8501,45.8291],[13.8469,45.8282],[13.8445,45.8318],[13.8392,45.8336],[13.8413,45.8342],[13.8395,45.8363],[13.8373,45.8365],[13.8396,45.8385],[13.8373,45.8378],[13.8331,45.839],[13.8289,45.8406],[13.8266,45.8438],[13.8241,45.8431],[13.8193,45.8451],[13.8175,45.8418],[13.8148,45.8411],[13.81,45.8421],[13.8128,45.8377],[13.8106,45.8348],[13.7949,45.8342],[13.7944,45.8353],[13.7898,45.8338],[13.7768,45.8405],[13.7716,45.8411],[13.765,45.8483],[13.7519,45.8529],[13.7476,45.8568],[13.7158,45.8634],[13.7194,45.8569],[13.7154,45.8476],[13.7159,45.8433],[13.7142,45.8435],[13.7078,45.8401],[13.7024,45.8352],[13.6922,45.8362],[13.6895,45.8348],[13.6825,45.8161],[13.6737,45.8161],[13.6725,45.817],[13.6716,45.816],[13.657,45.8158],[13.6426,45.8197],[13.5971,45.8195],[13.5962,45.8115],[13.5973,45.8107],[13.5962,45.8106],[13.5959,45.8081],[13.6041,45.804],[13.6141,45.8031],[13.6238,45.8002],[13.6241,45.796],[13.6375,45.8014],[13.6377,45.7981],[13.6581,45.8004],[13.6694,45.7997],[13.6746,45.7906],[13.6793,45.7942],[13.71,45.774],[13.7351,45.7635],[13.7374,45.7618],[13.7335,45.761],[13.7355,45.7596],[13.7385,45.7597],[13.7459,45.7553],[13.7623,45.7562],[13.7655,45.7526],[13.7656,45.7509],[13.7842,45.7483],[13.7944,45.7441],[13.7997,45.7404],[13.805,45.7297],[13.8108,45.7233],[13.8263,45.7147],[13.8339,45.7072],[13.8359,45.6979],[13.8322,45.6957],[13.8312,45.6929],[13.8336,45.6871],[13.8451,45.6807],[13.8576,45.6659],[13.8712,45.6561],[13.893,45.645],[13.9031,45.6426],[13.9187,45.6335],[13.9183,45.6312],[13.9011,45.6222],[13.8943,45.6202],[13.8898,45.6165],[13.8776,45.611],[13.869,45.6093],[13.868,45.6016],[13.8654,45.5964],[13.8602,45.5954],[13.8534,45.5921],[13.8507,45.5891],[13.8511,45.5847],[13.8487,45.5851],[13.8496,45.5847],[13.8391,45.5822],[13.8101,45.5809],[13.7985,45.5827],[13.7871,45.5828],[13.781,45.584],[13.7686,45.589],[13.7684,45.5901],[13.7649,45.5901],[13.7469,45.5979],[13.7228,45.5947],[13.7233,45.5925],[13.7196,45.5907],[13.711,45.5936],[13.7045,45.5923],[13.7032,45.59],[13.7066,45.5875],[13.7085,45.5875],[13.7129,45.5843],[13.7238,45.5818],[13.7256,45.5797],[13.7294,45.5801],[13.7341,45.5743],[13.7407,45.5738],[13.7427,45.5719],[13.7419,45.5711],[13.7437,45.5719],[13.7468,45.5684],[13.7463,45.5644],[13.735,45.5645],[13.7326,45.559],[13.7407,45.5592],[13.7413,45.5577],[13.7319,45.5574],[13.73,45.5529],[13.7386,45.5531],[13.7387,45.5523],[13.734,45.5505],[13.7278,45.5506],[13.7228,45.5489],[13.7221,45.5484],[13.7245,45.5488],[13.7238,45.5481],[13.7254,45.547],[13.7197,45.5427],[13.7104,45.5468],[13.6911,45.5482],[13.6781,45.5451],[13.675,45.542],[13.6688,45.5388],[13.6645,45.5398],[13.6645,45.5415],[13.663,45.5422],[13.656,45.5417],[13.6564,45.5394],[13.6552,45.5392],[13.6562,45.5387],[13.6542,45.5374],[13.657,45.5389],[13.6588,45.5368],[13.6579,45.5358],[13.6541,45.5341],[13.6555,45.5351],[13.6553,45.5353],[13.654,45.5346],[13.6546,45.5361],[13.6521,45.5355],[13.6521,45.5353],[13.6538,45.5354],[13.6522,45.5349],[13.6522,45.5346],[13.6538,45.5348],[13.6522,45.5343],[13.6522,45.5341],[13.6538,45.5342],[13.6535,45.5334],[13.65,45.5342],[13.6518,45.5346],[13.6518,45.5348],[13.65,45.5347],[13.6518,45.5351],[13.6518,45.5354],[13.6499,45.5352],[13.6499,45.5358],[13.6539,45.5365],[13.6498,45.536],[13.6497,45.534],[13.6466,45.5339],[13.6443,45.5318],[13.6392,45.5333],[13.6298,45.5335],[13.6226,45.5359],[13.6167,45.5398],[13.6135,45.54],[13.6108,45.5375],[13.602,45.537],[13.6004,45.531],[13.6037,45.528],[13.6019,45.531],[13.6052,45.5323],[13.6075,45.5312],[13.6074,45.5288],[13.6031,45.5279],[13.5999,45.5253],[13.5929,45.5264],[13.581,45.5252],[13.5735,45.5287],[13.5631,45.5304],[13.567,45.5274],[13.5663,45.5262],[13.5681,45.528],[13.5687,45.5265],[13.5676,45.5255],[13.5668,45.5262],[13.5664,45.5211],[13.5688,45.5167],[13.572,45.5143],[13.573,45.5137],[13.5739,45.5142],[13.573,45.5148],[13.5777,45.516],[13.5838,45.5131],[13.5928,45.5133],[13.594,45.5118],[13.5932,45.5089],[13.5949,45.508],[13.5946,45.5055],[13.5952,45.5054],[13.595,45.5069],[13.5967,45.5068],[13.5969,45.5051],[13.5955,45.5052],[13.5943,45.5028],[13.5885,45.5027],[13.5844,45.4981],[13.5889,45.4949],[13.5881,45.493],[13.5903,45.4923],[13.5924,45.4889],[13.5929,45.4833],[13.5897,45.4792],[13.5884,45.48],[13.5856,45.4784],[13.5914,45.4737],[13.6008,45.4678],[13.6087,45.4649],[13.6275,45.4626],[13.6301,45.4611],[13.6417,45.4596],[13.65,45.4568],[13.6525,45.4534],[13.6614,45.4518],[13.6644,45.4472],[13.6675,45.4471],[13.6754,45.4425],[13.6777,45.4432],[13.6766,45.4445],[13.6819,45.4444],[13.6851,45.4459],[13.6852,45.4472],[13.6893,45.4483],[13.6959,45.4524],[13.697,45.4541],[13.7018,45.4542],[13.7029,45.4564],[13.707,45.4574],[13.7081,45.4567],[13.7066,45.4554],[13.7082,45.4524],[13.723,45.4562],[13.7252,45.4556],[13.7243,45.459],[13.7264,45.4599],[13.7312,45.4588],[13.7398,45.4614],[13.7508,45.4605],[13.759,45.4622],[13.766,45.4672],[13.7695,45.4649],[13.7735,45.4656],[13.7764,45.4639],[13.7809,45.4664],[13.7862,45.4664],[13.7977,45.4627],[13.8074,45.4569],[13.808,45.455],[13.8049,45.4517],[13.805,45.4461],[13.8029,45.4441],[13.8142,45.441],[13.8149,45.4343],[13.8266,45.4355],[13.8388,45.4346],[13.8509,45.4326],[13.8509,45.4311],[13.8553,45.4286],[13.8544,45.4257],[13.8617,45.428],[13.8638,45.4263],[13.8644,45.4275],[13.8768,45.4268],[13.8776,45.4251],[13.8785,45.4254],[13.8778,45.4268],[13.8871,45.4259],[13.8871,45.4298],[13.8927,45.4379],[13.8978,45.4383],[13.8973,45.4418],[13.9074,45.4468],[13.91,45.4493],[13.9092,45.4512],[13.9147,45.4536],[13.9237,45.4522],[13.9258,45.4525],[13.9258,45.4539],[13.9441,45.4542],[13.9467,45.4565],[13.957,45.4556],[13.9707,45.4476],[13.9726,45.4501],[13.9849,45.456],[13.9854,45.4584],[13.9872,45.459],[13.9853,45.4616],[13.9867,45.4666],[13.9849,45.4686],[13.988,45.4704],[13.9904,45.4701],[13.9968,45.4723],[13.99,45.4797],[13.987,45.481],[13.9863,45.4824],[13.9925,45.4824],[13.9841,45.4896],[13.9769,45.4938],[13.9656,45.4962],[13.9622,45.506],[13.9659,45.5083],[13.9682,45.5118],[13.9744,45.5149],[13.9784,45.5148],[13.9876,45.5097],[14.0019,45.5081],[13.9976,45.514],[13.9976,45.5161],[14.002,45.5201],[14.011,45.5199],[14.0267,45.5109],[14.0307,45.5067],[14.0422,45.4989],[14.0495,45.4986],[14.0556,45.4941],[14.0593,45.4937],[14.0691,45.4878],[14.0709,45.4853],[14.0918,45.4818],[14.1049,45.4828],[14.1182,45.4812]]]}}]}